player,team,season,career_matches,runs,wickets,batting_sr,bowling_econ,fantasy_points,predicted_next_runs,predicted_next_wickets,predicted_next_fantasy_points
AC Gilchrist,Australia,2007/08,120,581,0,99.65694682675816,0.0,1359,323.7,0.0,909.0
KC Sangakkara,Sri Lanka,2014/15,293,1383,0,92.07723035952064,0.0,2800,446.3,0.0,869.8
CD McMillan,New Zealand,2006/07,48,557,10,89.69404186795491,5.610619469026549,1371,320.2,5.2,811.9
MJ Mason,New Zealand,2009/10,20,2,1,200.0,6.59016393442623,47,47.6,6.2,754.8
Q de Kock,South Africa,2023/24,153,763,0,99.0909090909091,0.0,1679,367.4,0.0,744.7
CS MacLeod,Scotland,2022,62,686,1,83.65853658536585,3.737704918032787,1486,317.0,1.1,722.3
SB Styris,New Zealand,2010/11,109,427,9,81.48854961832062,4.6415094339622645,1094,312.0,5.4,688.7
SM Pollock,South Africa,2007/08,97,240,10,85.71428571428571,2.940711462450593,1039,265.5,9.1,680.2
Shahid Afridi,Pakistan,2014/15,205,412,17,142.06896551724137,4.317226890756303,1607,154.0,8.4,663.6
DA Warner,Australia,2023/24,155,884,0,113.33333333333331,0.0,1841,349.2,0.1,628.2
PJ Ongondo,Kenya,2010/11,33,6,1,200.0,5.560975609756098,61,59.6,7.9,623.6
TM Head,Australia,2024,67,248,5,119.23076923076924,5.043478260869565,699,302.2,4.8,620.5
Misbah-ul-Haq,Pakistan,2014/15,143,528,0,70.87248322147651,0.0,853,293.3,0.0,615.9
Shoriful Islam,Bangladesh,2024/25,31,15,0,187.5,7.902439024390244,40,70.2,3.2,593.2
BM Duckett,England,2024,16,305,0,107.3943661971831,0.0,555,314.9,0.2,591.2
SP Fleming,New Zealand,2006/07,66,853,0,73.6614853195164,0.0,1642,292.1,0.0,590.8
Sabbir Rahman,Bangladesh,2019,61,121,0,82.31292517006803,6.857142857142857,267,230.1,1.0,588.9
Mahmudullah,Bangladesh,2024/25,209,196,0,95.14563106796116,0.0,364,296.4,0.3,586.5
RR Rossouw,South Africa,2016/17,38,311,0,99.36102236421723,0.0,581,286.1,0.1,575.8
HC Brook,England,2024,19,312,0,124.8,0.0,612,316.6,0.4,571.0
DPMD Jayawardene,Sri Lanka,2014/15,269,713,0,90.36755386565272,2.7272727272727275,1347,292.6,1.1,563.8
C Munro,New Zealand,2019,53,103,0,97.16981132075472,6.857142857142857,190,247.1,1.9,562.7
Imrul Kayes,Bangladesh,2018/19,74,353,0,89.82188295165395,0.0,646,291.7,0.1,559.8
Mohammed Shami,India,2023/24,98,10,30,50.0,4.944723618090452,1001,21.0,9.7,557.8
IR Bell,England,2014/15,157,503,0,86.42611683848797,0.0,884,296.6,0.0,557.2
GD McGrath,Australia,2006/07,65,10,49,47.61904761904761,3.9421128798842258,1884,20.6,13.0,549.1
M Muralitharan,Sri Lanka,2010/11,124,11,18,183.3333333333333,3.878048780487805,740,30.7,12.5,546.7
JP Duminy,South Africa,2019,189,70,1,93.33333333333331,6.109090909090909,167,191.2,1.5,544.3
CK Coventry,Zimbabwe,2015,25,10,0,125.0,0.0,24,305.9,0.6,543.0
N Pooran,West Indies,2023,54,350,0,113.2686084142395,0.0,678,260.5,0.2,543.0
PR Stirling,Ireland,2024/25,105,95,0,93.1372549019608,0.0,181,304.2,0.1,542.7
H Masakadza,Zimbabwe,2019,156,54,0,46.55172413793103,4.666666666666667,86,219.2,2.5,542.0
MG Erasmus,Namibia,2024,49,279,6,84.29003021148036,4.547008547008547,798,217.3,4.7,540.7
BB McCullum,New Zealand,2015/16,204,174,0,185.1063829787234,0.0,401,249.9,0.1,536.6
Shoaib Malik,Pakistan,2019,220,53,2,101.92307692307692,5.576470588235295,167,154.8,5.1,535.2
NJ O'Brien,Ireland,2017/18,64,231,0,90.234375,0.0,611,277.6,0.0,534.4
IJL Trott,England,2013,66,440,0,85.43689320388349,0.0,710,291.8,0.1,533.3
MS Dhoni,India,2019,323,245,0,91.4179104477612,0.0,473,276.2,0.1,531.1
L Ronchi,New Zealand,2017,81,182,0,120.52980132450332,0.0,437,251.1,0.0,530.6
TP Ura,Papua New Guinea,2023,51,136,0,98.55072463768116,0.0,250,246.9,0.1,529.7
TM Dilshan,Sri Lanka,2016,271,74,0,71.15384615384616,5.461538461538462,172,211.5,2.1,528.3
E Lewis,West Indies,2024/25,53,284,0,112.25296442687748,0.0,588,261.5,0.1,528.0
AB de Villiers,South Africa,2017/18,217,258,0,140.2173913043478,0.0,528,251.2,0.1,527.5
GJ Delany,Ireland,2023,18,74,3,121.31147540983606,5.274725274725275,281,378.3,4.1,527.1
JD Ryder,New Zealand,2013/14,40,262,1,125.96153846153844,3.25,540,247.1,2.3,526.7
H Klaasen,South Africa,2024/25,53,264,0,122.7906976744186,0.0,530,268.4,0.1,522.4
SM Curran,England,2024/25,34,129,0,79.62962962962963,6.625,207,217.2,2.4,522.3
Soumya Sarkar,Bangladesh,2024/25,65,94,1,96.90721649484536,10.0,213,210.3,2.1,521.6
Fakhar Zaman,Pakistan,2023/24,78,220,0,120.87912087912088,0.0,500,262.6,0.1,520.8
Imam-ul-Haq,Pakistan,2023/24,65,145,0,91.19496855345912,0.0,253,256.6,0.1,517.8
HG Munsey,Scotland,2024,51,161,0,126.77165354330708,0.0,323,253.4,0.1,516.4
BRM Taylor,Zimbabwe,2021,161,154,0,81.05263157894737,0.0,272,276.1,0.0,515.5
BJ McMullen,Scotland,2024/25,26,167,6,92.7777777777778,4.134146341463415,573,129.1,5.2,515.5
SO Hetmyer,West Indies,2024/25,46,24,0,184.6153846153846,0.0,58,364.5,0.4,515.0
R Powell,West Indies,2023,48,34,0,141.66666666666669,0.0,65,369.3,0.3,514.8
BA Stokes,England,2023/24,109,304,0,87.60806916426513,0.0,609,269.8,0.0,514.2
SR Thompson,Ireland,2017,13,4,0,133.33333333333331,6.133333333333334,22,65.5,4.9,513.9
F du Plessis,South Africa,2019,138,387,0,88.558352402746,0.0,720,264.7,0.0,513.1
KS Williamson,New Zealand,2023/24,161,256,0,92.4187725631769,0.0,474,295.4,0.1,511.3
MJ Clarke,Australia,2014/15,208,230,0,90.9090909090909,0.0,412,270.5,0.0,509.1
ME Trescothick,England,2006,61,412,0,85.47717842323651,0.0,749,261.2,0.1,508.8
BM Scholtz,Namibia,2024,49,67,8,97.10144927536231,3.724137931034483,502,66.2,8.2,508.7
MJ Guptill,New Zealand,2022,190,305,0,79.63446475195822,0.0,606,266.4,0.0,508.7
KM Jadhav,India,2019/20,66,100,0,98.0392156862745,11.0,188,242.3,1.7,508.6
P Nissanka,Sri Lanka,2024/25,53,172,0,97.72727272727272,0.0,348,269.4,0.0,507.2
Mohammad Rizwan,Pakistan,2024/25,78,264,0,80.0,0.0,602,256.2,0.0,506.2
AJ Strauss,England,2010/11,113,513,0,87.24489795918367,0.0,941,267.2,0.0,505.9
JM Bairstow,England,2023/24,102,213,0,87.65432098765432,0.0,408,272.2,0.0,505.3
DJ Malan,England,2023/24,29,372,0,99.2,0.0,754,250.9,0.0,505.2
BKG Mendis,Sri Lanka,2024/25,127,347,0,103.27380952380952,0.0,721,249.4,0.0,504.9
SD Hope,West Indies,2024/25,121,266,0,84.98402555910543,0.0,514,264.2,0.0,504.3
CH Gayle,West Indies,2019,200,322,1,89.19667590027701,4.551724137931035,688,217.1,1.0,503.5
BA King,West Indies,2024/25,45,291,0,81.05849582172702,0.0,589,256.6,0.1,502.2
WA Young,New Zealand,2024/25,36,236,0,86.13138686131386,0.0,437,261.4,0.0,502.2
RW Chakabva,Zimbabwe,2022,52,235,0,82.74647887323944,0.0,439,258.4,0.0,501.8
MDKJ Perera,Sri Lanka,2023/24,107,149,0,97.38562091503267,0.0,324,261.3,0.0,500.9
JJ Roy,England,2022/23,112,317,0,90.57142857142856,0.0,654,264.3,0.0,500.6
MS Chapman,New Zealand,2024/25,23,250,0,94.6969696969697,0.0,468,266.4,0.1,499.6
DR Martyn,Australia,2006/07,75,316,0,64.62167689161554,0.0,566,235.3,0.0,499.6
JC Buttler,England,2023/24,169,190,0,102.1505376344086,0.0,417,259.0,0.0,499.4
AT Carey,Australia,2024,73,164,0,101.23456790123456,0.0,308,256.8,0.0,499.2
WIA Fernando,Sri Lanka,2024/25,46,236,0,76.8729641693811,0.0,462,258.8,0.0,497.3
M van Lingen,Namibia,2024,37,377,0,94.48621553884712,0.0,779,250.8,0.0,497.2
KJ Coetzer,Scotland,2022/23,63,141,0,81.5028901734104,0.0,295,253.2,0.0,495.8
MJ Prior,England,2010/11,62,216,0,86.05577689243027,0.0,520,236.3,0.0,494.3
D Heyliger,Canada,2024,16,151,16,105.5944055944056,4.051546391752577,876,104.8,7.9,491.5
AJ Finch,Australia,2022,140,151,0,72.24880382775119,0.0,296,274.0,0.0,491.3
DM de Silva,Sri Lanka,2023/24,80,126,0,78.75,6.8769230769230765,285,203.6,0.7,488.3
SC Williams,Zimbabwe,2024/25,130,78,2,90.69767441860463,3.4375,226,214.3,6.7,488.1
J Charles,West Indies,2023,59,261,0,92.5531914893617,0.0,551,255.2,0.0,487.8
EC Joyce,Ireland,2017/18,60,273,0,73.98373983739837,0.0,468,254.0,0.2,487.5
ML Hayden,Australia,2007/08,98,634,0,80.15170670037926,0.0,1168,262.4,0.0,486.6
PD Salt,England,2024/25,26,151,0,76.26262626262627,0.0,249,241.5,0.1,486.2
JE Root,England,2023/24,161,265,0,88.62876254180601,7.783783783783783,434,241.2,0.6,484.9
JDS Neesham,New Zealand,2023/24,75,58,2,116.0,10.314606741573034,180,189.9,4.7,484.8
DL Vettori,New Zealand,2014/15,154,143,16,106.71641791044776,4.282208588957055,1075,82.1,7.4,484.3
MG Johnson,Australia,2014/15,146,71,23,109.23076923076924,4.29126213592233,972,36.1,8.7,484.0
RA Jadeja,India,2023/24,196,171,19,98.27586206896552,4.549253731343283,1056,72.0,6.2,483.2
HN Ya France,Namibia,2023,22,62,4,77.5,3.569230769230769,279,89.9,5.7,483.0
PHKD Mendis,Sri Lanka,2024/25,17,154,0,81.48148148148148,8.0,300,180.3,0.8,482.6
PD Collingwood,England,2010/11,153,114,5,97.43589743589745,4.075862068965517,431,152.6,4.0,482.0
Nazmul Hossain Shanto,Bangladesh,2023/24,41,398,0,88.44444444444444,5.210526315789474,758,224.0,0.7,481.4
KA Maharaj,South Africa,2023/24,42,79,21,62.20472440944882,4.187576126674786,1004,38.1,7.8,481.0
SE Bond,New Zealand,2009/10,60,81,19,84.375,4.524193548387097,912,34.3,7.5,480.2
T Taibu,Zimbabwe,2011/12,104,155,0,69.81981981981981,0.0,249,271.4,0.0,479.9
Ali Khan,United States of America,2023,15,16,19,100.0,4.373684210526315,686,20.2,10.4,479.5
PA Patel,India,2011/12,30,127,0,78.39506172839506,0.0,304,239.9,0.0,479.1
KM Jarvis,Zimbabwe,2019,41,69,11,94.52054794520548,3.820971867007672,577,58.1,8.0,478.1
AM Rahane,India,2017/18,87,384,0,78.04878048780488,0.0,670,247.7,0.0,477.7
UT Khawaja,Australia,2019,38,301,0,87.5,0.0,519,251.0,0.0,477.3
Shakeel Ahmed,Oman,2024/25,7,2,13,5.263157894736842,2.0672268907563027,490,54.0,10.8,477.2
BJ Haddin,Australia,2014/15,117,228,0,121.92513368983956,0.0,604,219.5,0.0,475.9
Wahab Riaz,Pakistan,2020/21,89,60,5,96.7741935483871,4.926829268292683,294,106.3,5.3,474.3
GC Wilson,Ireland,2019,59,54,0,69.23076923076923,0.0,104,217.9,0.0,474.1
BC Lara,West Indies,2006/07,68,712,0,78.32783278327832,0.0,1261,240.0,0.0,473.0
Mushfiqur Rahim,Bangladesh,2023/24,235,384,0,80.3347280334728,0.0,790,242.5,0.1,472.9
Wasim Akram,Pakistan,2002/03,5,71,12,98.61111111111111,3.267515923566879,591,89.9,9.0,472.2
LE Plunkett,England,2019,84,62,19,151.21951219512195,4.88135593220339,771,33.9,10.7,471.4
Mohammad Hafeez,Pakistan,2019,207,293,2,92.72151898734175,5.952569169960475,664,214.4,2.9,470.9
Yuvraj Singh,India,2017,219,162,0,88.52459016393442,5.0,286,222.4,0.8,470.8
Babar Azam,Pakistan,2024/25,116,228,0,74.02597402597402,0.0,382,251.8,0.1,470.7
A Nortje,South Africa,2023/24,21,10,0,76.92307692307693,11.6,18,101.9,2.7,470.2
MJ Henry,New Zealand,2024/25,81,13,9,144.44444444444443,3.43421052631579,334,39.0,11.3,469.6
MJ McClenaghan,New Zealand,2015/16,46,31,6,163.1578947368421,3.75,278,41.9,7.9,469.1
KMDN Kulasekara,Sri Lanka,2017,178,5,0,100.0,7.578947368421053,23,113.2,5.5,468.5
BFW de Leede,Netherlands,2024/25,42,135,1,63.67924528301887,2.938775510204082,299,212.1,1.4,468.2
Mominul Haque,Bangladesh,2018,22,5,0,125.0,0.0,9,230.8,0.4,468.2
RP Arnold,Sri Lanka,2006/07,56,213,3,75.26501766784452,4.45945945945946,428,193.9,2.3,468.1
JO Holder,West Indies,2023,127,144,6,87.8048780487805,4.875,546,152.2,5.2,467.4
SE Rutherford,West Indies,2024/25,11,425,2,119.04761904761904,8.066666666666666,935,221.6,3.3,467.1
DW Steyn,South Africa,2018/19,126,67,16,63.8095238095238,3.8194130925507914,722,42.3,8.7,465.9
AC Voges,Australia,2013/14,30,149,1,83.24022346368714,5.25,278,184.8,1.3,463.0
RG Sharma,India,2024,259,157,0,138.93805309734512,5.5,345,194.3,4.7,462.5
Shakib Al Hasan,Bangladesh,2023/24,210,172,6,81.9047619047619,5.416413373860182,587,165.2,5.3,462.5
AT Rayudu,India,2018/19,51,464,0,84.05797101449275,6.5,828,244.6,0.8,462.0
SM Ervine,Zimbabwe,2003/04,23,157,16,106.08108108108108,4.74446680080483,846,102.2,7.6,458.2
Nizakat Khan,Hong Kong,2018,15,105,0,80.76923076923077,15.0,201,193.7,1.5,458.2
LRPL Taylor,New Zealand,2021/22,217,26,0,57.77777777777777,0.0,60,218.3,1.2,456.6
HJH Marshall,New Zealand,2006/07,39,115,0,70.1219512195122,0.0,216,240.5,0.0,456.5
Mehedi Hasan Miraz,Bangladesh,2024/25,88,152,1,82.16216216216216,6.289655172413793,351,194.5,2.2,456.1
Shaheen Shah Afridi,Pakistan,2024/25,52,40,15,108.10810810810813,4.62111801242236,593,45.0,10.4,455.9
MS Wade,Australia,2021,90,90,0,69.23076923076923,0.0,146,211.8,0.1,455.8
J Botha,South Africa,2011/12,73,34,3,94.44444444444444,3.612244897959184,243,75.2,6.7,455.1
JD Campbell,West Indies,2019,5,179,0,127.85714285714285,0.0,363,200.6,0.2,454.7
AR Patel,India,2024,59,79,4,72.47706422018348,3.8620689655172415,317,133.8,4.8,453.9
Rohan Mustafa,United Arab Emirates,2023,75,189,13,59.43396226415094,4.537067545304778,855,86.8,6.2,452.4
JM Anderson,England,2014/15,177,14,11,77.77777777777779,4.583690987124463,512,24.7,9.4,452.2
LMP Simmons,West Indies,2014/15,66,173,0,98.29545454545456,12.0,344,213.5,0.6,451.3
GD Elliott,New Zealand,2015/16,72,113,3,76.35135135135135,4.983050847457627,325,172.8,3.8,450.8
SA Yadav,India,2023/24,39,236,0,116.25615763546796,8.5,450,213.1,2.2,449.8
OA Shah,England,2009/10,56,145,0,81.46067415730337,11.0,256,196.9,1.5,449.6
CRD Fernando,Sri Lanka,2011/12,84,0,7,0.0,4.86144578313253,301,27.1,8.4,448.1
AG Cremer,Zimbabwe,2017/18,67,88,13,58.66666666666666,3.996116504854369,664,55.0,6.8,446.8
WTS Porterfield,Ireland,2021/22,90,26,0,63.41463414634146,0.0,58,183.9,1.2,446.3
WP Masakadza,Zimbabwe,2023/24,32,75,1,83.33333333333334,4.578947368421053,173,141.9,2.4,446.2
Abdul Razzaq,Pakistan,2011/12,115,17,2,44.73684210526316,3.515151515151515,123,51.0,6.6,446.1
JN Loftie-Eaton,Namibia,2024,36,120,5,83.33333333333334,8.64516129032258,396,149.2,5.4,446.0
SR Tendulkar,India,2011/12,144,315,0,78.94736842105263,7.199999999999999,574,223.0,0.6,446.0
IK Pathan,India,2012,98,76,8,92.6829268292683,4.505836575875486,426,59.0,7.0,445.2
JJ Smit,Namibia,2024,38,237,3,69.50146627565982,4.568181818181818,525,196.6,2.6,444.7
Naeem Islam,Bangladesh,2013/14,51,209,0,72.82229965156795,9.5,347,212.2,1.4,444.0
CD Collymore,West Indies,2006/07,37,31,14,63.26530612244898,3.7233502538071055,742,31.4,9.4,443.7
DT Johnston,Ireland,2013,33,54,3,84.375,4.27906976744186,274,109.4,5.2,443.1
SL Malinga,Sri Lanka,2019,209,13,13,61.90476190476191,4.973493975903614,511,25.5,9.8,442.8
JN Frylinck,Namibia,2024,35,203,0,71.2280701754386,4.552941176470588,386,203.0,0.8,442.2
CR Woakes,England,2023/24,117,122,10,90.37037037037037,4.861736334405144,599,99.6,6.4,441.1
C Green,Australia,2024,28,74,2,88.09523809523809,5.64179104477612,205,124.7,4.1,440.6
LV van Beek,Netherlands,2023/24,32,138,11,78.4090909090909,6.192118226600985,629,142.0,5.2,440.4
DJ Willey,England,2023/24,71,78,11,113.04347826086956,4.796178343949045,558,56.1,7.7,440.2
IDR Bradshaw,West Indies,2006/07,49,50,16,47.61904761904761,3.870329670329671,859,31.0,9.6,439.5
MS Atapattu,Sri Lanka,2006/07,65,274,0,66.99266503667481,0.0,414,216.4,0.7,438.5
I Sharma,India,2015/16,77,0,9,0.0,5.666666666666667,322,19.2,8.2,437.2
SR Patel,England,2012/13,33,75,1,115.38461538461536,5.819548872180451,205,112.2,2.9,437.1
SR Watson,Australia,2015,162,71,2,95.94594594594594,4.918032786885246,187,162.9,4.7,436.4
Zeeshan Maqsood,Oman,2024,46,146,3,49.65986394557823,3.697297297297297,379,165.3,3.4,436.1
A Flintoff,England,2008/09,80,117,10,90.69767441860463,4.803234501347709,623,92.9,6.4,435.9
R Ravindra,New Zealand,2024/25,26,125,0,112.61261261261262,0.0,231,188.6,0.2,435.0
RL Chase,West Indies,2024/25,45,75,5,83.33333333333334,5.140540540540541,402,45.7,3.6,434.9
DJG Sammy,West Indies,2014/15,120,311,4,88.85714285714286,5.664233576642336,831,200.1,2.4,434.7
Junaid Khan,Pakistan,2019,73,0,2,0.0,7.513513513513513,82,26.5,5.5,433.6
MA Starc,Australia,2024/25,124,3,3,18.75,3.837209302325581,134,36.9,9.7,432.9
Kaleem Sana,Canada,2024,15,39,13,92.85714285714286,3.422818791946309,622,46.6,10.8,432.5
NW Bracken,Australia,2009,100,3,9,21.428571428571427,3.7420494699646647,510,18.8,8.2,432.0
M Theekshana,Sri Lanka,2024/25,41,44,13,58.66666666666666,4.132450331125828,541,49.6,9.4,431.9
GB Hogg,Australia,2007/08,95,85,21,61.59420289855072,4.397905759162303,949,41.1,7.0,431.8
Aaron Jones,United States of America,2024/25,47,26,0,130.0,0.0,54,293.5,1.2,431.3
R Ashwin,India,2023/24,114,0,4,0.0,4.518518518518518,170,31.7,8.3,430.5
SW Tait,Australia,2010/11,34,0,16,0.0,4.055666003976143,638,15.5,10.1,430.5
A Vala,Papua New Guinea,2023,56,147,2,60.245901639344254,4.0,349,187.3,3.6,430.3
HT Tector,Ireland,2024/25,40,92,0,104.54545454545456,0.0,166,301.9,0.0,430.2
G Motie,West Indies,2024/25,22,94,11,100.0,4.680244399185336,681,62.0,6.6,430.1
MM Patel,India,2011,66,0,10,0.0,5.342939481268012,390,15.8,8.6,429.6
SC Ganguly,India,2007/08,74,216,1,70.12987012987013,5.719626168224299,430,212.1,1.4,429.5
WU Tharanga,Sri Lanka,2018/19,209,15,0,55.55555555555556,0.0,32,181.2,1.4,429.4
Rameez Shahzad,United Arab Emirates,2023,26,244,0,68.73239436619718,3.6,410,217.0,0.7,429.2
GJ Bailey,Australia,2016/17,86,154,0,68.44444444444444,0.0,293,246.4,0.0,429.2
MD Shanaka,Sri Lanka,2023/24,62,95,0,82.6086956521739,5.2,189,253.4,2.0,428.9
RG Aga,Kenya,2013/14,7,101,1,117.44186046511628,5.012658227848101,236,172.6,2.5,428.6
JJ Bumrah,India,2023/24,87,23,20,56.09756097560976,4.09478672985782,828,20.2,11.7,428.6
KD Mills,New Zealand,2014/15,131,31,5,129.16666666666669,4.558139534883721,304,42.8,6.2,427.6
Sohail Tanvir,Pakistan,2014/15,59,52,4,108.33333333333331,4.855670103092783,273,104.9,5.3,427.4
KMA Paul,West Indies,2023,29,54,9,125.5813953488372,4.905405405405405,468,63.0,8.1,427.2
TS Kamunhukamwe,Zimbabwe,2023/24,12,37,0,148.0,0.0,65,191.8,0.3,427.2
JM Vince,England,2022/23,26,136,0,70.10309278350515,0.0,224,230.1,0.0,426.8
AK Markram,South Africa,2024/25,69,75,0,66.96428571428571,4.5,168,155.4,2.0,426.4
CJA Amini,Papua New Guinea,2023,45,91,0,68.42105263157895,7.783783783783783,155,162.8,1.6,426.2
Kuldeep Yadav,India,2024,102,15,4,21.73913043478261,3.348066298342541,177,43.4,6.8,425.8
Sharjeel Khan,Pakistan,2016/17,24,366,0,113.66459627329192,0.0,722,206.4,0.1,425.0
RW Price,Zimbabwe,2011/12,78,47,2,83.92857142857143,5.112328767123287,263,90.3,5.4,424.8
JC Tredwell,England,2014/15,43,51,4,82.25806451612904,4.661870503597122,279,106.7,5.6,424.3
MJ Santner,New Zealand,2024/25,105,37,5,68.51851851851852,4.117647058823529,336,56.4,6.2,424.2
Shaiman Anwar,United Arab Emirates,2019,30,85,1,80.18867924528303,5.454545454545455,171,161.4,2.3,423.9
AAP Atkinson,England,2023/24,9,61,10,117.3076923076923,5.754266211604096,461,44.0,7.0,423.9
MW Forde,West Indies,2024/25,8,23,8,209.0909090909091,4.190954773869347,327,26.6,9.7,423.2
P Kumar,India,2011/12,67,33,12,97.05882352941175,5.148264984227129,595,33.4,9.6,422.4
AR Cusack,Ireland,2014/15,29,26,8,68.42105263157895,4.0067796610169495,373,31.9,7.7,421.8
Aamir Kaleem,Oman,2024/25,7,34,6,66.66666666666666,2.571428571428572,332,64.8,7.6,421.2
AD Hales,England,2018/19,65,117,0,85.40145985401459,0.0,232,239.9,0.0,420.9
A Flower,Zimbabwe,2002/03,7,332,0,70.33898305084746,0.0,514,226.1,0.2,420.9
Mohammad Amir,Pakistan,2019/20,59,0,4,0.0,3.7009345794392527,145,21.3,9.4,420.9
MA Wood,England,2023/24,62,67,4,152.27272727272728,6.280575539568345,309,88.1,6.1,420.7
MP Vaughan,England,2006/07,57,252,3,66.14173228346458,3.8796992481203008,603,200.5,2.0,419.0
Haris Rauf,Pakistan,2024/25,42,6,13,120.0,4.630985915492958,512,21.8,9.9,418.3
SW Billings,England,2022/23,29,95,0,81.19658119658119,0.0,163,261.8,0.1,418.2
Habibul Bashar,Bangladesh,2007,51,43,0,46.73913043478261,0.0,54,331.1,0.9,417.8
PA Nixon,England,2006/07,19,297,0,84.61538461538461,0.0,657,186.7,0.0,417.5
BG Rogers,Zimbabwe,2004/05,8,199,5,67.45762711864407,6.509803921568627,511,127.3,4.1,417.0
R Dravid,India,2011,120,124,0,77.01863354037268,0.0,178,241.9,0.1,416.9
AD Mathews,Sri Lanka,2023/24,211,28,6,51.85185185185185,4.461538461538462,254,48.7,6.6,416.8
B Lee,Australia,2012,153,76,3,101.33333333333334,5.176470588235294,267,169.8,4.7,416.7
DP Conway,New Zealand,2023/24,30,352,0,96.7032967032967,0.0,735,206.2,0.0,415.9
JA Rudolph,South Africa,2005/06,27,156,0,57.99256505576208,0.0,236,217.8,0.4,415.6
LS Livingstone,England,2024/25,34,178,2,116.33986928104576,6.6000000000000005,418,163.4,4.0,415.1
V Kohli,India,2024,286,58,0,84.05797101449275,0.0,104,164.4,0.1,415.0
Kaleemullah,Oman,2024,45,16,7,66.66666666666666,3.6893203883495143,374,31.8,9.0,414.4
MEK Hussey,Australia,2012,156,131,0,83.43949044585987,5.142857142857142,215,221.3,1.8,413.9
CJ Anderson,New Zealand,2017,47,62,5,78.48101265822784,5.541984732824428,271,97.0,5.0,412.8
HM Amla,South Africa,2019,175,162,0,68.64406779661016,0.0,270,238.3,0.0,412.6
Rumman Raees,Pakistan,2017/18,9,27,12,108.0,5.871121718377089,504,22.7,7.4,412.6
CR Ervine,Zimbabwe,2024/25,92,75,0,68.18181818181817,0.0,121,152.5,0.5,412.5
CR Brathwaite,West Indies,2019,38,156,8,97.5,6.754966887417218,590,145.7,5.4,412.2
WPUJC Vaas,Sri Lanka,2008,94,60,7,56.60377358490566,4.131428571428572,400,61.2,6.7,412.1
MR Marsh,Australia,2024,90,122,1,79.22077922077922,5.76923076923077,251,204.0,2.2,412.1
Inzamam-ul-Haq,Pakistan,2006/07,63,190,0,55.072463768115945,0.0,357,231.0,0.1,412.0
T Maruma,Zimbabwe,2019,17,39,0,162.5,0.0,109,315.0,0.1,411.7
JWA Taylor,England,2015/16,25,149,0,85.63218390804597,0.0,257,215.5,0.1,411.5
Saad Bin Zafar,Canada,2024,19,85,11,83.33333333333334,4.017505470459518,574,56.3,6.8,411.5
DR Smith,West Indies,2014/15,86,365,1,87.52997601918466,7.605633802816901,734,203.5,0.7,410.9
Agha Salman,Pakistan,2024/25,26,209,11,92.88888888888889,4.980237154150198,732,120.8,6.3,410.3
TG Southee,New Zealand,2023/24,153,16,7,76.19047619047619,7.619999999999999,257,28.1,7.2,409.9
M Kartik,India,2007/08,23,37,9,75.51020408163265,4.570680628272251,458,41.8,8.1,409.5
KU Carty,West Indies,2024/25,32,422,0,91.34199134199136,0.0,754,215.9,0.1,409.4
A Mishra,India,2016/17,32,15,12,71.42857142857143,4.627306273062731,440,21.6,8.4,409.3
JA Morkel,South Africa,2011/12,51,103,0,100.0,5.577464788732394,230,184.9,0.9,409.0
Umar Akmal,Pakistan,2018/19,112,150,0,86.70520231213872,0.0,212,251.2,0.1,408.9
RS Bopara,England,2014/15,115,242,0,70.96774193548387,5.672727272727273,398,214.3,0.8,408.6
G Gambhir,India,2012/13,137,161,0,63.888888888888886,0.0,265,225.0,0.1,408.5
Anamul Haque,Bangladesh,2023/24,46,94,0,84.68468468468468,0.0,186,245.0,0.0,408.5
WD Parnell,South Africa,2022/23,73,56,4,90.32258064516128,5.036789297658863,303,92.1,5.3,408.4
R Shepherd,West Indies,2024/25,34,4,6,200.0,5.626459143968871,258,31.6,10.5,407.6
DJ Hussey,Australia,2012/13,64,128,0,96.96969696969695,4.8,230,198.1,1.8,406.9
RN ten Doeschate,Netherlands,2010/11,14,307,6,88.72832369942196,5.631901840490797,811,146.4,3.9,406.5
KIC Asalanka,Sri Lanka,2024/25,56,202,4,105.20833333333331,5.666666666666667,554,138.9,3.1,406.2
Tamim Iqbal,Bangladesh,2023,215,134,0,74.86033519553072,0.0,218,235.4,0.1,405.7
Junaid Siddique,United Arab Emirates,2024/25,98,15,6,65.21739130434783,2.8125,256,34.9,8.1,405.2
PWH de Silva,Sri Lanka,2024/25,55,51,7,113.33333333333331,5.142857142857143,355,67.1,7.2,405.2
Sarfraz Ahmed,Pakistan,2021,110,13,0,100.0,0.0,49,204.3,0.8,405.1
R Gunasekera,Canada,2013/14,13,54,0,70.12987012987013,0.0,97,184.6,0.1,404.8
LL Tsotsobe,South Africa,2013/14,60,21,11,43.75,3.756,549,24.0,8.9,404.8
KA Pollard,West Indies,2021/22,114,73,1,77.6595744680851,3.0,170,181.9,1.6,404.5
DC Thomas,West Indies,2012/13,21,111,0,59.04255319148937,0.0,259,143.1,0.0,404.0
Pargat Singh,Canada,2024,17,325,3,74.03189066059225,4.392857142857142,668,157.8,3.8,403.9
MS Sinclair,New Zealand,2007/08,16,122,0,91.72932330827066,0.0,208,177.9,0.1,403.8
WB Rankin,Ireland,2019/20,47,14,2,33.33333333333333,3.283018867924528,121,48.4,7.0,402.4
LH Ferguson,New Zealand,2023/24,62,7,7,77.77777777777779,5.709342560553633,300,19.6,7.6,402.1
A Symonds,Australia,2009,121,82,4,73.87387387387388,5.119266055045872,282,144.8,4.3,401.9
G Singh,United States of America,2023,31,397,5,84.64818763326227,5.346534653465347,903,149.6,2.6,401.5
Umar Gul,Pakistan,2016,118,6,6,200.0,5.533678756476684,246,39.0,10.7,401.0
N Pradeep,Sri Lanka,2021/22,47,5,4,250.0,6.0,153,40.3,7.3,400.8
Sikandar Raza,Zimbabwe,2024/25,119,72,4,72.72727272727273,4.742857142857143,251,148.2,5.0,400.6
Zahoor Khan,United Arab Emirates,2023/24,60,3,4,27.27272727272727,3.882352941176471,159,21.0,8.5,400.6
AG Wharf,England,2004/05,12,3,11,75.0,3.828793774319066,410,18.1,9.0,400.5
Waseem Muhammad,United Arab Emirates,2024/25,56,75,0,62.5,0.0,122,141.6,0.5,400.4
TJ Murtagh,Ireland,2019,31,24,10,61.53846153846154,4.3988764044943816,439,24.9,7.5,399.6
AD Russell,West Indies,2019,55,36,5,120.0,4.462809917355371,237,55.5,5.6,399.5
CK Langeveldt,South Africa,2010/11,61,4,7,200.0,5.603305785123967,281,36.1,9.4,399.0
CD Wallace,Scotland,2022,25,92,0,85.18518518518519,0.0,180,229.6,0.0,398.4
Salman Butt,Pakistan,2010,63,74,0,83.14606741573034,0.0,127,160.9,0.1,398.1
Aarif Sheikh,Nepal,2024/25,50,72,1,128.57142857142858,3.647058823529412,190,136.5,2.1,397.9
S Chanderpaul,West Indies,2010/11,108,130,0,52.20883534136546,0.0,168,212.3,0.2,397.9
NK Patel,United States of America,2023,38,67,13,51.14503816793893,4.371607515657621,619,46.0,8.6,396.8
JR Hopes,Australia,2010/11,81,0,0,0.0,8.0,20,51.9,3.4,396.3
J Little,Ireland,2023/24,33,0,7,0.0,4.630434782608695,239,15.4,7.6,394.9
HMRKB Herath,Sri Lanka,2014/15,64,16,11,47.05882352941176,4.587570621468927,507,19.5,8.6,394.9
Yasir Shah,Pakistan,2019,25,0,1,0.0,8.571428571428571,35,20.6,6.4,394.6
MD Patel,United States of America,2024/25,54,119,0,87.5,0.0,204,258.8,0.1,394.5
MA Leask,Scotland,2024/25,68,47,0,162.06896551724137,5.0,109,160.5,3.6,394.2
KOA Powell,West Indies,2018/19,41,104,0,80.62015503875969,0.0,199,219.8,0.0,392.4
MK Pandey,India,2021,29,74,0,80.43478260869566,0.0,130,156.8,0.1,392.3
GS Ballance,Zimbabwe,2022/23,20,157,0,79.69543147208121,0.0,289,196.0,0.0,392.0
D Langford-Smith,Ireland,2006/07,10,67,7,91.78082191780824,3.698823529411765,479,53.5,7.1,391.4
SK Raina,India,2018,216,47,0,69.11764705882352,5.720930232558139,89,185.6,1.6,391.0
PW Borren,Netherlands,2013/14,19,89,0,167.9245283018868,4.56,206,148.1,4.8,390.3
Imran Tahir,South Africa,2019,103,11,7,68.75,4.973493975903614,326,21.3,7.5,389.9
P Utseya,Zimbabwe,2015,117,21,3,80.76923076923077,5.04,188,54.4,5.5,389.5
LE Bosman,South Africa,2009/10,12,97,0,138.57142857142856,0.0,191,175.0,0.2,388.4
SS Cottrell,West Indies,2021,34,4,3,22.22222222222222,4.918032786885246,124,19.2,9.3,387.4
JM How,New Zealand,2010/11,35,116,0,46.774193548387096,0.0,240,168.5,0.1,387.2
Harbhajan Singh,India,2015/16,148,42,6,93.33333333333331,5.06938775510204,289,68.6,6.2,387.0
Aqib Ilyas,Oman,2024,31,230,3,57.78894472361809,5.403141361256544,515,190.2,3.6,386.6
MF Maharoof,Sri Lanka,2016,87,71,2,110.9375,6.111627906976744,246,124.7,5.1,385.7
Iftikhar Ahmed,Pakistan,2023/24,24,102,4,104.08163265306123,5.198473282442748,388,111.1,4.0,385.6
Mashrafe Mortaza,Bangladesh,2019/20,175,1,4,25.0,5.866666666666666,155,32.5,6.4,385.5
Towhid Hridoy,Bangladesh,2023/24,22,330,0,81.08108108108108,12.0,520,202.1,0.5,385.4
SA Edwards,Netherlands,2024/25,51,87,0,74.35897435897436,0.0,191,225.9,0.0,383.7
JN Gillespie,Australia,2005,38,1,8,33.33333333333333,4.244372990353698,336,15.8,8.2,383.6
RE van der Merwe,Netherlands,2024/25,30,17,7,45.94594594594595,3.264705882352941,309,30.8,9.1,383.4
Afif Hossain,Bangladesh,2024/25,27,67,1,76.13636363636364,6.2,146,146.7,2.4,382.4
AS Joseph,West Indies,2024/25,69,1,12,25.0,5.396449704142012,451,17.1,8.3,382.4
DM Richards,West Indies,2010,8,157,0,73.70892018779342,0.0,299,206.3,0.0,382.4
CL Cairns,New Zealand,2005/06,34,49,5,100.0,5.25,279,71.2,5.4,382.0
IG Holland,United States of America,2022/23,15,62,8,75.60975609756098,4.08955223880597,379,68.4,7.8,381.7
Z Khan,India,2012,128,2,4,50.0,4.5,222,28.4,7.7,381.3
HE van der Dussen,South Africa,2024/25,62,104,0,68.87417218543047,0.0,189,215.7,0.0,380.9
MN Samuels,West Indies,2018/19,149,134,3,61.46788990825688,6.216867469879518,319,194.0,3.7,380.9
Rubel Hossain,Bangladesh,2020/21,95,4,3,14.285714285714285,5.438848920863309,127,31.3,7.0,380.8
JDF Vandersay,Sri Lanka,2024/25,27,0,4,0.0,4.75977653631285,163,17.1,7.5,380.7
Karan KC,Nepal,2024/25,53,5,2,100.0,2.363636363636364,88,45.0,7.2,380.5
ID Blackwell,England,2005/06,22,67,6,71.27659574468085,3.790178571428571,454,59.2,6.3,380.2
MD Dai,Papua New Guinea,2017/18,10,143,3,71.5,3.78688524590164,430,116.6,3.4,380.1
Ishan Kishan,India,2023/24,24,49,0,102.08333333333331,0.0,90,252.2,0.2,379.8
RT Ponting,Australia,2011/12,194,102,0,59.30232558139535,0.0,192,193.3,0.2,379.3
Shadab Khan,Pakistan,2023/24,65,81,2,95.2941176470588,6.198895027624309,275,143.4,3.4,379.1
M Morkel,South Africa,2017/18,113,22,2,84.61538461538461,4.895397489539748,184,65.6,5.7,378.7
TK Curran,England,2021,28,0,4,0.0,3.737704918032787,148,19.4,8.8,378.6
CAK Rajitha,Sri Lanka,2023/24,27,47,7,88.67924528301887,6.811475409836066,347,60.4,6.8,378.5
Danish Kaneria,Pakistan,2006/07,13,6,2,150.0,6.666666666666667,97,40.0,7.0,377.8
IS Sodhi,New Zealand,2024/25,51,9,1,64.28571428571429,5.017241379310345,99,65.5,4.1,377.6
Khawar Ali,Oman,2022,32,131,11,53.46938775510204,4.416464891041162,627,102.3,6.8,377.4
H Thaker,Canada,2024,19,255,6,65.89147286821705,4.08,688,114.5,4.5,377.0
EJG Morgan,England,2022,218,0,0,0.0,0.0,-6,191.3,1.0,377.0
AL Phehlukwayo,South Africa,2024/25,81,30,4,57.692307692307686,4.7172413793103445,196,44.9,5.8,375.5
AN Cook,England,2014/15,92,119,0,66.4804469273743,0.0,205,220.9,0.0,375.5
NM Coulter-Nile,Australia,2019,32,98,4,124.0506329113924,6.050420168067228,362,130.3,5.1,375.1
S Dhawan,India,2022/23,163,146,0,66.36363636363637,0.0,274,218.1,0.0,375.1
Nazmul Hossain,Bangladesh,2011/12,26,0,5,0.0,4.0,191,25.1,8.0,374.2
TLW Cooper,Netherlands,2022/23,18,77,0,81.91489361702128,6.0,145,127.2,1.9,373.9
RP Burl,Zimbabwe,2023/24,38,78,0,51.65562913907284,9.818181818181818,137,193.8,1.9,373.9
MH Yardy,England,2010/11,27,156,7,76.09756097560975,5.545081967213115,617,120.7,4.8,373.9
A Kumble,India,2006/07,27,8,8,23.52941176470588,4.310077519379845,384,17.7,7.7,373.7
CH Morris,South Africa,2019,40,74,10,117.46031746031748,5.488636363636364,516,49.4,5.8,373.4
Mahbubul Alam,Bangladesh,2009,5,59,6,134.0909090909091,7.08,307,77.7,7.3,373.2
DDP D'Silva,United Arab Emirates,2019/20,6,53,6,43.08943089430895,3.278350515463917,334,126.8,6.1,373.0
CA Soper,Papua New Guinea,2023,50,26,6,50.98039215686274,4.009478672985782,280,33.8,6.5,372.6
Mohammad Saifuddin,Bangladesh,2021,28,60,7,71.42857142857143,6.151515151515151,318,60.8,6.2,372.3
Naseem Shah,Pakistan,2024/25,18,54,10,91.52542372881356,5.4423076923076925,449,43.0,6.7,372.0
RD Berrington,Scotland,2024/25,81,45,0,60.810810810810814,0.0,85,189.5,0.2,371.9
JM Davison,Canada,2010/11,16,33,5,76.74418604651163,5.518867924528301,284,48.4,5.0,371.9
Avesh Khan,India,2023/24,8,10,6,90.9090909090909,4.32,235,23.2,6.8,370.8
OF Smith,West Indies,2023,9,37,3,154.16666666666669,3.78,184,53.0,5.5,370.8
CA Young,Ireland,2024/25,40,41,7,128.125,5.514450867052023,328,56.3,6.6,370.7
LB Williams,South Africa,2024/25,7,15,11,75.0,4.538461538461538,377,23.1,9.7,370.0
ES Szwarczynski,Netherlands,2013/14,12,132,0,61.11111111111112,0.0,224,246.5,0.1,369.0
SV Samson,India,2023/24,15,120,0,86.33093525179856,0.0,220,184.4,0.1,368.6
JL Denly,England,2019/20,14,153,0,81.38297872340425,6.833333333333333,279,220.8,1.6,368.4
TD Paine,Australia,2018,34,36,0,73.46938775510205,0.0,128,169.6,0.1,368.2
C Campher,Ireland,2024/25,34,71,1,81.60919540229885,5.833333333333333,168,132.3,2.4,367.9
GJ Hopkins,New Zealand,2010/11,18,33,0,103.125,0.0,77,260.5,0.2,367.9
BJ Currie,Scotland,2024/25,9,1,8,12.5,3.69811320754717,280,17.0,9.3,367.5
AG Prince,South Africa,2006/07,40,148,0,78.3068783068783,1.5,277,154.5,0.1,367.1
NJ Astle,New Zealand,2006/07,43,200,0,67.56756756756756,4.975609756097561,389,169.3,0.7,366.7
TA Boult,New Zealand,2023/24,111,21,12,84.0,5.389635316698657,556,19.8,7.7,366.4
A Dutt,Netherlands,2024/25,44,10,4,28.57142857142857,3.44,226,26.5,7.6,366.4
Sompal Kami,Nepal,2024/25,55,46,4,170.37037037037038,4.2105263157894735,230,90.4,6.1,365.8
KJ Abbott,South Africa,2016/17,27,0,6,0.0,4.888888888888889,191,15.7,8.1,364.6
B Muzarabani,Zimbabwe,2024/25,42,11,3,78.57142857142857,4.752000000000001,148,32.8,7.3,364.1
NR Kirton,Canada,2024,17,169,1,111.1842105263158,3.25,389,143.8,2.4,363.9
A Balbirnie,Ireland,2024/25,78,66,0,58.4070796460177,0.0,150,160.1,0.1,363.9
Khushdil Shah,Pakistan,2022,9,120,0,96.0,7.5,228,127.0,0.5,363.5
DJ Bravo,West Indies,2014/15,144,27,3,62.7906976744186,5.71875,170,60.3,4.7,363.4
W Madhevere,Zimbabwe,2023,34,108,0,82.44274809160305,5.69620253164557,218,158.8,0.9,363.4
D Bishoo,West Indies,2018/19,41,45,2,70.3125,5.625,274,91.3,3.8,362.9
JL Carter,West Indies,2019,30,57,1,93.44262295081968,9.5,122,117.8,2.4,362.8
M Ntini,South Africa,2008/09,88,11,9,84.61538461538461,5.634980988593155,347,21.6,7.0,362.7
MM Ali,England,2023/24,130,95,4,72.51908396946564,5.8125,361,133.9,3.8,362.4
AJ Hosein,West Indies,2023,38,16,8,48.48484848484848,4.802919708029197,386,22.2,7.1,362.2
MR Adair,Ireland,2024/25,46,41,6,62.121212121212125,5.704918032786885,285,58.5,5.4,361.9
TL Chatara,Zimbabwe,2023,70,10,9,43.47826086956522,6.791489361702128,312,21.0,7.0,361.7
A Shahzad,England,2010/11,10,35,9,66.0377358490566,4.43855421686747,455,43.7,7.3,361.3
Nasir Jamshed,Pakistan,2014/15,49,35,0,46.05263157894737,0.0,55,267.3,0.2,360.4
Aftab Ahmed,Bangladesh,2009/10,55,80,0,70.79646017699115,0.0,148,174.8,0.1,360.1
HH Pandya,India,2023/24,83,11,3,137.5,7.368421052631579,119,36.4,7.4,359.9
HA Varaiya,Kenya,2013/14,17,13,1,92.85714285714286,4.115702479338843,90,44.6,3.9,359.5
JF Mooney,Ireland,2015/16,36,12,2,60.0,4.928571428571429,95,42.3,6.9,359.3
SPD Smith,Australia,2024/25,161,79,0,79.7979797979798,0.0,137,162.2,0.1,358.7
Muhammad Usman,United Arab Emirates,2021/22,34,85,0,72.03389830508475,0.0,143,172.7,0.5,358.4
JH Davey,Scotland,2019/20,17,26,2,89.65517241379311,3.902912621359223,137,44.1,4.8,358.0
Washington Sundar,India,2024,19,50,5,72.46376811594203,3.888888888888889,287,74.9,5.1,357.9
Shoaib Akhtar,Pakistan,2010/11,69,11,12,45.83333333333333,5.367837338262476,520,20.0,8.7,357.8
MP O'Dowd,Netherlands,2024/25,53,98,0,67.12328767123287,6.125,212,195.3,1.7,357.4
Asad Shafiq,Pakistan,2016/17,58,18,0,46.15384615384615,0.0,24,254.2,0.3,356.9
S Movva,Canada,2024,16,226,0,64.9425287356322,0.0,482,176.7,0.0,356.6
K Rabada,South Africa,2024/25,99,25,5,71.42857142857143,4.878048780487805,212,28.8,5.7,356.6
AA Obanda,Kenya,2013/14,15,94,0,78.33333333333333,0.0,156,210.5,0.1,356.4
VJ Kingma,Netherlands,2024,23,1,8,33.33333333333333,4.019138755980861,297,16.7,7.4,356.1
AR Nurse,West Indies,2019,46,53,6,94.64285714285714,6.471428571428572,328,66.7,6.3,356.0
Haris Sohail,Pakistan,2022/23,42,64,0,91.42857142857144,0.0,94,191.6,0.2,355.8
DE Bollinger,Australia,2011/12,39,6,3,120.0,5.0,150,28.9,7.2,355.8
GP Swann,England,2013,75,16,3,84.21052631578947,4.8,171,33.5,5.2,355.3
Bilal Khan,Oman,2024,47,0,6,0.0,5.047058823529412,206,15.2,7.6,355.3
Mohammad Wasim,Pakistan,2023/24,19,23,10,88.46153846153845,5.161016949152542,393,25.3,8.2,354.6
R Ngarava,Zimbabwe,2024/25,40,67,2,90.54054054054052,4.800000000000001,199,119.5,4.5,354.3
J Theron,United States of America,2022,18,3,8,42.85714285714285,4.153846153846154,302,16.9,7.1,353.1
AB Agarkar,India,2007,65,19,12,48.71794871794872,5.513888888888889,519,18.8,7.9,353.1
DBL Powell,West Indies,2008/09,39,7,7,58.333333333333336,4.45360824742268,280,20.8,7.1,352.9
HH Dippenaar,Africa XI,2007,38,77,0,88.50574712643679,0.0,146,155.9,0.1,352.8
Naved-ul-Hasan,Pakistan,2009/10,62,102,10,117.2413793103448,5.356275303643725,617,58.7,5.3,352.7
D Ramdin,West Indies,2016/17,123,79,0,68.10344827586206,0.0,135,157.5,0.1,352.7
HR Walsh,West Indies,2024/25,24,1,0,14.285714285714285,8.666666666666666,23,46.1,3.7,352.1
AF Giles,England,2005,35,47,1,106.8181818181818,4.321678321678322,218,81.1,2.1,351.9
CO Obuya,Kenya,2013/14,36,66,0,95.65217391304348,0.0,112,213.7,0.1,351.6
Saud Shakeel,Pakistan,2023/24,12,216,0,96.0,0.0,394,174.0,0.1,351.6
B Mavuta,Zimbabwe,2024/25,14,4,0,21.052631578947366,11.04,12,71.9,2.9,351.3
Mohammad Hasnain,Pakistan,2024/25,14,6,5,100.0,4.916666666666667,224,21.1,6.8,351.2
MD Gunathilaka,Sri Lanka,2022,47,81,0,82.6530612244898,0.0,139,165.8,0.1,351.0
KR Mayers,West Indies,2023,28,124,6,65.26315789473685,4.494983277591973,486,103.3,4.3,350.9
C Kieswetter,England,2012/13,44,42,0,66.66666666666666,0.0,83,206.9,0.2,350.9
S Lamichhane,Nepal,2024/25,53,2,5,66.66666666666666,4.278688524590164,177,19.9,7.6,350.8
C White,England,2002/03,5,79,9,94.04761904761904,3.868131868131868,472,71.6,5.8,350.3
PJ Cummins,Australia,2024/25,89,45,2,86.53846153846155,4.44,164,107.4,4.4,350.3
BR McDermott,Australia,2021/22,5,195,0,84.78260869565217,0.0,349,192.1,0.2,350.0
XJ Doherty,Australia,2014/15,59,1,4,50.0,4.992857142857143,224,17.7,7.6,349.9
DG Brownlie,New Zealand,2016/17,16,158,0,71.81818181818181,0.0,280,179.5,0.1,349.0
NL McCullum,New Zealand,2015,84,40,8,95.23809523809524,6.44,376,51.2,7.6,348.8
MRJ Watt,Scotland,2024/25,61,39,4,90.69767441860463,4.835820895522389,229,57.6,5.3,348.7
AM Phangiso,South Africa,2016/17,22,0,4,0.0,4.285714285714286,135,16.7,7.8,348.6
DA Miller,South Africa,2024/25,159,32,0,71.11111111111111,0.0,78,174.7,1.3,348.4
BJ McCarthy,Ireland,2023,32,50,9,96.15384615384616,5.633440514469453,451,54.5,6.4,348.1
V Sibanda,Zimbabwe,2016,101,96,0,59.25925925925925,0.0,150,158.7,0.1,348.1
MV Boucher,South Africa,2011/12,128,22,0,91.66666666666666,0.0,60,180.2,0.3,348.1
Kamran Akmal,Pakistan,2017,131,68,0,87.17948717948718,0.0,123,157.1,0.1,348.1
JM Kemp,South Africa,2007/08,63,51,0,52.04081632653062,0.0,89,161.2,0.3,348.1
SI Kamea,Papua New Guinea,2023,20,2,9,16.666666666666664,4.074074074074074,333,15.5,7.2,348.0
SK Patel,United States of America,2024,8,278,0,73.35092348284961,0.0,594,194.3,0.0,347.1
R Chopra,United Arab Emirates,2024/25,11,121,0,78.06451612903226,0.0,237,177.0,0.2,346.4
KM Dabengwa,Zimbabwe,2010/11,25,81,1,61.36363636363637,4.953488372093023,220,126.1,1.8,346.3
GSNFG Jayasuriya,Sri Lanka,2019/20,11,99,1,85.34482758620689,5.117647058823529,220,182.3,1.9,346.1
NM Hauritz,Australia,2010/11,50,6,1,54.54545454545454,4.650887573964497,88,36.5,4.8,345.8
AJ Hall,South Africa,2007,55,34,2,94.44444444444444,4.518987341772152,160,69.3,4.6,345.7
Ahmed Raza,United Arab Emirates,2022/23,47,27,1,112.5,7.527272727272727,85,48.9,3.7,345.7
Shafiul Islam,Bangladesh,2019/20,58,5,1,100.0,7.684210526315789,47,39.5,5.4,345.1
R Vinay Kumar,India,2013/14,31,11,8,55.00000000000001,7.669172932330826,308,21.1,6.9,345.1
AS Hansra,Canada,2013/14,15,2,0,25.0,11.333333333333334,13,92.5,3.0,345.0
Ali Naseer,United Arab Emirates,2024/25,17,70,6,93.33333333333331,4.102564102564102,324,69.8,5.7,344.9
PJ Moor,Zimbabwe,2019,34,71,0,84.52380952380952,0.0,126,153.6,0.1,344.7
Harmeet Singh,United States of America,2024/25,9,95,1,109.19540229885058,4.7407407407407405,254,112.1,2.1,344.3
T Thushara,Sri Lanka,2010,35,7,4,87.5,4.451612903225806,167,27.1,6.5,344.1
JL Smith,England,2024,6,124,0,90.51094890510949,0.0,252,163.3,0.0,343.8
Mustafizur Rahman,Bangladesh,2023/24,95,42,7,45.65217391304348,5.561264822134388,433,40.6,5.9,343.6
RL Powell,West Indies,2005,32,11,0,61.11111111111112,10.0,17,96.0,2.4,343.6
Usman Shinwari,Pakistan,2019/20,16,0,6,0.0,4.8108108108108105,206,15.3,7.0,343.3
NO Miller,West Indies,2017/18,40,20,2,47.61904761904761,4.883720930232558,116,45.9,5.6,342.8
A Nehra,India,2010/11,79,9,13,28.125,5.663920922570016,569,16.3,7.5,342.4
AJ Stewart,England,2002/03,11,287,0,70.17114914425427,0.0,550,184.9,0.0,341.9
BM Wheeler,New Zealand,2015,6,58,8,123.40425531914892,5.717868338557994,445,45.1,6.7,341.6
Basil Hameed,United Arab Emirates,2024/25,47,39,4,52.702702702702695,4.016949152542373,222,63.4,5.6,341.4
CS Baugh,West Indies,2011/12,34,64,0,57.14285714285714,0.0,187,200.5,0.0,341.3
DS Smith,West Indies,2013,41,45,0,54.87804878048781,0.0,89,169.1,2.9,341.3
NS Dhaliwal,Canada,2024,11,162,0,55.86206896551724,0.0,312,158.8,0.0,340.8
NV Knight,England,2002/03,11,339,0,70.1863354037267,0.0,561,183.1,0.0,340.4
S Mukuddem,Bermuda,2006/07,6,90,10,60.0,4.63235294117647,518,77.4,4.9,339.5
AR McBrine,Ireland,2024/25,65,24,1,60.0,4.844036697247706,89,55.3,3.3,339.2
KW Richardson,Australia,2019/20,25,24,5,200.0,6.2105263157894735,227,26.7,5.7,339.2
KP Meiyappan,United Arab Emirates,2023,32,84,14,46.927374301675975,6.054347826086956,686,38.9,5.0,339.1
Khurram Manzoor,Pakistan,2008/09,6,156,0,62.903225806451616,0.0,255,181.4,0.1,339.1
RV Uthappa,India,2015,44,44,0,70.96774193548387,0.0,97,175.1,0.0,338.7
PWA Mulder,South Africa,2024/25,17,54,2,100.0,5.176470588235294,151,94.0,3.9,338.0
MG Bevan,Australia,2003/04,25,289,0,73.53689567430025,0.0,423,194.4,0.2,337.9
HH Streak,Zimbabwe,2005,31,36,2,41.37931034482759,3.3692307692307693,173,73.4,4.8,337.9
SA Wijeratne,Canada,2023/24,10,158,0,69.60352422907489,0.0,306,169.2,0.0,337.8
Hasan Ali,Pakistan,2023/24,64,20,8,68.96551724137932,6.046153846153846,331,23.8,5.8,337.7
ZE Green,Namibia,2024,35,66,0,75.86206896551724,0.0,126,152.5,0.1,337.6
A Johnson,Canada,2024,19,139,0,89.6774193548387,3.5,309,150.4,0.6,337.4
BE Hendricks,South Africa,2023/24,7,18,5,69.23076923076923,4.991150442477877,216,23.7,5.7,337.3
Abdur Razzak,Bangladesh,2014,121,21,1,61.76470588235294,5.426751592356688,116,59.8,3.6,337.1
AJ Burger,Namibia,2002/03,6,199,3,97.54901960784314,6.244897959183674,460,128.7,3.9,337.1
KL Rahul,India,2024,74,31,0,68.88888888888889,0.0,48,148.7,0.3,336.7
HH Gibbs,South Africa,2009/10,104,56,0,73.68421052631578,0.0,122,149.9,0.1,336.0
F Behardien,South Africa,2017/18,58,41,0,107.89473684210526,0.0,73,214.2,0.3,335.6
JC Archer,England,2024/25,26,45,1,155.17241379310346,4.615384615384616,174,77.2,4.5,335.5
Raza-ur-Rehman,Canada,2013/14,5,104,1,82.53968253968253,6.626865671641792,267,154.3,2.0,335.3
NP Kenjige,United States of America,2024/25,50,23,3,44.230769230769226,4.916666666666667,157,37.9,4.5,335.1
KTGD Prasad,Sri Lanka,2014/15,22,58,8,93.5483870967742,5.949579831932773,429,37.1,5.9,335.0
SP Narine,West Indies,2016/17,64,24,3,85.71428571428571,5.011764705882353,180,36.8,5.1,334.9
Javed Omar,Bangladesh,2007,20,91,0,57.59493670886076,0.0,160,208.6,0.1,334.9
BW Hilfenhaus,Australia,2012,25,0,1,0.0,3.19672131147541,85,18.2,4.2,334.9
JP Greaves,West Indies,2024/25,7,41,1,132.25806451612902,6.418604651162791,122,56.8,3.4,334.9
Mudassar Bukhari,Netherlands,2013/14,15,4,3,100.0,7.146067415730337,112,24.3,6.3,334.5
MW Machan,Scotland,2014/15,11,241,1,71.94029850746269,7.054945054945056,438,188.4,1.1,334.4
R Mutumbami,Zimbabwe,2019/20,25,36,0,109.09090909090908,0.0,65,226.9,0.2,334.4
AJ Bichel,Australia,2003/04,27,61,6,82.43243243243244,4.628571428571429,426,42.8,5.5,334.3
MG Bracewell,New Zealand,2024/25,23,47,6,81.03448275862068,5.364705882352942,308,65.5,6.0,334.3
DR Chumney,Canada,2006/07,11,151,0,67.41071428571429,0.0,243,178.6,0.1,334.0
JS Malhotra,United States of America,2022,15,116,2,82.26950354609929,4.131147540983607,319,109.4,3.6,333.9
Mosaddek Hossain,Bangladesh,2022,38,14,3,56.00000000000001,4.033333333333333,192,33.9,5.6,333.8
SR Taylor,United States of America,2024,45,27,3,45.76271186440678,3.290322580645161,162,44.2,4.7,333.6
HM Nicholls,New Zealand,2024/25,78,60,0,73.17073170731707,0.0,100,159.7,0.1,333.4
Amir Hayat,United Arab Emirates,2018/19,9,24,6,52.17391304347826,3.641618497109827,268,37.0,5.9,332.7
T Panyangara,Zimbabwe,2016/17,50,12,1,120.0,4.695652173913043,62,43.2,3.9,332.6
Dolar Mahmud,Bangladesh,2009/10,7,41,1,136.66666666666666,5.333333333333333,130,53.1,3.8,332.1
Shoaib Khan,Oman,2024,31,117,2,90.0,5.387755102040817,295,124.6,3.7,332.0
Mohammad Aadil Alam,Nepal,2022,6,70,6,85.36585365853658,3.4632352941176467,409,67.8,5.7,332.0
VD Philander,South Africa,2015,29,30,2,61.224489795918366,4.181818181818182,133,46.3,5.0,331.7
CM McBride,Scotland,2023,17,150,1,73.17073170731707,4.208955223880597,331,120.7,0.9,331.5
Imran Nazir,Pakistan,2009/10,22,53,0,82.8125,0.0,109,162.5,0.1,331.5
Saim Ayub,Pakistan,2024/25,9,515,5,102.18253968253968,4.574585635359115,1278,144.8,2.5,331.3
DS Airee,Nepal,2024/25,55,31,0,79.48717948717949,3.6666666666666665,67,107.0,4.4,331.3
KS Lokuarachchi,Sri Lanka,2007/08,14,9,1,69.23076923076923,4.6,75,43.4,3.8,331.3
KP Pietersen,England,2013,121,71,0,74.73684210526315,0.0,132,152.0,0.1,331.2
Suraj Kumar,Oman,2023,21,63,0,77.77777777777779,0.0,117,155.9,0.1,329.9
ADS Fletcher,West Indies,2016,23,89,0,56.32911392405063,5.571428571428571,154,119.6,1.3,329.7
LOB Cann,Bermuda,2007/08,10,52,0,152.94117647058823,0.0,106,141.8,0.2,329.6
CJ McKay,Australia,2013/14,58,39,9,72.22222222222221,5.51948051948052,452,35.6,6.5,329.5
SS Iyer,India,2024,59,38,0,97.43589743589745,0.0,74,201.6,0.2,329.4
Jatinder Singh,Oman,2024/25,50,130,0,59.63302752293578,0.0,210,216.5,0.2,329.3
J Srinath,India,2002/03,16,31,27,37.80487804878049,3.5169988276670576,1130,26.0,7.7,329.2
DJM Short,Australia,2019/20,9,128,0,74.85380116959064,6.875,202,153.9,1.5,328.9
SJ Harmison,England,2008/09,46,24,4,92.3076923076923,5.700934579439252,260,25.8,4.5,328.8
G Coetzee,South Africa,2023/24,13,56,22,64.36781609195403,6.402366863905326,811,27.2,6.3,328.6
MN Waller,Zimbabwe,2017/18,55,66,0,62.264150943396224,4.64516129032258,111,175.9,1.5,328.0
T Stubbs,South Africa,2024/25,5,212,0,95.4954954954955,7.5,390,170.3,1.4,327.1
L Vincent,New Zealand,2007/08,47,38,1,56.71641791044776,0.0,120,171.3,0.5,326.5
TT Samaraweera,Sri Lanka,2010/11,35,114,0,70.80745341614907,2.0,214,158.7,0.6,326.5
Mohammad Naveed,United Arab Emirates,2019,31,21,2,100.0,4.5,131,37.4,5.2,326.3
VS Solanki,England,2006,35,54,1,101.8867924528302,4.5,122,109.8,1.9,326.2
K Verreynne,South Africa,2024/25,16,105,0,101.94174757281552,0.0,175,194.4,0.1,325.3
Simi Singh,Ireland,2022,22,46,2,104.54545454545456,5.405405405405405,164,86.9,3.8,325.2
BAW Mendis,Sri Lanka,2015/16,79,25,4,86.20689655172413,6.947368421052632,188,28.2,5.1,324.8
AC Botha,Ireland,2010/11,17,22,4,50.0,4.539130434782608,179,33.7,5.2,324.7
SA Engelbrecht,Netherlands,2023/24,11,327,0,63.005780346820806,8.5,573,180.8,0.4,324.6
E Chigumbura,Zimbabwe,2018/19,159,40,0,50.0,0.0,79,162.5,1.2,324.6
JWM Dalrymple,England,2006/07,27,166,5,61.48148148148148,4.689473684210526,529,100.7,3.0,324.5
AJ Tye,Australia,2018,7,34,4,109.6774193548387,7.329545454545455,206,52.7,4.8,323.8
PADLR Sandakan,Sri Lanka,2021,30,12,6,60.0,5.407407407407407,242,22.1,7.1,323.4
AM Bacher,South Africa,2004/05,5,102,3,56.353591160220994,3.555555555555556,283,131.9,3.6,323.4
MB Loye,England,2006/07,7,142,0,74.73684210526315,0.0,259,177.1,0.1,322.6
BJ Watling,New Zealand,2016/17,25,45,0,63.38028169014085,0.0,96,168.5,0.0,322.0
RD Rickelton,South Africa,2024/25,7,171,0,91.93548387096774,0.0,351,153.4,0.0,322.0
A Sharafu,United Arab Emirates,2024,18,61,0,84.72222222222221,0.0,122,153.0,0.1,322.0
Mohammad Irfan,Pakistan,2016,60,0,2,0.0,4.181818181818182,79,17.5,7.5,322.0
A Nao,Papua New Guinea,2022/23,19,25,2,67.56756756756756,5.072727272727273,188,41.0,4.8,321.7
T Bavuma,South Africa,2024/25,40,59,0,89.39393939393939,0.0,109,159.7,0.1,321.0
JP Kotze,Namibia,2024,17,145,0,80.55555555555556,0.0,261,173.2,0.1,320.9
NT Ellis,Australia,2023/24,8,57,5,111.76470588235294,5.865470852017937,305,72.2,5.5,320.8
FJ Klaassen,Netherlands,2022/23,15,12,7,75.0,4.971428571428572,295,21.4,6.7,320.3
MJG Rippon,Netherlands,2021/22,6,109,3,75.17241379310344,5.28,304,114.6,3.5,320.2
S Samarawickrama,Sri Lanka,2024/25,40,69,0,82.14285714285714,0.0,109,151.5,0.1,320.2
DN Wellalage,Sri Lanka,2024/25,24,18,1,105.88235294117648,4.6875,117,44.4,4.4,320.2
AN Petersen,South Africa,2013,19,61,0,77.21518987341773,0.0,117,158.1,0.1,320.1
L Tucker,Ireland,2024/25,44,26,0,89.65517241379311,0.0,70,156.4,1.2,320.1
N Deonarine,West Indies,2014/15,27,53,0,67.08860759493672,8.0,101,127.3,1.8,319.7
C de Grandhomme,New Zealand,2021/22,45,20,3,42.5531914893617,3.164835164835165,155,44.8,5.1,319.1
GR Codrington,Canada,2006/07,6,80,7,65.04065040650406,5.0032573289902285,435,63.5,5.1,318.5
AB Barath,West Indies,2011/12,14,121,0,66.48351648351648,0.0,216,168.0,0.1,318.2
CJ Chibhabha,Zimbabwe,2022/23,87,56,0,67.46987951807229,0.0,96,158.7,0.1,318.1
Abdur Rehman,Pakistan,2013/14,31,31,1,57.407407407407405,4.169491525423728,107,61.8,4.9,317.5
PM Seelaar,Netherlands,2022,27,60,2,81.08108108108108,5.94,210,107.5,4.5,317.3
SCJ Broad,England,2015/16,117,19,1,59.375,5.443298969072164,90,49.9,3.4,317.2
RM Haq,Scotland,2014/15,20,26,3,33.76623376623377,4.63768115942029,178,42.1,5.4,317.0
K Sinclair,West Indies,2023,8,35,6,57.377049180327866,4.277777777777778,312,50.6,6.0,316.8
Tapash Baisya,Bangladesh,2006/07,25,0,0,0.0,12.352941176470589,5,87.5,3.6,315.2
PVD Chameera,Sri Lanka,2023/24,47,41,4,49.39759036144578,5.457013574660633,239,60.8,4.7,314.9
Fayyaz Butt,Oman,2024,30,69,7,56.55737704918032,4.792332268370608,419,59.8,5.7,314.9
N Vanua,Papua New Guinea,2023,51,33,1,61.11111111111112,4.491620111731844,153,67.6,4.4,314.7
Khalid Latif,Pakistan,2009/10,6,128,0,67.01570680628272,0.0,207,181.5,0.0,314.2
K Bhurtel,Nepal,2024/25,54,54,1,59.34065934065934,6.473684210526316,126,133.3,2.4,313.9
RJ Peterson,South Africa,2014/15,66,11,5,91.66666666666666,5.232558139534883,186,24.8,5.8,313.8
AR Caddick,England,2002/03,11,64,17,54.23728813559322,3.54635761589404,813,53.0,7.5,313.7
NM Lyon,Australia,2019,30,8,2,80.0,5.239024390243903,129,41.0,7.1,313.6
J Nyumbu,Zimbabwe,2015/16,17,13,4,52.0,4.4,244,24.6,6.0,313.2
JNT Seales,West Indies,2024/25,18,5,7,71.42857142857143,5.319587628865979,315,17.8,6.4,312.9
H Patel,Canada,2013,10,34,0,87.17948717948718,0.0,53,161.0,0.5,312.8
GB Brent,Zimbabwe,2007/08,24,65,3,73.03370786516854,4.619047619047619,333,70.7,4.2,312.3
DS Lehmann,Australia,2004/05,27,116,6,70.73170731707317,5.6231884057971016,406,110.9,4.2,312.3
Abdullah Shafique,Pakistan,2024/25,20,196,0,70.0,0.0,353,162.5,0.0,311.6
PA van Meekeren,Netherlands,2024/25,24,4,2,40.0,4.698795180722891,81,25.8,5.8,311.1
Nasir Hossain,Bangladesh,2017/18,63,19,1,44.18604651162791,5.205298013245033,103,49.7,3.5,310.6
Yousuf Youhana,Pakistan,2005,54,80,0,72.72727272727273,0.0,120,149.8,0.1,309.3
RJ van Vuuren,Namibia,2002/03,5,26,8,68.42105263157895,5.687296416938111,366,24.3,6.5,309.2
MN van Wyk,South Africa,2015,18,76,0,58.46153846153847,0.0,144,136.4,0.4,308.7
M Jansen,South Africa,2024/25,26,39,6,70.9090909090909,5.629213483146067,282,44.9,5.0,308.6
TAM Siriwardana,Sri Lanka,2019,27,3,0,60.0,8.5,15,65.7,3.1,308.0
MO Odumbe,Kenya,2002/03,10,324,6,89.25619834710744,4.961538461538462,844,122.7,3.4,307.9
N Dickwella,Sri Lanka,2022,55,26,0,86.66666666666667,0.0,74,142.7,1.2,307.5
GC Smith,South Africa,2013/14,153,47,0,56.62650602409639,0.0,79,172.6,0.3,307.5
CJ Nevin,New Zealand,2003/04,7,30,0,47.61904761904761,0.0,40,142.9,0.9,307.2
B Shikongo,Namibia,2024,21,8,9,50.0,5.1678832116788325,373,20.3,7.0,306.6
CE McConchie,New Zealand,2023,6,126,3,94.73684210526316,4.615384615384615,377,100.6,3.5,306.6
SO Tikolo,Kenya,2013/14,38,7,0,87.5,4.2,37,58.7,4.5,306.5
DD Ebrahim,Zimbabwe,2004/05,29,207,0,52.67175572519084,0.0,280,165.2,0.1,306.5
AJ Ireland,Zimbabwe,2006/07,13,8,8,14.814814814814811,4.571428571428571,343,17.3,7.0,306.4
Saeed Anwar,Pakistan,2002/03,5,218,1,68.55345911949685,3.75,383,154.9,1.4,305.7
A Zampa,Australia,2024/25,104,31,3,67.3913043478261,6.4363636363636365,160,52.3,3.9,305.6
PP Shaw,India,2021,6,105,0,116.66666666666669,0.0,215,144.1,0.1,305.5
CB Mpofu,Zimbabwe,2019/20,64,9,2,100.0,6.59016393442623,79,55.1,6.3,305.3
Mohammad Nawaz (3),Pakistan,2021,15,4,3,40.0,4.857142857142857,93,24.2,5.8,305.3
Khaled Mashud,Bangladesh,2006/07,43,41,0,43.15789473684211,0.0,91,139.1,0.5,305.3
R Hekure,Papua New Guinea,2023,23,80,3,74.76635514018692,5.319587628865979,266,110.0,3.7,305.2
DJ Mitchell,New Zealand,2024/25,38,40,0,93.02325581395348,6.5,84,111.7,1.8,305.0
Anwar Ali,Pakistan,2015/16,24,70,5,68.62745098039215,6.24,299,111.4,4.7,304.7
A Dananjaya,Sri Lanka,2024,38,32,1,91.42857142857144,4.7,119,47.4,5.5,304.4
Alok Kapali,Bangladesh,2011/12,40,52,0,50.98039215686274,4.416666666666667,112,131.4,2.2,303.9
NR Kumar,Canada,2013/14,12,48,1,78.68852459016394,5.552238805970149,125,82.0,2.0,303.7
D la Cock,Namibia,2022/23,15,147,0,62.0253164556962,0.0,271,154.4,0.0,303.7
R Trumpelmann,Namibia,2023/24,35,60,3,73.17073170731707,4.1647058823529415,238,79.2,4.6,303.6
SJ Benn,West Indies,2016/17,44,34,2,87.17948717948718,5.5125,227,64.8,5.2,303.3
Mohammad Ashraful,Bangladesh,2013,115,42,0,67.74193548387096,0.0,66,172.3,0.2,302.5
AU Rashid,England,2024/25,136,15,3,75.0,5.963190184049079,158,46.8,4.4,302.4
GO Jones,England,2006,39,94,0,111.90476190476193,0.0,216,130.2,0.3,302.3
TBM de Leede,Netherlands,2006/07,11,39,7,60.9375,4.285714285714286,322,43.3,6.1,301.7
Mohammad Nawaz,Pakistan,2023/24,20,81,2,81.0,5.894273127753304,258,100.8,4.3,301.4
Vikramjit Singh,Netherlands,2024/25,40,95,0,53.072625698324025,0.0,133,149.1,0.2,301.0
I Wardlaw,Scotland,2014/15,12,5,9,45.45454545454545,6.488888888888889,321,18.4,6.7,300.6
P Mustard,England,2007/08,9,219,0,89.75409836065575,0.0,471,157.2,0.0,300.6
SC van Schalkwyk,United States of America,2024/25,9,65,2,58.55855855855856,5.377777777777778,216,96.2,4.1,300.5
SF Mire,Zimbabwe,2019,35,75,5,62.5,4.851063829787234,288,90.8,4.2,300.3
GJ Maxwell,Australia,2024/25,141,16,0,64.0,3.6666666666666665,28,77.0,3.3,300.1
RAS Lakmal,Sri Lanka,2020/21,82,0,2,0.0,5.894736842105263,81,41.1,6.8,299.9
Khurram Khan,United Arab Emirates,2014/15,9,155,0,71.42857142857143,7.428571428571429,253,151.0,0.5,299.6
J Liyanage,Sri Lanka,2024/25,17,187,1,76.63934426229508,5.232558139534883,354,125.8,1.2,299.4
CT Mutombodzi,Zimbabwe,2019/20,10,65,1,82.27848101265823,7.770491803278689,182,133.1,2.5,299.2
MJ Potts,England,2024,8,24,8,57.14285714285714,5.0892857142857135,345,24.8,6.6,299.0
Shubman Gill,India,2024,48,57,0,60.0,14.0,97,128.8,1.7,298.7
RAP Nissanka,Sri Lanka,2003,9,18,4,41.86046511627907,2.472972972972973,203,42.5,5.4,298.5
D Pretorius,South Africa,2022,26,17,4,68.0,6.654545454545455,175,37.3,4.6,298.2
JE Taylor,West Indies,2017,79,2,2,40.0,6.679802955665024,120,22.5,7.1,298.1
T de Zorzi,South Africa,2024/25,9,105,0,96.3302752293578,0.0,187,164.5,0.3,298.0
IG Butler,New Zealand,2009/10,13,23,9,65.71428571428571,4.950920245398772,408,24.8,7.0,297.6
Aryan Lakra,United Arab Emirates,2023,16,147,0,48.67549668874173,6.235294117647059,241,125.6,1.6,297.3
S Randiv,Sri Lanka,2016,31,26,0,96.29629629629628,7.75,52,60.0,3.1,297.2
Mohammad Rafique,Bangladesh,2007,58,24,3,88.88888888888889,5.206611570247934,159,35.6,4.2,296.6
JP Faulkner,Australia,2017/18,67,44,1,102.32558139534883,6.183673469387756,131,89.6,2.1,296.4
Kashif Daud,United Arab Emirates,2022,19,52,4,72.22222222222221,4.232876712328768,253,80.6,4.5,296.3
DB Kotze,Namibia,2002/03,6,82,2,60.74074074074074,5.326315789473684,275,130.1,2.8,295.9
DT Christian,Australia,2013/14,19,23,3,115.0,5.12,151,36.1,4.2,295.6
JG Bethell,England,2024/25,8,82,0,88.17204301075269,8.285714285714286,157,128.0,1.5,295.2
TWM Latham,New Zealand,2024/25,144,1,0,20.0,0.0,28,110.7,1.1,295.2
BC Fortuin,South Africa,2024/25,10,56,7,67.46987951807229,5.234567901234568,339,51.2,6.0,295.1
JA Duffy,New Zealand,2024/25,10,8,7,72.72727272727273,5.065868263473054,256,20.9,6.5,294.8
AC Agar,Australia,2023/24,23,48,1,64.86486486486487,4.444444444444445,115,106.5,2.0,294.2
Iftikhar Anjum,Pakistan,2009/10,57,21,1,65.625,5.135593220338983,99,45.8,3.5,294.0
JEC Franklin,New Zealand,2013,74,35,0,54.6875,7.384615384615385,93,96.8,2.4,293.9
S Sreesanth,India,2010/11,49,4,7,66.66666666666666,6.142011834319527,246,18.0,6.1,293.8
GI Hume,Ireland,2024/25,16,31,4,65.95744680851064,4.881987577639752,222,38.1,5.0,293.7
Aasif Sheikh,Nepal,2024/25,53,36,0,67.9245283018868,0.0,60,159.2,0.2,293.7
T Lungameni,Namibia,2024,30,12,9,48.0,4.637037037037037,417,20.7,6.9,293.3
BA Carse,England,2024,18,37,8,48.68421052631579,6.185840707964602,347,56.1,5.7,293.3
Imad Wasim,Pakistan,2020/21,53,34,2,125.92592592592592,5.608695652173913,138,60.7,4.2,293.2
Nestor Dhamba,Oman,2022,8,6,3,120.0,4.827067669172932,133,27.1,5.8,293.0
CN Ackermann,Netherlands,2024/25,14,24,5,68.57142857142857,3.412844036697248,227,34.4,5.4,292.8
NLTC Perera,Sri Lanka,2020/21,158,22,3,75.86206896551724,5.835616438356165,129,51.3,4.1,292.5
B Sharki,Nepal,2024,27,33,0,46.478873239436616,0.0,41,147.9,1.2,292.2
Aayan Afzal Khan,United Arab Emirates,2024/25,34,30,4,43.47826086956522,4.209424083769633,224,41.3,5.3,292.2
SM Boland,Australia,2016/17,13,7,7,70.0,5.748837209302325,258,20.6,6.0,291.7
W Barresi,Netherlands,2024,34,14,0,35.0,0.0,28,137.9,0.3,291.5
Enamul Haque jnr,Bangladesh,2009/10,9,0,6,0.0,3.658536585365854,231,17.1,7.5,291.1
V Sehwag,India,2012/13,165,35,0,61.40350877192983,0.0,77,160.6,0.2,290.8
Adnan Mufti,United Arab Emirates,2018,16,57,0,116.3265306122449,0.0,103,169.0,0.2,290.1
Nadeem Ahmed,Hong Kong,2018,17,9,0,81.81818181818183,4.714285714285714,43,52.6,3.9,289.9
SR Clark,Australia,2009,36,2,3,20.0,3.9069767441860463,139,17.1,6.3,288.9
Naseem Khushi,Oman,2023,27,82,0,118.84057971014492,0.0,204,119.7,0.0,288.9
D Wiese,Namibia,2022,14,61,3,69.31818181818183,3.942857142857143,220,80.9,4.4,288.8
M Kaif,India,2006/07,66,80,0,55.55555555555556,0.0,128,143.9,0.3,288.7
KA Jamieson,New Zealand,2023,12,49,3,68.05555555555556,6.149253731343284,214,70.0,4.4,288.5
LM Jongwe,Zimbabwe,2023/24,31,24,1,77.41935483870968,5.368421052631579,75,48.7,3.2,287.4
PLS Gamage,Sri Lanka,2017/18,9,4,7,26.666666666666668,5.156756756756757,254,15.3,6.3,287.2
CD de Lange,Scotland,2017,7,1,5,16.666666666666664,6.8,156,15.3,6.4,287.2
R McLaren,South Africa,2014/15,51,14,3,77.77777777777779,5.916666666666667,181,42.1,5.0,287.1
AF Milne,New Zealand,2023/24,48,5,3,23.809523809523807,6.483870967741935,125,26.2,6.8,287.0
C Zhuwao,Zimbabwe,2018/19,8,55,0,100.0,36.0,106,110.7,1.4,287.0
XM Marshall,United States of America,2019/20,26,169,0,63.77358490566037,0.0,278,168.9,0.0,286.4
Shabbir Ahmed,Pakistan,2005,15,1,3,100.0,3.867768595041322,150,20.7,6.2,286.3
MADI Hemantha,Sri Lanka,2023/24,7,4,0,100.0,5.752577319587629,61,59.0,6.7,286.1
RN Lewis,West Indies,2009,10,43,2,95.55555555555556,4.788990825688073,159,60.7,3.7,286.0
GC Tonge,West Indies,2009/10,5,9,5,60.0,3.652173913043478,233,31.4,6.0,285.9
JS Patel,New Zealand,2017,39,7,2,100.0,5.311475409836066,77,46.5,5.6,285.2
SA Abbott,Australia,2024/25,28,43,1,68.25396825396825,5.258426966292134,121,84.8,2.1,285.0
ML Cummins,West Indies,2017,8,5,7,55.55555555555556,6.828947368421053,281,18.9,7.0,284.9
Gulsan Jha,Nepal,2024/25,30,37,5,77.08333333333334,6.103448275862069,228,52.6,4.9,283.8
T Kamungozi,Zimbabwe,2014/15,13,24,7,61.53846153846154,4.661417322834645,368,23.9,5.8,283.6
MC Sorensen,Ireland,2014/15,10,22,3,115.78947368421052,7.578947368421053,165,32.5,4.2,283.5
V Aravind,United Arab Emirates,2024/25,61,73,0,47.4025974025974,0.0,105,152.7,0.1,283.1
JP Bray,Ireland,2006/07,10,212,0,61.98830409356725,0.0,368,161.4,0.1,282.8
Tanzid Hasan,Bangladesh,2024/25,16,106,0,101.92307692307692,0.0,201,138.5,0.3,282.5
PA de Silva,Sri Lanka,2002/03,13,390,12,80.08213552361396,4.888111888111888,1166,105.6,4.5,282.4
IE O'Brien,New Zealand,2008/09,10,3,13,27.27272727272727,5.91529411764706,489,13.8,5.7,282.3
MS Kasprowicz,Australia,2005,16,0,4,0.0,4.032786885245901,189,16.4,6.2,282.2
PKD Chase,Ireland,2017/18,13,0,5,0.0,5.137931034482759,204,15.4,5.9,282.1
Rehan Ahmed,England,2023/24,6,27,5,84.375,4.333333333333333,232,29.6,4.9,281.9
KAJ Roach,West Indies,2021/22,90,0,1,0.0,5.255813953488372,70,30.7,5.9,281.5
JA Burns,Australia,2015,6,146,0,77.24867724867724,0.0,245,166.4,0.0,281.4
BB Sran,India,2016,6,0,4,0.0,3.5921052631578947,174,17.5,7.2,281.3
S Bau,Papua New Guinea,2023,49,40,0,58.82352941176471,6.872727272727273,94,102.3,2.1,280.6
J Jarvis,Scotland,2024/25,8,0,5,0.0,5.538461538461538,147,15.4,6.3,280.6
AJ McKay,New Zealand,2011/12,19,2,7,18.181818181818183,5.252669039145907,274,14.1,6.3,280.2
JJ Tucker,Bermuda,2007/08,11,95,0,74.80314960629921,5.153846153846154,195,119.0,1.6,280.1
M Vijay,India,2015,17,86,1,68.25396825396825,5.526315789473684,167,121.4,1.9,280.1
DT Hondo,Zimbabwe,2004/05,32,8,8,47.05882352941176,4.88,292,20.3,6.4,279.9
AM Fernando,Sri Lanka,2024/25,15,2,10,20.0,5.098039215686274,378,14.4,7.8,279.8
RR Powar,India,2007/08,27,17,0,94.44444444444444,7.272727272727272,49,55.0,3.1,279.3
RK Paudel,Nepal,2024/25,62,2,0,18.181818181818183,0.0,10,184.9,0.3,279.3
CT Tremlett,England,2010/11,14,12,6,46.15384615384615,5.3099041533546325,290,21.0,6.1,279.0
T Shamsi,South Africa,2024/25,50,1,1,50.0,5.781818181818182,70,29.9,7.1,278.8
J Fraser-McGurk,Australia,2024/25,6,36,0,100.0,0.0,56,142.3,0.3,278.5
SJ Myburgh,Netherlands,2021/22,14,81,0,120.89552238805967,0.0,169,115.5,0.2,278.2
SN Netravalkar,United States of America,2024/25,51,4,6,40.0,5.312101910828026,217,17.3,6.1,278.1
Tanwir Afzal,Hong Kong,2018,13,12,0,109.09090909090908,5.63265306122449,51,59.2,3.1,278.0
Khurram Chohan,Canada,2013/14,11,23,5,47.91666666666667,6.0,192,28.9,4.9,277.8
Arafat Sunny,Bangladesh,2015/16,15,21,2,116.66666666666669,3.793548387096775,154,38.8,4.6,277.8
PW Gunaratne,Sri Lanka,2002/03,7,15,6,100.0,5.790209790209791,289,21.3,5.2,277.7
TSS Mackintosh,Scotland,2023,9,115,0,94.26229508196722,0.0,197,181.5,0.1,277.6
MR Swart,Netherlands,2013/14,6,29,0,103.57142857142858,4.8,95,80.5,4.8,277.6
WD Balaji Rao,Canada,2010/11,7,22,9,51.16279069767442,5.284403669724771,387,23.7,6.0,277.5
P Sarraf,Nepal,2023/24,13,41,2,64.0625,4.481012658227848,195,58.3,4.3,277.2
HK Badani,India,2003/04,6,135,1,77.14285714285715,4.9523809523809526,265,122.2,0.9,277.1
BCJ Cutting,Australia,2014,5,26,0,118.1818181818182,2.756756756756757,70,88.0,3.3,276.9
Mahedi Hasan,Bangladesh,2023/24,11,33,6,44.0,6.0,245,58.4,4.6,276.7
D Mongia,India,2007,21,34,2,82.92682926829268,5.888888888888889,134,50.8,3.8,275.9
Jasdeep Singh,United States of America,2024/25,33,1,3,11.11111111111111,6.755555555555556,127,15.9,6.8,275.6
MA Agarwal,India,2020/21,5,50,0,102.04081632653062,10.0,98,110.9,1.6,275.6
MB Kruger,Namibia,2024,7,115,0,68.8622754491018,0.0,172,177.7,0.1,275.4
KD Shah,Hong Kong,2018,7,43,3,63.23529411764706,4.333333333333333,150,59.5,3.8,275.3
KO Meth,Zimbabwe,2011/12,8,30,3,66.66666666666666,6.105882352941177,184,42.1,4.4,274.8
WK McCallan,Ireland,2009,15,5,0,83.33333333333334,6.0,21,41.0,3.6,274.6
I Udana,Sri Lanka,2021,20,47,2,95.91836734693877,5.735294117647059,174,79.1,3.9,274.5
DM Bravo,West Indies,2021/22,115,38,0,55.072463768115945,0.0,70,156.2,0.2,274.4
Faheem Ashraf,Pakistan,2023,33,4,1,33.33333333333333,5.711538461538462,79,30.2,6.6,274.2
P Khadka,Nepal,2019/20,8,80,0,71.42857142857143,4.069565217391304,222,110.2,1.4,274.1
A Martin,West Indies,2011/12,10,4,3,33.33333333333333,4.488188976377953,155,21.1,6.5,274.1
RD Shah,Kenya,2006/07,14,121,0,72.45508982035929,0.0,225,165.9,0.1,274.0
T Kaitano,Zimbabwe,2023/24,11,31,0,43.66197183098591,0.0,37,141.7,1.9,273.1
HK Bennett,New Zealand,2019/20,18,0,6,0.0,6.163043478260869,219,14.6,5.9,272.6
YS Chahal,India,2022/23,71,8,3,34.78260869565217,6.0,137,32.0,6.8,272.5
T Banton,England,2020,5,84,0,93.33333333333331,0.0,158,116.0,0.1,272.1
PP Chawla,India,2010/11,26,10,4,66.66666666666666,5.391705069124424,199,21.8,5.3,272.0
MO Jones,Bermuda,2007/08,6,53,2,98.14814814814817,4.941176470588235,197,77.0,3.8,271.8
CM Wright,Scotland,2009,7,24,3,36.92307692307693,3.612244897959184,157,38.8,4.4,271.6
CN Greaves,Scotland,2024,27,42,0,100.0,0.0,82,144.1,0.3,271.6
Waheed Ahmed,United Arab Emirates,2020/21,6,27,0,96.42857142857144,3.6,65,70.6,2.9,271.4
GT Main,Scotland,2024,16,0,4,0.0,3.9130434782608696,145,16.7,6.3,271.2
SSJ Brooks,West Indies,2023,29,130,0,71.8232044198895,0.0,193,180.8,0.1,270.9
Ahsan Malik,Netherlands,2013/14,6,0,5,0.0,5.349397590361446,178,16.4,6.1,270.6
CO Browne,West Indies,2005,10,73,0,92.40506329113924,0.0,150,114.2,0.1,270.5
Kushal Malla,Nepal,2024/25,36,40,0,55.55555555555556,2.333333333333333,76,89.7,1.6,270.4
A Mithun,India,2011/12,5,23,3,135.29411764705884,5.787610619469027,169,32.5,4.8,270.3
D Ravu,Papua New Guinea,2022,16,18,3,64.28571428571429,4.035398230088496,148,34.8,4.5,270.2
Mohammad Asif,Pakistan,2010,32,0,2,0.0,5.844827586206897,85,16.5,5.2,270.0
Akshay Homraj,United States of America,2019/20,8,159,0,69.1304347826087,0.0,337,165.6,0.0,269.8
AD Mascarenhas,England,2009,20,30,2,88.23529411764706,4.944723618090452,171,44.7,4.6,269.6
PJC Hoffmann,Scotland,2007,5,5,0,125.0,4.285714285714286,25,44.6,3.9,269.3
SE Marsh,Australia,2019,72,26,0,74.28571428571429,0.0,34,127.0,0.9,269.0
T Duffin,Zimbabwe,2006/07,9,103,0,56.9060773480663,0.0,157,165.7,0.1,268.8
EH Hutchinson,United States of America,2021,8,49,2,75.38461538461539,4.211538461538462,164,65.4,3.6,268.7
Mohammed Siraj,India,2024,43,9,3,30.0,6.11842105263158,144,27.2,6.1,268.4
Asif Khan,United Arab Emirates,2024,35,79,0,66.94915254237289,0.0,141,119.7,0.1,268.1
K Klein,Netherlands,2024/25,9,16,5,69.56521739130434,5.220779220779221,188,23.6,4.7,267.9
SJ Baard,Namibia,2022,17,112,0,60.86956521739131,0.0,186,163.2,0.1,267.8
RL Johnson,England,2003/04,8,6,3,46.15384615384615,2.481203007518797,154,37.2,5.6,267.6
L Ngidi,South Africa,2024/25,57,29,4,72.5,5.870503597122302,200,44.3,4.6,267.5
CJ Jordan,England,2022/23,39,14,1,77.77777777777779,6.409090909090909,61,44.6,3.4,267.5
A Nel,South Africa,2008,58,23,0,88.46153846153845,5.010989010989011,69,53.7,3.2,267.3
Hamza Tariq,Canada,2013/14,5,71,0,85.54216867469879,0.0,158,118.5,0.2,267.3
KOK Williams,West Indies,2017/18,7,16,6,80.0,4.580152671755726,227,24.3,5.5,267.1
M Labuschagne,Australia,2024/25,58,22,1,91.66666666666666,5.0,57,52.8,3.1,267.0
K Doriga,Papua New Guinea,2023,34,80,0,70.79646017699115,0.0,155,124.4,0.2,266.9
E Otieno,Kenya,2013/14,10,7,1,77.77777777777779,6.27906976744186,58,40.9,8.3,266.8
Taskin Ahmed,Bangladesh,2024/25,63,0,1,0.0,5.504587155963303,65,26.8,7.2,266.6
T van der Gugten,Netherlands,2024/25,10,58,1,66.66666666666666,3.059602649006622,173,87.0,1.6,266.5
TS Nethula,New Zealand,2012,5,12,1,120.0,5.931034482758621,78,37.5,4.3,266.5
HP Tillakaratne,Sri Lanka,2002/03,14,332,0,59.07473309608541,0.0,562,181.0,0.0,266.0
O Thomas,West Indies,2023/24,23,9,4,45.0,6.5131578947368425,155,28.1,6.1,265.9
Akif Raja,United Arab Emirates,2022,6,0,2,0.0,3.5036496350364965,138,17.4,6.6,265.7
RML Taylor,Scotland,2014/15,9,24,3,55.81395348837209,5.041420118343195,167,33.5,4.1,265.7
S Fouché,Namibia,2024,10,18,4,94.73684210526316,5.021739130434782,158,27.6,4.6,265.6
A Phillip,West Indies,2022,5,22,4,88.0,5.745454545454545,206,27.6,4.6,265.6
VC Drakes,West Indies,2003/04,12,12,2,29.268292682926827,4.192771084337349,148,30.1,5.5,265.6
AJ Turner,Australia,2021,9,50,2,100.0,3.767441860465116,178,76.8,4.1,265.3
FA Allen,West Indies,2021/22,19,42,2,61.76470588235294,5.3,155,61.3,3.5,265.2
SM Davies,England,2010/11,8,42,0,93.33333333333331,0.0,65,129.0,0.2,265.2
Ehsan Adil,Pakistan,2014/15,6,22,3,66.66666666666666,6.107142857142857,158,32.3,4.4,265.1
K Gore,United States of America,2021,13,63,1,91.30434782608695,4.188679245283018,156,82.2,1.7,265.0
DNT Zoysa,Sri Lanka,2005/06,16,2,5,33.33333333333333,5.921568627450981,174,16.2,5.5,265.0
LJ Wright,England,2013/14,50,1,0,7.142857142857142,0.0,6,154.8,0.7,264.9
M Dillon,West Indies,2004/05,20,6,3,60.0,4.6,132,27.5,5.9,264.9
JDP Oram,New Zealand,2012/13,104,2,0,50.0,5.720930232558139,36,78.5,4.7,264.9
SS McKechnie,Hong Kong,2018,6,7,0,77.77777777777779,0.0,40,91.6,1.7,264.8
R Rampaul,West Indies,2015/16,77,3,2,60.0,6.086956521739131,76,36.4,6.4,264.6
SM Sharif,Scotland,2024,64,23,0,67.64705882352942,5.375,57,78.7,2.5,264.6
RD Gaikwad,India,2023/24,7,88,0,85.43689320388349,0.0,164,122.6,0.1,264.5
GM Ewing,Zimbabwe,2005,6,19,4,61.29032258064516,3.4347826086956523,186,32.0,5.1,264.4
RP Singh,India,2011,54,0,4,0.0,6.044117647058823,152,16.5,6.0,264.4
Sohag Gazi,Bangladesh,2014,18,28,3,70.0,5.488636363636364,195,39.4,4.4,264.1
TS Chisoro,Zimbabwe,2020/21,11,12,4,75.0,5.7293233082706765,160,27.0,5.1,264.1
AR Adams,New Zealand,2006/07,17,4,1,33.33333333333333,6.309278350515464,77,26.0,6.2,264.0
LN Rajbanshi,Nepal,2024,31,0,3,0.0,3.863013698630137,127,17.0,6.5,264.0
WW Hinds,West Indies,2009/10,39,25,0,50.0,0.0,41,131.9,0.3,263.6
JT Brassell,Namibia,2024,7,1,3,10.0,4.963636363636364,162,15.5,5.7,263.6
DR Tuffey,New Zealand,2010/11,38,4,4,57.14285714285714,5.595505617977528,134,21.3,5.8,263.4
Imran Farhat,Pakistan,2013,48,64,0,43.24324324324324,0.0,72,144.2,2.7,263.4
MW Parkinson,England,2021,5,7,5,87.5,5.671232876712329,192,22.0,5.2,263.4
LA Dawson,England,2022/23,6,49,2,83.05084745762711,6.198895027624309,191,83.2,4.0,263.0
DE Bernard,West Indies,2010,16,13,0,144.44444444444443,5.678571428571428,51,67.5,3.0,262.9
G Kirsten,South Africa,2002/03,6,186,0,81.57894736842105,0.0,349,139.7,0.1,262.0
D Myers,Zimbabwe,2024/25,7,45,0,93.75,0.0,91,135.6,0.2,261.8
S Prasanna,Sri Lanka,2018/19,39,16,0,88.88888888888889,6.266666666666667,57,63.4,3.0,261.8
SI Mahmood,England,2009/10,25,0,1,0.0,5.066666666666666,40,16.9,4.3,261.7
Mohammad Haris,Pakistan,2023,6,20,0,111.11111111111111,0.0,38,137.0,0.4,261.6
JOA Gordon,Canada,2024,10,13,1,216.66666666666663,4.584905660377358,90,37.0,3.6,261.5
K Weeraratne,Sri Lanka,2008,5,63,0,86.3013698630137,6.555555555555555,115,109.1,1.5,261.4
GD Phillips,New Zealand,2024/25,33,46,1,76.66666666666667,4.75,142,87.6,3.1,261.2
Tanzim Hasan Sakib,Bangladesh,2024/25,9,45,1,71.42857142857143,5.643564356435644,139,71.7,2.0,260.9
CA Pujara,India,2014,5,38,0,35.18518518518518,0.0,41,134.7,1.2,260.7
N Pokana,Papua New Guinea,2022,16,6,1,33.33333333333333,4.03125,58,39.8,4.8,260.5
C Overton,England,2022,7,50,1,81.9672131147541,5.487179487179487,140,76.7,2.6,260.5
HB Shipley,New Zealand,2023,8,10,4,76.92307692307693,5.23756906077348,175,26.3,5.0,260.5
Mehrab Hossain jnr,Bangladesh,2009,13,25,1,60.97560975609756,5.823529411764706,106,52.0,3.3,260.2
AA Mulla,Canada,2007/08,8,26,0,136.8421052631579,0.0,82,174.5,0.5,260.1
KD Karthik,India,2019,86,14,0,41.17647058823529,0.0,40,109.7,0.4,260.0
MA Vermeulen,Zimbabwe,2009/10,29,18,0,41.86046511627907,0.0,58,104.1,0.2,259.7
MDK Perera,Sri Lanka,2018,13,29,0,65.9090909090909,8.333333333333334,51,70.3,3.0,259.7
Ehsan Khan,Hong Kong,2018,13,22,4,81.48148148148148,5.394495412844036,157,30.5,4.2,259.5
D Madushanka,Sri Lanka,2024/25,22,0,4,0.0,10.181818181818182,116,18.9,5.9,259.3
Nazmul Islam,Bangladesh,2018/19,5,0,4,0.0,5.2025316455696204,170,14.8,5.5,259.2
W O'Rourke,New Zealand,2024/25,6,4,3,40.0,4.50887573964497,142,20.1,5.4,259.2
Jay Odedra,Oman,2024/25,17,20,2,90.9090909090909,2.9589041095890414,168,53.8,5.0,259.1
JN Mohammed,West Indies,2021,31,13,0,65.0,5.023255813953488,39,52.0,2.8,258.7
Liton Das,Bangladesh,2024/25,83,6,0,21.428571428571427,0.0,9,138.0,0.3,258.5
Zawar Farid,United Arab Emirates,2022/23,10,21,3,61.76470588235294,6.962962962962963,138,32.8,4.1,258.5
RJ Harris,Australia,2011/12,21,5,3,38.46153846153847,5.273684210526316,160,26.4,5.9,258.3
TB Sole,Scotland,2019,8,14,3,82.35294117647058,4.339805825242718,201,32.1,4.8,258.1
K Birkenstock,Namibia,2023,17,31,2,77.5,5.825242718446601,133,41.8,3.9,258.0
Anshuman Rath,Hong Kong,2018,12,92,0,69.6969696969697,0.0,146,159.2,0.1,258.0
GH Dockrell,Ireland,2024/25,86,38,0,77.55102040816327,5.0,60,88.8,2.3,257.8
C Madande,Zimbabwe,2024/25,14,20,0,60.60606060606061,0.0,40,105.0,0.4,257.7
Farhad Reza,Bangladesh,2011/12,31,22,0,59.45945945945946,1.0,54,136.0,0.2,257.5
C Tear,Scotland,2024/25,9,94,0,57.3170731707317,0.0,133,159.9,0.2,257.2
TM Odoyo,Kenya,2013/14,37,2,4,28.57142857142857,6.0,134,17.2,5.8,257.0
Rishad Hossain,Bangladesh,2024/25,6,0,4,0.0,6.305732484076433,146,14.9,5.7,256.8
BTJ Wheal,Scotland,2024/25,12,9,2,81.81818181818183,2.776119402985074,143,47.2,5.7,256.7
SO Ngoche,Kenya,2013/14,6,9,1,180.0,4.777777777777778,58,36.4,4.9,256.1
Fawad Alam,Pakistan,2015,38,18,0,50.0,0.0,27,124.8,0.2,256.1
D Khanal,Nepal,2023/24,15,76,0,87.35632183908046,0.0,169,109.8,0.0,256.0
RK Kleinveldt,South Africa,2013,9,55,1,69.62025316455697,5.377777777777778,164,87.9,2.0,255.8
H Osinde,Canada,2012/13,17,0,2,0.0,3.84,68,17.9,7.0,255.7
D Gough,England,2006,38,19,0,100.0,5.351351351351351,51,53.0,3.1,255.7
MM Sharma,India,2015/16,26,0,5,0.0,6.402061855670103,188,15.5,5.7,255.6
S Matsikenyeri,Zimbabwe,2014/15,78,19,0,73.07692307692307,0.0,27,115.5,0.3,255.5
SN Thakur,India,2023/24,46,0,1,0.0,7.184210526315789,73,20.6,6.6,255.2
KK Ahmed,India,2019,10,0,4,0.0,7.211538461538462,130,16.0,5.5,255.2
CZ Harris,New Zealand,2004/05,22,9,1,31.03448275862069,3.5625,40,47.8,2.8,254.9
C Karunaratne,Sri Lanka,2023/24,26,8,0,28.57142857142857,4.575,56,53.1,2.7,254.9
KJ O'Brien,Ireland,2021,88,0,0,0.0,0.0,-3,146.2,0.8,254.6
M Bhanuka,Sri Lanka,2021,6,104,0,65.40880503144653,0.0,230,113.1,0.0,254.2
NG Smith,New Zealand,2024/25,5,26,5,65.0,6.403846153846154,272,28.0,3.9,253.7
Usama Mir,Pakistan,2023/24,9,0,4,0.0,6.831325301204819,171,16.5,5.4,253.3
MKDI Amerasinghe,Sri Lanka,2007/08,7,5,9,71.42857142857143,4.987212276214834,386,17.6,5.8,253.2
ST Gabriel,West Indies,2019,23,3,10,30.0,5.963525835866261,357,14.4,5.5,253.0
AM Hardie,Australia,2024/25,11,36,0,59.01639344262295,7.25,62,77.1,2.4,252.7
ND McKenzie,South Africa,2008/09,9,108,0,64.28571428571429,0.0,172,127.5,0.1,252.7
Saleem Elahi,Pakistan,2003/04,7,97,0,63.39869281045751,0.0,141,147.6,0.1,251.8
J Mubarak,Sri Lanka,2013,33,8,0,47.05882352941176,6.333333333333333,18,50.5,2.3,251.8
T Muzarabani,Zimbabwe,2016,6,6,0,54.54545454545454,3.4444444444444446,36,42.5,3.8,251.4
Kamran Ghulam,Pakistan,2024/25,7,192,1,106.07734806629834,4.0,432,111.8,0.9,251.3
Junaid Siddiqui,Canada,2024,8,7,1,30.434782608695656,3.865384615384616,70,49.8,4.2,250.8
R Clarke,England,2006,14,45,1,72.58064516129032,5.057142857142858,110,92.3,2.0,250.4
LJ Burger,Namibia,2002/03,6,11,6,16.923076923076923,5.125,319,19.6,5.7,250.4
CL Hooper,West Indies,2002/03,5,93,2,78.8135593220339,4.841584158415842,280,196.2,3.0,250.3
AB Dinda,India,2012/13,13,3,3,42.85714285714285,5.176470588235294,125,19.5,5.6,250.2
JA Richardson,Australia,2022,16,1,3,33.33333333333333,5.8269230769230775,118,18.3,5.7,250.1
Qadeer Ahmed,United Arab Emirates,2019,9,2,1,25.0,4.833333333333333,55,17.4,4.7,250.0
RR Pant,India,2024,29,6,0,66.66666666666666,0.0,18,121.0,0.3,249.6
SSB Magala,South Africa,2023/24,7,6,1,75.0,10.8,39,37.2,4.5,249.6
G Malla,Nepal,2023,33,20,0,55.55555555555556,0.0,40,125.1,0.4,249.5
RR Sarwan,West Indies,2013,116,2,0,25.0,0.0,2,144.7,0.4,249.4
J Kila,Papua New Guinea,2021/22,13,13,0,118.1818181818182,11.25,29,74.0,2.5,249.2
Mohammad Mithun,Bangladesh,2021,31,51,0,60.0,0.0,70,146.8,0.2,249.2
JK Kamande,Kenya,2010/11,21,27,3,33.33333333333333,5.5125,177,48.3,4.6,249.1
Ayan Khan,Oman,2024,37,71,2,55.46875,3.587628865979381,224,121.1,3.7,249.0
SMSM Senanayake,Sri Lanka,2015/16,57,7,1,38.88888888888889,5.4,69,45.0,6.2,248.8
TT Bresnan,England,2015,84,0,1,0.0,1.8333333333333333,51,70.4,1.9,248.6
A Neill,Scotland,2023,9,7,1,350.0,6.0,54,51.5,6.9,248.4
CL White,Australia,2017/18,85,35,0,63.63636363636363,0.0,47,138.8,0.2,248.1
S Dhakal,Nepal,2022/23,8,6,3,20.0,4.813186813186813,120,25.3,6.8,248.0
HDRL Thirimanne,Sri Lanka,2019/20,107,36,0,63.1578947368421,0.0,53,151.9,0.6,247.8
SD Outerbridge,Bermuda,2008,9,42,1,73.68421052631578,11.0,89,98.4,2.0,247.5
MH Cross,Scotland,2024/25,84,15,0,41.66666666666667,0.0,41,105.4,0.3,247.4
M Levitt,Netherlands,2024/25,9,12,0,120.0,0.0,22,146.5,0.4,247.2
Hazrat Bilal,United Arab Emirates,2022/23,7,24,8,33.33333333333333,4.328571428571429,343,24.2,5.3,247.1
L Siaka,Papua New Guinea,2022/23,41,5,0,62.5,0.0,5,140.8,0.3,247.1
LP van Troost,Netherlands,2006/07,9,39,1,68.42105263157895,12.96,110,101.7,1.9,247.1
JP Inglis,Australia,2024/25,25,74,0,81.31868131868131,0.0,150,107.9,0.0,246.9
DAS Gunaratne,Sri Lanka,2018/19,28,17,0,53.125,5.0,37,46.9,2.7,246.7
Aizaz Khan,Hong Kong,2018,13,27,1,55.10204081632652,4.985915492957746,90,49.9,3.1,246.4
Ehsan Nawaz,Hong Kong,2018,9,11,1,45.83333333333333,5.7631578947368425,62,38.0,3.2,245.8
DP Hyatt,West Indies,2011/12,9,110,0,61.452513966480446,0.0,197,135.5,0.1,245.8
DR Flynn,New Zealand,2012,11,61,0,84.72222222222221,6.333333333333333,110,96.1,1.2,245.3
BM Tickner,New Zealand,2023,13,6,1,54.54545454545454,7.153846153846154,61,33.7,5.0,245.0
PM Siddle,Australia,2018/19,19,10,2,83.33333333333334,6.0,117,36.1,5.4,244.9
L Klusener,South Africa,2004,12,28,1,82.35294117647058,4.457142857142857,121,41.9,3.6,244.8
AR White,Ireland,2014,25,7,0,38.88888888888889,5.04,15,52.4,3.1,244.8
Mohammad Tauqir,United Arab Emirates,2014/15,8,8,4,18.181818181818183,5.101123595505618,192,19.0,5.3,244.7
GW Flower,Zimbabwe,2010/11,23,35,0,76.08695652173914,5.428571428571429,59,74.9,2.4,244.5
Azhar Mahmood,Pakistan,2006/07,11,29,1,51.78571428571429,4.268041237113402,106,53.0,3.9,244.3
Arshad Khan,Pakistan,2005/06,7,12,1,92.3076923076923,4.060150375939849,103,39.6,3.6,244.1
A Maregwede,Zimbabwe,2004/05,8,29,0,46.03174603174603,0.0,41,110.4,0.3,244.0
SJ Modani,United States of America,2024/25,33,33,0,53.2258064516129,0.0,49,138.6,0.2,244.0
BMAJ Mendis,Sri Lanka,2019,54,32,0,53.333333333333336,5.742857142857143,78,79.9,4.2,244.0
RDM Leverock,Bermuda,2008,12,5,1,100.0,2.8,76,58.5,5.0,243.9
FRJ Coleman,Scotland,2014/15,8,77,0,78.57142857142857,0.0,158,112.7,0.0,243.9
RJ Sidebottom,England,2009/10,22,20,2,46.51162790697674,5.162790697674418,108,46.7,4.2,243.8
MA Jones,Scotland,2024/25,14,31,0,73.80952380952381,0.0,43,134.5,0.3,243.5
PM Liyanagamage,Sri Lanka,2023/24,6,11,2,47.82608695652174,6.355263157894737,126,37.3,5.1,243.5
RS Morton,West Indies,2009/10,43,7,0,26.923076923076923,0.0,15,138.8,0.3,243.4
Hamza Tahir,Scotland,2022/23,29,1,0,50.0,5.577464788732394,67,46.2,6.4,243.4
AM Blignaut,Zimbabwe,2010,30,1,1,33.33333333333333,3.0,72,28.0,4.6,243.3
E Schiferli,Netherlands,2013,9,8,2,57.14285714285714,4.6,92,35.6,4.6,243.2
EC Rainsford,Zimbabwe,2009,22,1,0,16.666666666666664,5.04424778761062,47,21.6,4.8,243.2
DO Obuya,Kenya,2011/12,23,30,0,38.46153846153847,0.0,58,100.4,0.2,243.1
Nafees Iqbal,Bangladesh,2005,9,27,0,54.0,0.0,39,106.5,0.3,243.1
Ebadat Hossain,Bangladesh,2023,10,2,2,33.33333333333333,5.041666666666667,107,19.8,4.8,242.8
BJ Hodge,Australia,2007/08,23,59,0,50.86206896551724,9.0,126,122.7,0.9,242.7
KH Pandya,India,2021,5,35,1,64.81481481481481,3.327272727272728,132,54.6,1.8,242.6
JJ van der Wath,South Africa,2007,10,4,3,50.0,6.057142857142857,121,22.0,5.4,242.4
Saqib Zulfiqar,Netherlands,2023/24,11,10,0,55.55555555555556,7.5,34,97.0,2.6,242.3
RR Watson,Scotland,2009,11,21,1,70.0,4.733333333333333,90,41.6,3.3,242.3
Jai Prakash Yadav,India,2005/06,6,12,2,54.54545454545454,4.714285714285714,112,36.3,5.7,242.2
PG Fulton,New Zealand,2008/09,43,95,0,59.74842767295597,0.0,171,117.8,0.1,242.1
M Prasidh Krishna,India,2023/24,17,0,3,0.0,8.314285714285715,94,19.9,5.3,242.0
TD Astle,New Zealand,2018/19,10,10,3,62.5,5.533980582524271,121,31.4,5.1,241.8
WG Jacks,England,2024/25,15,36,0,73.46938775510205,8.0,68,87.1,2.0,241.8
AT Nidamanuru,Netherlands,2024/25,29,34,0,77.27272727272727,0.0,56,117.1,0.3,241.5
Ahmed Shehzad,Pakistan,2017/18,82,8,0,27.58620689655172,0.0,21,115.6,0.3,241.4
SR Mukkamalla,United States of America,2024/25,23,85,0,77.98165137614679,0.0,136,118.9,0.2,241.3
DA Marillier,Zimbabwe,2003,10,3,1,16.666666666666664,3.388235294117647,57,19.2,4.1,241.2
DE Budge,Scotland,2022,15,84,0,73.68421052631578,4.534883720930233,177,111.5,0.7,241.0
Yasir Arafat,Pakistan,2009,8,26,0,53.06122448979592,4.186046511627907,104,64.5,2.9,240.9
Mushfiqur Rahman,Bangladesh,2004/05,14,29,1,56.86274509803921,6.405405405405405,102,59.4,3.9,240.8
Younis Khan,Pakistan,2015/16,174,9,0,50.0,0.0,25,93.6,0.3,240.7
Shahriar Nafees,Bangladesh,2011/12,52,39,0,41.48936170212766,0.0,60,125.4,0.2,240.7
JT Smuts,South Africa,2021,5,17,1,89.47368421052632,8.375,62,39.1,3.8,240.6
DL Chahar,India,2022/23,11,23,1,74.19354838709677,4.408163265306123,101,45.7,3.0,240.5
CJ Bowes,New Zealand,2023,6,84,0,83.16831683168317,0.0,164,109.8,0.1,240.3
NRJ Croes,Netherlands,2024/25,13,74,0,60.16260162601627,0.0,92,136.0,1.1,240.3
BP Loots,Netherlands,2010/11,5,6,2,60.0,7.023529411764706,115,30.9,6.6,240.3
JR Hazlewood,Australia,2024/25,88,2,0,22.22222222222222,5.023255813953488,24,66.0,4.9,240.0
A McGrath,England,2004,14,23,2,37.096774193548384,3.36,113,51.1,5.1,239.9
Saeed Ajmal,Pakistan,2015,107,0,1,0.0,6.310344827586207,62,24.8,6.5,239.7
SS Pathirana,Sri Lanka,2017/18,18,9,2,42.85714285714285,6.228571428571429,102,34.9,4.9,239.6
R Murray,Zimbabwe,2018,6,108,0,60.0,0.0,176,117.8,0.1,239.5
HF Gurney,England,2014/15,10,8,1,44.44444444444444,5.7290322580645165,88,35.5,3.6,239.4
Waqar Younis,Pakistan,2002/03,5,17,7,68.0,5.301587301587301,292,25.0,4.7,239.3
AP Devcich,New Zealand,2016/17,13,18,0,105.88235294117648,4.698795180722891,45,47.7,3.4,239.2
BV Vitori,Zimbabwe,2016/17,20,0,3,0.0,5.563636363636364,90,17.4,4.8,239.2
UT Yadav,India,2018/19,74,0,1,0.0,6.836065573770492,63,24.8,6.5,238.8
Yasir Hameed,Pakistan,2007/08,40,29,0,34.93975903614458,0.0,37,104.1,0.4,238.8
Hannan Sarkar,Bangladesh,2004,13,40,0,56.33802816901409,0.0,60,133.8,0.2,238.4
PDRL Perera,Sri Lanka,2006/07,13,0,3,0.0,5.142857142857143,107,16.5,5.0,238.3
Babar Hayat,Hong Kong,2018,15,25,0,50.0,0.0,43,114.7,0.2,238.2
JW Dernbach,England,2013,24,2,1,40.0,6.5760000000000005,68,20.1,6.6,238.1
MA Aponso,Sri Lanka,2018/19,9,0,2,0.0,6.7368421052631575,66,16.4,4.7,237.8
V Permaul,West Indies,2017,8,8,0,133.33333333333331,7.75,24,82.7,2.4,237.7
S Thuraisingam,Canada,2006/07,6,1,2,16.666666666666664,4.25,101,16.8,5.0,237.2
MC Henriques,Australia,2021,17,12,0,29.268292682926827,0.0,14,152.2,0.4,237.1
OP Stone,England,2024,9,10,1,55.55555555555556,6.473684210526316,76,55.3,3.3,237.0
Arshdeep Singh,India,2024,7,3,2,60.0,5.394495412844036,93,21.3,4.5,236.7
SK Atai,Papua New Guinea,2022,14,36,0,45.0,0.0,76,107.2,1.8,235.9
J Lewis,England,2007,11,17,1,106.25,5.704918032786885,74,38.2,3.5,235.8
RN Bhatia,United Arab Emirates,2024/25,9,11,0,30.55555555555556,4.363636363636363,52,47.0,2.6,235.8
HS Baidwan,Canada,2013/14,16,3,1,30.0,5.5,64,18.2,7.1,235.7
KAD Hurdle,Bermuda,2007/08,9,5,3,83.33333333333334,5.22,129,25.0,5.2,235.6
MVT Fernando,Sri Lanka,2018/19,8,3,2,17.647058823529413,8.516129032258064,65,19.7,4.8,235.3
Ghulam Shabber,United Arab Emirates,2019,20,76,0,57.14285714285714,0.0,112,122.4,0.3,235.2
F Mutizwa,Zimbabwe,2011/12,10,75,0,61.47540983606557,0.0,132,106.4,0.3,235.1
MA Ouma,Kenya,2013/14,26,5,0,35.714285714285715,0.0,5,136.2,0.3,234.9
S Dhaniram,Canada,2009,11,41,1,85.41666666666666,2.5,92,73.1,1.8,234.9
Shan Masood,Pakistan,2023,10,52,0,56.52173913043478,0.0,80,129.7,0.3,234.7
AK Sah,Nepal,2024/25,13,75,0,61.47540983606557,0.0,137,106.3,0.5,234.4
Y Cariah,West Indies,2023/24,14,5,1,50.0,6.685714285714286,82,46.8,5.6,234.3
Yasir Mohammad,United States of America,2024,8,0,2,0.0,6.4954128440366965,94,15.8,4.9,234.3
B Evans,Zimbabwe,2023,14,17,1,85.0,4.7368421052631575,100,37.9,3.4,234.2
Bilawal Bhatti,Pakistan,2014/15,10,9,1,64.28571428571429,7.621621621621622,87,49.5,3.7,234.2
CJO Smith,Scotland,2009,10,43,0,70.49180327868852,0.0,88,110.9,0.2,234.1
Imran Haider,United Arab Emirates,2019,17,11,2,37.93103448275862,6.942857142857143,84,39.4,4.6,234.0
HDPK Dharmasena,Sri Lanka,2003/04,8,2,1,28.57142857142857,4.278688524590164,66,17.6,5.3,234.0
GJ Whittall,Zimbabwe,2002/03,6,59,4,83.09859154929578,5.036496350364963,261,74.6,4.0,233.9
RD Jacobs,West Indies,2004,21,7,0,41.17647058823529,0.0,99,94.1,0.2,233.8
Manjural Islam Rana,Bangladesh,2005/06,15,23,0,71.875,7.5,35,56.6,2.5,233.8
G Toka,Papua New Guinea,2023,21,26,0,37.68115942028986,0.0,41,100.0,0.3,233.2
JN Malan,South Africa,2022/23,23,62,0,60.78431372549019,0.0,122,113.0,0.1,233.2
MA Suji,Kenya,2004,11,6,2,75.0,4.108108108108108,102,31.9,4.6,233.1
DAJ Bracewell,New Zealand,2022/23,23,0,0,0.0,0.0,8,134.9,0.9,233.1
AC Dawson,South Africa,2003/04,6,23,0,71.875,4.979591836734694,97,49.6,3.1,233.0
CK Kapugedera,Sri Lanka,2017/18,85,18,0,60.0,0.0,26,113.1,0.3,232.9
H Hiri,Papua New Guinea,2023,32,12,0,34.285714285714285,0.0,10,128.9,0.3,232.9
Sohaib Maqsood,Pakistan,2021,28,46,0,83.63636363636363,0.0,84,122.9,0.3,232.7
Sanwar Hossain,Bangladesh,2003,9,56,0,47.86324786324786,6.0,112,95.6,1.7,232.6
UWMBCA Welegedara,Sri Lanka,2010,9,0,2,0.0,4.375,94,16.5,4.7,232.6
VM Nyauchi,Zimbabwe,2022/23,10,7,2,77.77777777777779,5.204081632653062,99,33.8,4.7,232.3
DS Kulkarni,India,2016/17,12,25,1,86.20689655172413,8.093023255813954,84,45.6,3.9,231.9
N Dutta,Canada,2023/24,6,45,0,72.58064516129032,4.444444444444445,87,90.1,1.7,231.8
M Pathirana,Sri Lanka,2023/24,10,6,2,31.57894736842105,7.21875,100,27.4,4.9,231.8
BB Chari,Zimbabwe,2020/21,14,36,0,52.17391304347826,0.0,62,102.7,0.2,231.7
RS Gavaskar,India,2004,9,61,0,47.65625,5.052631578947369,81,99.0,1.7,230.7
T Marumani,Zimbabwe,2024/25,14,57,0,72.15189873417721,0.0,123,104.1,0.0,230.7
V Shankar,India,2019,11,29,2,82.85714285714286,3.5294117647058822,116,48.0,4.1,230.6
NE Bonner,West Indies,2022,6,34,1,80.95238095238095,4.775510204081633,92,74.3,2.3,230.5
Mohammad Yousuf,Pakistan,2010/11,76,3,0,60.0,0.0,3,146.0,0.3,230.4
Mukesh Kumar,India,2023/24,6,4,1,40.0,5.602649006622516,102,23.5,5.5,230.4
LS Baker,West Indies,2009,6,0,1,0.0,6.428571428571428,40,16.2,3.9,230.4
PA Jaques,Australia,2006/07,5,29,0,56.86274509803921,0.0,63,114.1,0.3,229.9
JH Kallis,South Africa,2014,138,5,0,23.809523809523807,0.0,18,97.7,0.3,229.8
MW Short,Australia,2024/25,11,42,0,82.35294117647058,2.0,78,107.8,1.0,229.5
LD Chandimal,Sri Lanka,2022,140,6,0,54.54545454545454,0.0,10,105.8,0.3,229.5
Abul Hasan,Bangladesh,2017/18,7,7,0,100.0,6.25,19,42.9,3.7,229.4
SM Sharma,United Arab Emirates,2023/24,11,4,1,57.14285714285714,5.236363636363636,53,24.8,4.2,229.3
KA Hope,West Indies,2017/18,7,5,0,83.33333333333334,0.0,9,106.4,0.4,229.0
Mohammad Sami,Pakistan,2015,48,0,0,0.0,6.979591836734694,32,26.6,3.5,229.0
JW Hastings,Australia,2017,29,0,2,0.0,7.666666666666667,66,16.6,5.6,229.0
WP Saha,India,2014/15,8,16,0,84.21052631578947,0.0,80,113.1,0.4,228.8
KC Brathwaite,West Indies,2016/17,10,278,1,56.2753036437247,5.450980392156863,463,169.6,0.8,228.7
Sandeep Goud,Oman,2024/25,36,3,0,42.85714285714285,0.0,11,137.0,0.3,228.6
HJW Gardiner,Scotland,2014/15,7,24,0,53.333333333333336,0.0,57,99.3,0.2,228.4
T Mishra,Kenya,2012/13,15,24,0,61.53846153846154,0.0,36,111.1,0.3,228.3
Azhar Ali,Pakistan,2017/18,54,12,0,37.5,0.0,17,119.2,0.3,228.2
BN Cooper,Netherlands,2021,10,16,0,69.56521739130434,0.0,11,120.8,0.6,228.0
SC Joseph,West Indies,2005,6,70,0,57.85123966942148,0.0,120,105.2,0.3,227.6
Nasum Ahmed,Bangladesh,2024/25,16,0,1,0.0,8.0,37,20.5,5.8,227.0
Asif Ali,Pakistan,2021,16,21,0,60.0,0.0,37,99.7,0.3,226.8
HP Rinke,Zimbabwe,2006/07,8,5,2,27.77777777777778,6.222222222222222,73,47.5,4.4,226.6
Mohammad Naim,Bangladesh,2023,6,57,0,58.76288659793815,0.0,87,123.2,0.2,226.6
KH Prajapati,Oman,2024,35,99,0,54.3956043956044,0.0,179,112.0,0.0,226.6
GJ Batty,England,2008/09,6,24,1,43.63636363636363,5.538461538461538,75,48.6,2.7,226.3
IJ Harvey,Australia,2004,22,22,0,95.65217391304348,4.64516129032258,50,55.7,3.0,226.2
L Louwrens,Namibia,2024,25,33,0,31.428571428571427,0.0,58,94.8,0.3,225.1
V Sukumaran,United Arab Emirates,2024/25,10,41,1,41.41414141414141,3.313432835820896,107,99.1,1.6,225.1
Abid Ali,Pakistan,2020/21,6,43,0,75.43859649122807,0.0,79,117.8,0.3,224.9
PL Mommsen,Scotland,2017,19,14,0,42.42424242424242,0.0,12,125.1,0.3,224.6
B Laughlin,Australia,2009,5,0,1,0.0,6.432989690721649,69,16.1,6.5,224.5
B Bhandari,Nepal,2022,17,27,0,38.0281690140845,0.0,45,99.3,0.3,224.4
Raqibul Hasan,Bangladesh,2011,48,7,0,26.923076923076923,0.0,4,118.3,0.3,224.2
Taijul Islam,Bangladesh,2023/24,18,0,1,0.0,7.29113924050633,47,16.7,4.5,224.2
Mohammad Nadeem,Oman,2024/25,35,27,0,42.1875,0.0,33,97.8,0.4,223.9
A Bagai,Canada,2013,26,3,0,17.647058823529413,0.0,17,79.3,0.3,223.9
TL Best,West Indies,2013/14,22,0,1,0.0,7.527272727272727,41,16.7,4.0,223.6
NN Odhiambo,Kenya,2013/14,22,7,0,53.84615384615385,6.227848101265823,37,45.5,4.4,223.5
MA Carberry,England,2014,6,6,0,75.0,0.0,6,128.4,0.4,223.3
Al-Amin Hossain,Bangladesh,2019/20,15,0,1,0.0,7.809523809523809,44,17.2,5.1,222.9
FH Allen,New Zealand,2023,21,49,0,76.5625,0.0,110,105.2,0.1,222.9
DS Bajwa,Canada,2024,6,55,0,53.92156862745098,12.0,85,101.6,1.5,222.9
TN de Grooth,Netherlands,2011,8,3,0,60.0,0.0,3,112.2,0.3,222.8
Y Venugopal Rao,India,2006,11,11,0,39.285714285714285,0.0,7,117.4,0.4,222.4
Syed Rasel,Bangladesh,2010,41,0,0,0.0,6.0,20,31.4,3.4,222.3
J Anderson,Ireland,2016/17,6,44,0,66.66666666666666,0.0,72,112.9,0.2,222.2
N Davin,Namibia,2023/24,8,36,0,83.72093023255815,0.0,73,118.2,0.2,222.1
JNT Vare,Papua New Guinea,2017/18,5,34,0,50.74626865671642,0.0,64,95.3,0.3,222.1
ZE Surkari,Canada,2010/11,8,104,0,44.06779661016949,0.0,148,132.8,0.1,222.0
CT Mumba,Zimbabwe,2020/21,7,12,1,38.70967741935484,8.210526315789474,50,38.0,2.8,221.7
PA Hitchcock,New Zealand,2007/08,7,11,0,100.0,7.363636363636364,29,46.6,2.7,221.6
Nazimuddin,Bangladesh,2011/12,11,57,0,52.77777777777778,0.0,91,111.6,0.4,221.6
AA Paradkar,United States of America,2024,7,12,1,38.70967741935484,6.074999999999999,67,40.1,2.8,221.5
BA Williams,Australia,2004,19,0,1,0.0,5.4375,35,16.7,3.8,221.5
Shariz Ahmad,Netherlands,2024/25,19,26,1,50.98039215686274,6.0,66,54.0,3.1,221.5
KDK Vithanage,Sri Lanka,2014,6,5,0,100.0,7.0,11,33.9,3.0,221.5
Dhiman Ghosh,Bangladesh,2008,11,32,0,64.0,0.0,72,103.7,0.3,221.3
ML Udawatte,Sri Lanka,2008/09,8,46,0,54.11764705882353,0.0,66,105.1,0.2,220.4
B Kumar,India,2021/22,119,4,0,33.33333333333333,6.690265486725664,37,38.9,4.5,220.3
AM Ellis,New Zealand,2013/14,15,0,1,0.0,7.173913043478261,38,16.6,3.9,220.2
Muhammad Jawadullah,United Arab Emirates,2024,7,0,1,0.0,6.679245283018868,34,16.2,3.9,220.2
SM Katich,Australia,2006/07,31,56,0,50.45045045045045,0.0,92,98.5,0.6,220.1
GH Worker,New Zealand,2018/19,11,47,0,57.3170731707317,0.0,95,112.6,0.1,219.8
D Ganga,West Indies,2006/07,7,41,0,39.04761904761905,0.0,43,116.2,1.4,219.6
Faisal Iqbal,Pakistan,2006/07,8,30,0,61.224489795918366,0.0,54,110.0,0.4,219.2
KV Morea,Papua New Guinea,2023,16,7,0,175.0,6.122448979591837,27,53.9,4.1,219.1
FH Edwards,West Indies,2009,40,4,0,50.0,6.8108108108108105,16,37.7,2.9,218.6
Qaiser Ali,Canada,2008,5,10,0,31.25,2.32258064516129,34,81.2,2.5,218.4
Tushar Imran,Bangladesh,2007/08,21,23,0,47.91666666666667,5.666666666666667,59,65.5,2.6,218.1
ST Jayasuriya,Sri Lanka,2011,133,2,1,50.0,6.947368421052632,39,35.1,4.5,217.6
CS Martin,New Zealand,2007/08,10,2,7,66.66666666666666,4.61003861003861,435,16.2,5.8,217.3
PT Collins,West Indies,2005,8,0,1,0.0,4.721311475409836,42,16.7,4.6,217.1
Sohail Khan,Pakistan,2016/17,13,0,1,0.0,4.133333333333334,50,17.7,4.3,216.9
Rashid Latif,Pakistan,2003/04,20,77,0,64.16666666666667,0.0,127,102.7,0.2,216.6
RS Kaluwitharana,Sri Lanka,2003/04,7,38,0,67.85714285714286,0.0,79,103.5,0.3,216.5
TA Blundell,New Zealand,2023/24,12,29,0,74.35897435897436,0.0,81,104.5,0.2,216.2
JD Nel,Scotland,2009,7,5,0,45.45454545454545,5.730337078651685,46,45.4,3.8,216.1
Chirag Suri,United Arab Emirates,2022/23,36,5,0,33.33333333333333,0.0,6,113.0,0.3,216.0
Z Crawley,England,2023/24,8,51,0,66.23376623376623,0.0,108,100.5,0.0,215.7
JL Pattinson,Australia,2015,14,2,0,25.0,6.568421052631579,47,26.1,4.1,215.0
T Mupariwa,Zimbabwe,2016,29,1,0,11.11111111111111,6.8108108108108105,13,46.3,3.0,214.9
RR Patel,Kenya,2013/14,10,48,0,80.0,0.0,72,113.6,0.3,214.8
AN Kervezee,Netherlands,2010/11,10,81,0,63.28125,0.0,161,92.2,0.0,214.6
Shamsur Rahman,Bangladesh,2014,10,12,0,52.17391304347826,13.0,22,85.9,2.0,213.9
LPC Silva,Sri Lanka,2011/12,53,1,0,14.285714285714285,0.0,1,130.0,0.7,213.6
ML Nkala,Zimbabwe,2006/07,11,14,0,53.84615384615385,3.6666666666666665,25,57.6,2.4,213.1
MK Tiwary,India,2015,16,34,0,44.73684210526316,6.0,44,85.1,3.1,213.0
MP Stoinis,Australia,2024/25,68,8,0,30.76923076923077,3.6666666666666665,18,62.5,2.7,213.0
SV Carlisle,Zimbabwe,2005,6,39,0,36.11111111111111,0.0,43,110.9,0.2,212.8
G Snyman,Namibia,2002/03,5,5,6,55.55555555555556,4.872611464968153,272,17.8,4.7,212.7
CP Rizwan,United Arab Emirates,2023/24,39,18,0,58.06451612903226,0.0,22,117.7,0.3,212.5
C Carter,Hong Kong,2018,9,5,0,20.0,0.0,13,97.4,0.3,212.0
Hammad Azam,Pakistan,2015,9,4,0,33.33333333333333,5.142857142857143,28,33.6,4.1,211.9
M Zondeki,South Africa,2008/09,9,0,1,0.0,5.529411764705882,42,16.8,3.8,210.9
MS Panesar,England,2007/08,26,3,1,23.07692307692308,3.1,52,20.9,3.9,210.8
Tanveer Ahmed,Hong Kong,2017/18,6,2,1,25.0,4.465116279069767,43,17.5,4.5,210.7
LN Onyango,Kenya,2013/14,8,0,1,0.0,4.64516129032258,49,16.9,4.6,210.7
NT Broom,New Zealand,2017/18,37,8,0,38.095238095238095,0.0,22,92.8,0.3,210.6
L Balaji,India,2008/09,20,7,0,70.0,6.0,21,42.0,3.9,209.6
WS Jayantha,Sri Lanka,2004/05,9,21,0,58.333333333333336,0.0,42,102.1,0.3,209.3
PP Ojha,India,2012,18,5,1,27.77777777777778,7.142857142857143,43,34.0,3.5,208.8
UDU Chandana,Sri Lanka,2007,26,1,0,16.666666666666664,3.3488372093023253,35,50.5,4.6,208.6
A Codrington,Canada,2006/07,6,5,0,71.42857142857143,5.090909090909091,20,29.2,3.6,208.3
KA Edwards,West Indies,2014,16,10,0,25.64102564102564,0.0,11,102.7,0.4,208.2
TK Musakanda,Zimbabwe,2022,9,4,0,80.0,0.0,16,93.1,0.5,208.2
Ziaur Rahman,Bangladesh,2014,12,2,0,40.0,4.615384615384616,19,45.3,3.6,208.2
CA Ingram,South Africa,2013/14,30,4,0,57.14285714285714,0.0,13,103.4,0.3,208.2
N Boje,South Africa,2005/06,20,0,1,0.0,2.938775510204082,45,20.8,5.1,208.1
JJ Krejza,Australia,2010/11,8,13,7,52.0,4.493023255813953,362,20.3,4.9,207.8
Suhrawadi Shuvo,Bangladesh,2011/12,18,0,1,0.0,0.6666666666666666,43,80.5,0.9,207.6
GA Lamb,Zimbabwe,2011,15,1,0,100.0,7.4,9,31.6,2.9,207.2
AC Evans,Scotland,2023,26,0,1,0.0,5.0,39,17.5,4.6,207.1
B Stanlake,Australia,2018/19,7,0,0,0.0,4.721311475409836,17,20.2,4.2,206.6
HS Modi,Kenya,2006,13,23,0,38.983050847457626,0.0,37,99.6,0.3,206.3
A Sharma,United Arab Emirates,2024/25,13,7,0,33.33333333333333,0.0,0,114.9,0.4,205.7
P Jayawickrama,Sri Lanka,2021,5,7,5,58.333333333333336,5.1940298507462686,202,20.7,4.5,205.6
BD Glover,Netherlands,2022/23,7,0,1,0.0,6.0,48,16.7,4.3,205.4
AM Samad,Canada,2009,11,30,0,65.21739130434783,0.0,50,108.9,0.4,205.2
MR Gillespie,New Zealand,2008/09,27,0,1,0.0,3.6,50,18.8,3.9,205.2
ST Finn,England,2017,67,3,0,60.0,5.0,21,27.2,4.0,204.9
J Gumbie,Zimbabwe,2024/25,15,25,0,62.5,0.0,45,102.5,0.2,204.9
CG Williams,Namibia,2022,16,27,0,38.57142857142858,3.627906976744186,43,64.4,2.7,204.8
RR Hendricks,South Africa,2024/25,36,1,0,14.285714285714285,0.0,9,99.8,0.5,204.6
GEF Barnett,Canada,2010,5,26,0,42.62295081967213,0.0,36,95.6,0.3,204.6
GM Hamilton,Scotland,2009,10,8,0,40.0,0.0,12,106.8,0.3,204.5
Adeel Raja,Netherlands,2010/11,7,0,0,0.0,5.0,33,21.3,4.4,204.2
DT Tiripano,Zimbabwe,2021,31,0,2,0.0,6.75,63,17.7,5.2,203.9
I Kaia,Zimbabwe,2023/24,16,10,0,41.66666666666667,0.0,10,101.3,0.3,203.6
DA Minors,Bermuda,2006/07,8,104,0,59.09090909090909,0.0,251,102.3,0.1,203.4
Bazid Khan,Pakistan,2007/08,5,53,0,51.9607843137255,0.0,79,96.2,0.3,203.0
Khaled Mahmud,Bangladesh,2005/06,28,36,0,54.54545454545454,6.0,66,68.5,2.6,202.9
Bikram Sob,Nepal,2021/22,5,1,0,8.333333333333332,5.0,21,23.4,4.3,202.9
Shahid Wasif,Hong Kong,2017/18,7,9,0,24.324324324324326,0.0,7,96.2,0.4,202.8
Amjad Javed,United Arab Emirates,2017,13,2,0,25.0,3.6774193548387095,26,27.1,3.1,202.7
S Chattergoon,West Indies,2008/09,10,47,0,45.63106796116505,0.0,82,94.0,0.2,202.1
Milind Kumar,United States of America,2024/25,9,5,0,21.73913043478261,0.0,-1,100.5,0.5,202.1
MNK Fernando,Sri Lanka,2024/25,6,0,0,0.0,0.0,24,85.4,0.5,202.0
CBRLS Kumara,Sri Lanka,2024/25,28,1,0,10.0,6.631578947368421,13,42.6,3.0,201.7
SW Ambris,West Indies,2020/21,16,26,0,72.22222222222221,0.0,44,106.8,0.4,201.7
CB Sole,Scotland,2024/25,29,0,0,0.0,5.793103448275862,9,33.5,3.1,201.3
JAR Blain,Scotland,2009,9,2,0,7.142857142857142,4.125,31,25.6,3.7,201.1
AD Poynter,Ireland,2014,6,52,0,49.0566037735849,0.0,76,93.4,0.2,201.1
HMCM Bandara,Sri Lanka,2009/10,26,0,0,0.0,3.934426229508197,30,26.8,3.8,201.1
RJ Nicol,New Zealand,2013/14,22,2,0,9.090909090909092,6.473684210526316,19,31.8,3.5,201.0
SHT Kandamby,Sri Lanka,2014/15,33,0,0,0.0,0.0,-3,103.0,0.4,200.9
Rizwan Cheema,Canada,2012/13,13,2,0,50.0,5.125,26,34.2,3.8,200.4
D Keulder,Namibia,2002/03,6,132,0,59.72850678733032,0.0,211,143.4,0.1,200.2
I Maraj,Canada,2002/03,6,98,0,35.8974358974359,4.888888888888889,177,103.1,1.2,200.2
NB Mahwire,Zimbabwe,2006/07,10,0,0,0.0,4.545454545454546,11,28.1,3.5,200.1
JD Unadkat,India,2023,8,0,1,0.0,3.2,47,18.9,3.9,200.0
Mohammad Boota,United Arab Emirates,2019,7,36,0,45.56962025316456,0.0,52,96.3,0.4,200.0
M Shumba,Zimbabwe,2023/24,7,30,0,50.84745762711864,0.0,47,103.1,0.2,199.5
FDM Karunaratne,Sri Lanka,2023/24,38,0,0,0.0,0.0,-3,104.0,0.4,199.5
TC Bastiampillai,Canada,2013/14,5,12,0,26.666666666666668,0.0,14,110.1,0.3,199.2
Adnan Akmal,Pakistan,2011/12,5,11,0,45.83333333333333,0.0,23,94.6,0.3,199.1
RA Reifer,West Indies,2023,6,15,1,50.0,4.736842105263158,44,38.0,2.9,199.1
CB Wishart,Zimbabwe,2003/04,15,31,0,47.69230769230769,0.0,44,102.5,0.2,199.1
PJ Ingram,New Zealand,2010,7,12,0,70.58823529411765,0.0,20,102.4,0.4,199.0
Manjural Islam,Bangladesh,2002/03,5,2,5,18.181818181818183,4.572687224669603,231,13.9,4.7,198.7
JL Ontong,South Africa,2012,8,0,0,0.0,0.0,8,99.6,0.6,198.7
BOP Fernando,Sri Lanka,2021,8,18,0,69.23076923076923,0.0,24,102.5,0.3,197.8
BA Parchment,West Indies,2007/08,6,107,0,54.04040404040404,0.0,167,121.6,0.1,197.7
K Zondo,South Africa,2021/22,6,4,0,57.14285714285714,0.0,4,108.7,0.3,197.6
CMW Read,England,2006/07,21,6,0,37.5,0.0,17,92.5,0.3,197.5
Shuvagata Hom,Bangladesh,2016/17,6,0,0,0.0,0.0,22,82.3,0.7,197.3
CAH Stevenson,United States of America,2022/23,22,0,0,0.0,0.0,22,82.3,0.7,197.3
Moin Khan,Pakistan,2004/05,17,21,0,61.76470588235294,0.0,45,92.6,0.2,197.2
SW Masakadza,Zimbabwe,2014/15,13,0,0,0.0,0.0,8,100.8,0.6,196.9
SR Waters,Kenya,2010/11,7,38,0,42.22222222222222,0.0,54,98.7,0.2,196.9
HGV Vare,Papua New Guinea,2023,6,4,0,36.36363636363637,0.0,32,88.4,0.4,196.7
D Elgar,South Africa,2018/19,8,6,0,31.57894736842105,0.0,18,94.7,0.3,196.6
Umar Amin,Pakistan,2017/18,19,2,0,50.0,3.0,14,43.0,5.0,196.4
Aizaz Cheema,Pakistan,2012,14,2,0,25.0,5.181818181818182,16,21.3,3.0,196.1
S Bhari,Nepal,2022,10,1,0,25.0,5.5813953488372094,20,27.9,3.1,196.0
N Madziva,Zimbabwe,2016,9,10,0,38.46153846153847,4.3125,18,48.1,2.1,195.9
Nurul Hasan,Bangladesh,2023,8,0,0,0.0,0.0,28,75.6,0.5,195.7
R Klein,Netherlands,2024/25,13,3,0,37.5,3.0,17,28.9,4.6,195.3
JAH Marshall,New Zealand,2008,7,4,0,16.0,0.0,14,90.0,0.3,195.2
AJ Redmond,New Zealand,2010/11,6,16,0,53.333333333333336,0.0,28,93.2,0.3,194.8
A Saud,Nepal,2024,11,15,0,37.5,0.0,43,81.3,0.3,194.8
Musa Ahmed,Netherlands,2024,13,14,0,31.818181818181817,5.0,14,64.9,2.1,194.6
BL Kotze,Namibia,2002/03,5,27,3,51.92307692307693,6.045112781954887,216,31.3,3.4,194.1
NFI McCallum,Scotland,2011,10,19,0,59.375,0.0,27,108.9,0.3,194.1
STR Binny,India,2015/16,14,2,0,40.0,7.319999999999999,16,23.9,2.7,193.9
GM Strydom,Zimbabwe,2006/07,6,4,0,18.181818181818183,0.0,-2,85.8,0.4,193.9
Krishna Chandran,United Arab Emirates,2016,7,15,0,55.55555555555556,8.0,33,48.8,2.1,193.7
IS Billcliff,Canada,2009,10,3,0,16.666666666666664,0.0,25,83.7,0.3,193.6
TCB Fernando,Sri Lanka,2002/03,6,18,1,46.15384615384615,4.418181818181819,135,35.7,3.2,193.3
U Bhatti,Canada,2010,11,19,0,73.07692307692307,5.4,29,50.6,2.3,193.2
VV Morea,Papua New Guinea,2017/18,8,13,0,65.0,0.0,22,99.3,0.5,193.1
VR Aaron,India,2014/15,9,0,0,0.0,4.551724137931035,9,27.2,3.4,193.1
JT Ball,England,2018,18,1,0,10.0,5.419354838709677,19,27.7,3.4,192.8
JO Ngoche,Kenya,2012/13,6,0,0,0.0,4.2,12,26.0,3.2,192.5
Umran Malik,India,2023,9,0,0,0.0,6.972972972972973,17,26.2,2.9,192.3
SP Patil,United Arab Emirates,2015/16,8,8,0,47.05882352941176,0.0,20,95.0,0.5,192.3
Shahadat Hossain,Bangladesh,2012/13,33,0,1,0.0,6.28125,46,16.8,4.3,191.9
JB Reva,Papua New Guinea,2017/18,5,3,0,42.85714285714285,6.0,17,29.7,3.0,191.8
RC Irani,England,2002/03,8,67,7,53.6,4.766197183098591,382,45.0,5.1,191.5
Hasan Mahmud,Bangladesh,2024/25,19,0,1,0.0,6.0,41,16.7,3.9,191.4
S Mahmood,England,2024/25,9,0,0,0.0,7.0,14,22.5,2.9,191.0
D Bau,Papua New Guinea,2022,9,18,0,60.0,0.0,26,104.6,0.3,190.8
A Athanaze,West Indies,2024/25,13,18,0,58.06451612903226,3.473684210526316,32,56.5,2.5,190.7
RJW Topley,England,2024/25,29,0,1,0.0,5.473684210526316,44,17.2,4.3,190.3
DJ Reekers,Netherlands,2008,5,0,0,0.0,0.0,5,84.6,0.8,190.2
C Floyd,Netherlands,2024,9,1,0,16.666666666666664,3.875,19,21.5,3.4,189.9
ST Doheny,Ireland,2024/25,10,3,0,33.33333333333333,0.0,12,94.2,0.3,189.6
Rajin Saleh,Bangladesh,2006/07,26,6,0,31.57894736842105,4.0,14,52.3,2.6,189.5
AK Perera,Sri Lanka,2019/20,6,13,0,52.0,0.0,13,108.8,0.3,189.2
YK Pathan,India,2011/12,54,0,0,0.0,5.612903225806451,10,31.5,3.0,189.1
Kabir Ali,England,2006,12,0,0,0.0,8.0,25,22.0,3.2,189.1
Zulfiqar Babar,Pakistan,2015,5,1,0,25.0,5.6,21,19.0,3.1,189.0
MJ Hoggard,England,2005/06,7,0,0,0.0,6.6,24,22.7,3.2,188.9
M van Jaarsveld,South Africa,2004,6,0,0,0.0,0.0,-3,85.9,0.4,188.5
TMK Mawoyo,Zimbabwe,2014,7,16,0,25.806451612903224,0.0,21,90.8,0.3,188.4
JP Behrendorff,Australia,2021/22,12,2,0,25.0,5.666666666666667,20,20.7,3.0,188.4
TK Patel,United States of America,2019/20,6,17,0,36.17021276595745,5.142857142857143,33,47.4,2.5,188.3
SMA Priyanjan,Sri Lanka,2015,21,18,0,64.28571428571429,0.0,18,104.6,0.3,188.2
PJ Forrest,Australia,2012,14,15,0,32.608695652173914,0.0,8,87.7,0.4,188.2
PA Browne,West Indies,2008,5,1,0,5.555555555555555,0.0,9,84.1,0.7,187.7
Rahat Ali,Pakistan,2015/16,14,0,0,0.0,7.090909090909091,9,27.4,2.7,187.7
CJ Smith,Bermuda,2006/07,5,27,0,56.25,0.0,49,107.0,0.2,187.2
AO Suji,Kenya,2008,12,3,0,42.85714285714285,5.142857142857142,5,36.8,3.0,187.1
Navdeep Saini,India,2021,8,15,0,39.47368421052632,4.6875,21,52.1,2.3,187.1
TM Dowlin,West Indies,2010,11,0,0,0.0,0.0,8,69.3,2.5,186.0
S Jora,Nepal,2023,6,0,0,0.0,0.0,8,69.3,2.5,186.0
Al Sahariar,Bangladesh,2003/04,7,0,0,0.0,0.0,8,69.3,2.5,186.0
Yasir Ali Chowdhury,Bangladesh,2023,6,0,0,0.0,0.0,8,69.3,2.5,186.0
JA McCollum,Ireland,2020/21,7,0,0,0.0,0.0,8,69.3,2.5,186.0
TR Ambrose,England,2008,5,10,0,29.411764705882355,0.0,31,84.0,0.5,185.8
IH Romaine,Bermuda,2008,12,2,0,40.0,5.428571428571429,13,37.3,2.8,185.4
J Smits,Netherlands,2008,13,2,0,18.181818181818183,0.0,2,70.7,0.4,184.9
Amjad Ali,United Arab Emirates,2015/16,10,18,0,62.06896551724138,0.0,26,104.1,0.3,184.8
DL Hemp,Bermuda,2007/08,11,20,0,30.303030303030305,0.0,19,83.9,0.4,184.8
RMS Eranga,Sri Lanka,2016,18,0,0,0.0,0.0,-3,85.1,0.3,184.8
PC de Silva,Sri Lanka,2017/18,7,0,0,0.0,0.0,8,70.5,0.6,184.5
DF Watts,Scotland,2011,8,0,0,0.0,0.0,-3,84.9,0.4,184.4
Jahurul Islam,Bangladesh,2013,12,0,0,0.0,0.0,-3,84.9,0.4,184.4
VVS Laxman,India,2006/07,27,0,0,0.0,0.0,-3,84.9,0.4,184.4
CAK Walton,West Indies,2017/18,8,0,0,0.0,0.0,-3,84.9,0.4,184.4
SW Poynter,Ireland,2017/18,8,0,0,0.0,0.0,-3,84.9,0.4,184.4
FL Reifer,West Indies,2009/10,6,36,0,40.0,0.0,44,99.9,0.2,184.2
Ashfaq Ahmed,United Arab Emirates,2019,15,18,0,37.5,0.0,14,98.2,0.4,184.1
DJ Hooda,India,2022/23,9,12,0,46.15384615384615,0.0,18,92.9,0.3,183.5
N Hussain,England,2002/03,10,127,0,64.14141414141415,0.0,188,136.8,0.1,183.1
PJ Hughes,Australia,2014/15,25,5,0,35.714285714285715,0.0,5,104.3,0.3,182.9
TJ Friend,Zimbabwe,2003/04,9,7,0,31.818181818181817,0.0,7,98.6,0.4,182.2
T Munyonga,Zimbabwe,2022,6,92,0,67.15328467153284,10.0,152,102.7,0.5,182.0
C Hemraj,West Indies,2018/19,6,82,0,81.1881188118812,7.7142857142857135,172,116.6,0.7,180.9
S Badrinath,India,2011,6,40,0,47.05882352941176,0.0,46,88.1,0.5,180.1
ML Lewis,Australia,2005/06,5,4,3,100.0,6.517241379310345,169,22.0,4.2,180.0
CD Cumming,New Zealand,2008/09,6,0,0,0.0,0.0,3,75.7,0.7,178.9
HJC Mol,Netherlands,2008,6,4,0,18.181818181818183,0.0,-2,82.8,0.4,178.9
B Zuiderent,Netherlands,2010/11,16,17,0,36.17021276595745,0.0,24,89.0,0.5,178.7
Khalid Kail,Oman,2024,5,117,0,74.0506329113924,0.0,208,137.9,0.1,178.3
NA de Groot,Canada,2002/03,6,44,3,33.84615384615385,6.518518518518518,151,75.8,3.3,178.0
PSP Handscomb,Australia,2019,21,4,0,33.33333333333333,0.0,4,90.0,0.3,177.8
Ravinderpal Singh,Canada,2024,5,1,0,12.5,0.0,1,74.4,0.8,177.1
PBB Rajapaksa,Sri Lanka,2021,5,89,0,102.29885057471265,0.0,164,92.0,0.1,176.9
JO Troughton,England,2003,5,36,0,46.75324675324675,0.0,61,84.7,0.2,176.5
JP Maher,Australia,2003,6,19,0,46.34146341463415,0.0,29,83.5,0.4,175.3
JV Harris,Canada,2002/03,6,91,0,43.96135265700483,0.0,133,92.8,0.2,173.5
DA Gunawardene,Sri Lanka,2005/06,16,3,0,17.647058823529413,0.0,3,77.7,0.3,171.6
KNA Bandara,Sri Lanka,2021,5,18,0,32.72727272727273,0.0,22,81.6,0.3,170.9
Taufeeq Umar,Pakistan,2011,11,3,0,25.0,0.0,3,82.4,0.3,170.6
GB Murgatroyd,Namibia,2002/03,6,90,0,60.810810810810814,0.0,126,103.5,0.1,169.9
KO Otieno,Kenya,2008/09,18,19,0,48.71794871794872,0.0,33,86.3,0.3,168.8
Shayan Jahangir,United States of America,2024/25,22,19,0,48.71794871794872,0.0,26,86.3,0.3,168.5
Usman Limbada,Canada,2013/14,5,19,0,51.35135135135135,0.0,23,92.4,0.3,168.2
BJ Patel,Kenya,2006,10,1,0,12.5,0.0,1,70.2,0.9,167.9
SJ Swanepoel,Namibia,2002/03,5,43,0,43.43434343434344,0.0,59,83.9,0.2,166.7
AR Berenger,United Arab Emirates,2014/15,6,53,0,46.08695652173913,0.0,81,84.2,0.6,166.3
NS Poonia,Scotland,2009,6,2,0,15.384615384615383,0.0,-1,73.6,0.3,166.2
DLS van Bunge,Netherlands,2013,13,21,0,51.21951219512195,0.0,27,88.7,0.2,164.7
SP Khakurel,Nepal,2022,5,3,0,42.85714285714285,0.0,3,83.2,0.3,164.0
CJ Ferguson,Australia,2011,28,3,0,50.0,0.0,3,84.4,0.3,163.1
Irfan Khan,Pakistan,2024/25,6,48,0,64.86486486486487,0.0,116,83.8,0.0,160.6
Waqas Khan,Hong Kong,2017/18,6,1,0,50.0,0.0,1,77.9,0.5,159.1
M van Schoor,Namibia,2002/03,5,58,0,52.25225225225225,0.0,114,78.9,0.0,154.1
PS Athavale,Oman,2024,7,103,0,58.52272727272727,0.0,224,96.4,0.0,147.1
