player,team,season,matches,runs,balls_faced,fours,sixes,wickets,runs_conceded,balls_bowled,catches,fantasy_points,wins,batting_sr,bowling_econ
A Ashok,New Zealand,2023/24,2,10,12,2,0,1,65,61,1,75,1,83.33333333333334,6.39344262295082
A Athanaze,West Indies,2023,4,125,128,15,4,0,6,7,3,255,2,97.65625,5.142857142857142
A Athanaze,West Indies,2023/24,6,163,219,21,2,0,0,0,3,309,2,74.42922374429224,0.0
A Athanaze,West Indies,2024/25,3,18,31,1,0,0,11,19,0,32,1,58.06451612903226,3.473684210526316
A Bagai,Canada,2002/03,6,56,113,5,0,0,0,0,8,164,1,49.557522123893804,0.0
A Bagai,Canada,2006/07,7,153,264,13,0,0,0,0,7,299,3,57.95454545454546,0.0
A Bagai,Canada,2008,1,5,19,1,0,0,0,0,0,9,0,26.31578947368421,0.0
A Bagai,Canada,2009,2,87,125,8,1,0,0,0,5,193,2,69.6,0.0
A Bagai,Canada,2010,2,85,129,9,0,0,0,0,0,145,1,65.89147286821705,0.0
A Bagai,Canada,2010/11,6,225,328,27,0,0,0,0,8,446,1,68.59756097560977,0.0
A Bagai,Canada,2013,2,3,17,0,0,0,0,0,1,17,0,17.647058823529413,0.0
A Balbirnie,Ireland,2010,1,17,33,1,0,0,0,0,0,21,1,51.515151515151516,0.0
A Balbirnie,Ireland,2014,3,60,139,6,0,1,31,24,0,113,2,43.16546762589928,7.75
A Balbirnie,Ireland,2014/15,7,256,290,23,4,0,0,0,0,418,4,88.27586206896552,0.0
A Balbirnie,Ireland,2015,2,17,31,2,0,0,0,0,0,25,0,54.83870967741935,0.0
A Balbirnie,Ireland,2015/16,3,41,82,3,0,0,0,0,1,55,1,50.0,0.0
A Balbirnie,Ireland,2016/17,2,62,74,8,0,0,0,0,1,114,2,83.78378378378379,0.0
A Balbirnie,Ireland,2017,5,80,129,9,1,0,0,0,1,133,0,62.01550387596899,0.0
A Balbirnie,Ireland,2017/18,9,346,460,37,2,0,0,0,4,623,7,75.21739130434783,0.0
A Balbirnie,Ireland,2019,7,328,370,29,8,0,0,0,2,618,3,88.64864864864866,0.0
A Balbirnie,Ireland,2019/20,3,97,117,10,3,0,0,0,0,167,0,82.90598290598291,0.0
A Balbirnie,Ireland,2020,3,131,148,14,0,0,0,0,3,257,1,88.51351351351352,0.0
A Balbirnie,Ireland,2020/21,2,56,73,5,0,0,0,0,0,88,1,76.71232876712328,0.0
A Balbirnie,Ireland,2021,9,340,486,34,3,0,0,0,3,596,3,69.95884773662551,0.0
A Balbirnie,Ireland,2021/22,1,71,95,7,1,0,0,0,0,117,0,74.73684210526315,0.0
A Balbirnie,Ireland,2022,3,11,28,1,0,0,0,0,0,12,0,39.285714285714285,0.0
A Balbirnie,Ireland,2022/23,3,132,170,14,3,0,0,0,0,246,0,77.64705882352942,0.0
A Balbirnie,Ireland,2023,10,245,344,26,1,0,0,0,6,438,3,71.22093023255815,0.0
A Balbirnie,Ireland,2023/24,2,82,103,4,1,0,0,0,2,141,2,79.6116504854369,0.0
A Balbirnie,Ireland,2024/25,3,66,113,6,2,0,0,0,5,150,1,58.4070796460177,0.0
A Bohara,Nepal,2019/20,2,13,14,0,0,0,51,66,0,45,1,92.85714285714286,4.636363636363637
A Codrington,Canada,2002/03,5,28,72,2,0,6,125,154,0,258,1,38.88888888888889,4.87012987012987
A Codrington,Canada,2006/07,1,5,7,1,0,0,28,33,0,20,0,71.42857142857143,5.090909090909091
A Dananjaya,Sri Lanka,2017,6,33,65,2,0,13,316,361,0,504,0,50.76923076923077,5.25207756232687
A Dananjaya,Sri Lanka,2017/18,11,121,189,12,1,5,442,591,6,583,3,64.02116402116403,4.4873096446700504
A Dananjaya,Sri Lanka,2018,5,63,89,6,0,14,241,260,0,548,2,70.78651685393258,5.561538461538461
A Dananjaya,Sri Lanka,2018/19,9,64,61,4,2,9,353,408,3,507,1,104.91803278688525,5.1911764705882355
A Dananjaya,Sri Lanka,2019,2,0,1,0,0,3,81,122,0,116,2,0.0,3.9836065573770494
A Dananjaya,Sri Lanka,2021,3,8,6,1,0,5,155,162,0,193,2,133.33333333333331,5.7407407407407405
A Dananjaya,Sri Lanka,2024,2,32,35,4,0,1,94,120,0,119,1,91.42857142857143,4.7
A Dutt,Netherlands,2021,2,9,21,0,0,1,22,48,0,60,1,42.857142857142854,2.75
A Dutt,Netherlands,2021/22,2,17,40,2,0,2,65,54,0,87,0,42.5,7.222222222222222
A Dutt,Netherlands,2022,9,16,33,2,0,7,369,418,0,354,0,48.484848484848484,5.296650717703349
A Dutt,Netherlands,2022/23,3,31,42,1,2,2,134,151,0,151,0,73.80952380952381,5.324503311258278
A Dutt,Netherlands,2023,8,23,37,2,0,5,342,415,1,321,4,62.16216216216216,4.944578313253012
A Dutt,Netherlands,2023/24,12,71,90,2,5,20,489,615,5,926,4,78.88888888888889,4.770731707317073
A Dutt,Netherlands,2024,4,16,32,0,0,5,117,207,1,237,4,50.0,3.391304347826087
A Dutt,Netherlands,2024/25,4,10,35,0,1,4,129,225,0,226,1,28.57142857142857,3.44
A Flintoff,England,2002/03,6,172,237,13,6,8,188,360,2,673,3,72.57383966244726,3.1333333333333333
A Flintoff,England,2003,9,225,289,27,4,14,220,404,1,961,5,77.85467128027682,3.2673267326732676
A Flintoff,England,2003/04,6,223,196,24,11,8,136,268,0,796,3,113.77551020408163,3.0447761194029854
A Flintoff,England,2004,8,406,356,32,19,11,171,292,1,1176,6,114.04494382022472,3.5136986301369864
A Flintoff,England,2005,6,79,116,11,0,10,218,337,1,532,2,68.10344827586206,3.881305637982196
A Flintoff,England,2005/06,6,208,262,21,6,8,226,291,3,697,2,79.38931297709924,4.65979381443299
A Flintoff,ICC World XI,2005/06,2,63,78,7,0,1,85,76,0,142,0,80.76923076923077,6.710526315789474
A Flintoff,England,2006/07,21,402,527,34,2,26,636,967,6,1736,10,76.280834914611,3.94622543950362
A Flintoff,England,2007,4,14,15,3,0,10,126,227,2,418,3,93.33333333333333,3.330396475770925
A Flintoff,England,2008,4,187,161,23,2,10,118,191,1,689,4,116.14906832298138,3.7068062827225132
A Flintoff,England,2008/09,8,117,129,10,4,10,297,371,4,623,2,90.69767441860465,4.803234501347709
A Flower,Zimbabwe,2002/03,7,332,472,30,1,0,0,0,1,514,2,70.33898305084746,0.0
A Johnson,Canada,2023,4,119,118,15,4,0,0,0,4,253,2,100.84745762711864,0.0
A Johnson,Canada,2023/24,7,180,187,19,11,0,0,0,4,388,4,96.2566844919786,0.0
A Johnson,Canada,2024,8,139,155,19,8,0,14,24,2,309,4,89.6774193548387,3.5
A Kumble,India,2002/03,5,48,128,5,0,7,151,253,1,351,3,37.5,3.58102766798419
A Kumble,India,2003/04,8,13,19,2,0,5,330,458,2,341,5,68.42105263157895,4.323144104803494
A Kumble,India,2004,5,15,31,0,0,3,208,241,0,171,2,48.38709677419355,5.178423236514523
A Kumble,India,2004/05,1,0,0,0,0,2,51,63,0,75,0,0.0,4.857142857142857
A Kumble,Asia XI,2005,1,24,49,3,0,1,37,62,0,81,0,48.97959183673469,3.5806451612903225
A Kumble,India,2006/07,7,8,34,0,0,8,278,387,1,384,2,23.52941176470588,4.310077519379845
A Maregwede,Zimbabwe,2003/04,1,0,5,0,0,0,0,0,0,-3,0,0.0,0.0
A Maregwede,Zimbabwe,2004,5,79,114,8,1,0,0,0,1,129,0,69.2982456140351,0.0
A Maregwede,Zimbabwe,2004/05,2,29,63,2,0,0,0,0,1,41,0,46.03174603174603,0.0
A Martin,West Indies,2011,6,6,17,0,0,6,198,320,2,307,3,35.294117647058826,3.7125
A Martin,West Indies,2011/12,4,4,12,0,0,3,95,127,2,155,0,33.33333333333333,4.488188976377953
A McGrath,England,2003,9,132,280,8,0,1,101,141,2,268,5,47.14285714285714,4.297872340425532
A McGrath,England,2003/04,1,0,0,0,0,0,0,0,1,8,0,0.0,0.0
A McGrath,England,2004,4,23,62,2,0,2,42,75,0,113,1,37.096774193548384,3.36
A Mishra,India,2009/10,4,0,0,0,0,4,156,214,1,194,3,0.0,4.373831775700935
A Mishra,India,2010,3,0,3,0,0,1,142,175,0,88,1,0.0,4.868571428571428
A Mishra,India,2011,5,5,16,0,0,9,194,305,1,389,3,31.25,3.8163934426229504
A Mishra,India,2013,5,9,8,1,0,18,196,294,1,617,5,112.5,4.0
A Mishra,India,2013/14,2,1,1,0,0,2,104,122,0,99,1,100.0,5.114754098360656
A Mishra,India,2014,2,4,17,0,0,2,54,61,0,74,2,23.52941176470588,5.311475409836066
A Mishra,India,2014/15,2,5,13,1,0,3,111,121,0,134,1,38.46153846153847,5.5041322314049586
A Mishra,India,2015/16,4,4,8,1,0,2,216,242,0,142,1,50.0,5.355371900826446
A Mishra,India,2016/17,5,15,21,1,0,12,209,271,1,440,3,71.42857142857143,4.627306273062731
A Mithun,India,2009/10,1,24,23,0,2,0,63,48,0,52,0,104.34782608695652,7.875
A Mithun,India,2010,1,4,17,0,0,0,21,27,0,13,0,23.52941176470588,4.666666666666667
A Mithun,India,2011/12,3,23,17,2,2,3,109,113,1,169,2,135.29411764705884,5.787610619469027
A Nao,Papua New Guinea,2017,2,8,8,0,0,0,67,81,1,52,1,100.0,4.962962962962963
A Nao,Papua New Guinea,2017/18,4,6,9,0,0,6,129,210,1,260,0,66.66666666666666,3.6857142857142855
A Nao,Papua New Guinea,2019,1,5,3,1,0,1,57,56,2,68,0,166.66666666666669,6.107142857142857
A Nao,Papua New Guinea,2021/22,4,2,4,0,0,9,133,212,2,335,2,50.0,3.7641509433962264
A Nao,Papua New Guinea,2022,2,8,10,1,0,0,109,92,0,44,0,80.0,7.108695652173913
A Nao,Papua New Guinea,2022/23,6,25,37,2,1,2,186,220,2,188,1,67.56756756756756,5.072727272727273
A Ndlovu,Zimbabwe,2019,2,0,0,0,0,1,77,103,0,63,0,0.0,4.485436893203883
A Nehra,India,2002/03,13,10,20,2,0,17,416,620,0,747,9,50.0,4.025806451612904
A Nehra,India,2003/04,4,14,5,2,1,7,201,237,0,285,2,280.0,5.0886075949367084
A Nehra,India,2004,6,10,11,1,0,6,158,273,1,296,2,90.9090909090909,3.4725274725274726
A Nehra,India,2004/05,3,1,9,0,0,7,214,179,0,235,1,11.11111111111111,7.1731843575419
A Nehra,Asia XI,2005,2,1,2,0,0,1,49,66,1,66,0,50.0,4.454545454545454
A Nehra,India,2005,3,0,2,0,0,2,66,115,0,98,2,0.0,3.443478260869565
A Nehra,India,2009,7,1,8,0,0,10,232,277,2,380,4,12.5,5.025270758122744
A Nehra,India,2009/10,20,36,51,2,1,28,939,976,2,1135,10,70.58823529411765,5.772540983606557
A Nehra,India,2010,8,8,34,1,0,14,298,395,2,548,5,23.52941176470588,4.526582278481013
A Nehra,India,2010/11,13,9,32,1,0,13,573,607,2,569,10,28.125,5.663920922570016
A Neill,Scotland,2019,1,0,4,0,0,1,22,57,0,51,0,0.0,2.3157894736842106
A Neill,Scotland,2021,1,0,0,0,0,1,19,55,0,49,1,0.0,2.0727272727272728
A Neill,Scotland,2022,6,22,37,1,0,11,240,292,2,427,4,59.45945945945946,4.931506849315069
A Neill,Scotland,2023,1,7,2,1,0,1,44,44,0,54,1,350.0,6.0
A Nel,South Africa,2003,2,1,11,0,0,3,51,94,0,135,1,9.090909090909092,3.25531914893617
A Nel,South Africa,2003/04,7,0,0,0,0,11,279,367,1,435,4,0.0,4.561307901907357
A Nel,South Africa,2004/05,7,3,6,0,0,9,267,311,2,366,4,50.0,5.15112540192926
A Nel,South Africa,2005,2,0,0,0,0,2,58,84,0,98,2,0.0,4.142857142857143
A Nel,South Africa,2005/06,7,4,1,1,0,11,283,410,1,480,6,400.0,4.1414634146341465
A Nel,South Africa,2006/07,17,48,91,5,1,27,590,890,4,1197,11,52.74725274725275,3.9775280898876404
A Nel,South Africa,2007,3,1,3,0,0,4,106,157,0,166,1,33.33333333333333,4.050955414012739
A Nel,South Africa,2007/08,10,43,21,5,2,17,383,537,4,779,9,204.76190476190476,4.279329608938547
A Nel,South Africa,2008,3,23,26,3,0,0,76,91,0,69,0,88.46153846153845,5.010989010989011
A Nortje,South Africa,2018/19,4,8,19,0,0,8,145,194,2,299,4,42.10526315789473,4.484536082474227
A Nortje,South Africa,2019/20,3,1,1,0,0,6,133,145,0,203,3,100.0,5.503448275862069
A Nortje,South Africa,2021,5,10,8,1,0,8,281,286,0,332,2,125.0,5.895104895104895
A Nortje,South Africa,2022,2,6,12,0,0,6,99,91,1,194,1,50.0,6.527472527472527
A Nortje,South Africa,2022/23,6,5,7,1,0,8,245,277,0,317,4,71.42857142857143,5.306859205776173
A Nortje,South Africa,2023/24,1,10,13,1,0,0,58,30,0,18,0,76.92307692307693,11.6
A Patel,Canada,2002/03,2,25,30,3,0,3,67,66,0,138,0,83.33333333333334,6.090909090909091
A Phillip,West Indies,2020/21,1,0,0,0,0,0,43,36,0,10,1,0.0,7.166666666666667
A Phillip,West Indies,2022,4,22,25,0,1,4,158,165,2,206,2,88.0,5.745454545454545
A Saud,Nepal,2022/23,7,125,269,12,2,0,0,0,2,231,2,46.468401486988846,0.0
A Saud,Nepal,2023,2,49,92,3,2,0,0,0,3,105,1,53.2608695652174,0.0
A Saud,Nepal,2024,2,15,40,2,0,0,0,0,3,43,0,37.5,0.0
A Shahzad,England,2009/10,1,0,0,0,0,1,51,57,1,52,1,0.0,5.368421052631579
A Shahzad,England,2010,2,5,9,0,0,5,62,87,0,170,1,55.55555555555556,4.275862068965517
A Shahzad,England,2010/11,7,35,53,0,3,9,307,415,3,455,1,66.0377358490566,4.43855421686747
A Shamshudeen,Canada,2007/08,1,3,30,0,0,0,24,18,0,3,0,10.0,8.0
A Sharafu,United Arab Emirates,2020/21,1,1,9,0,0,0,0,0,0,1,1,11.11111111111111,0.0
A Sharafu,United Arab Emirates,2021/22,2,21,16,3,0,0,0,0,2,52,1,131.25,0.0
A Sharafu,United Arab Emirates,2022,3,26,40,1,1,0,0,0,2,52,1,65.0,0.0
A Sharafu,United Arab Emirates,2022/23,7,119,204,10,0,0,0,0,4,204,2,58.333333333333336,0.0
A Sharafu,United Arab Emirates,2023/24,2,29,44,4,1,0,0,0,1,59,0,65.9090909090909,0.0
A Sharafu,United Arab Emirates,2024,3,61,72,10,1,0,0,0,1,122,1,84.72222222222221,0.0
A Sharma,United Arab Emirates,2023,7,136,188,17,2,0,0,0,9,311,2,72.3404255319149,0.0
A Sharma,United Arab Emirates,2024,4,72,101,8,2,0,0,0,1,135,1,71.28712871287128,0.0
A Sharma,United Arab Emirates,2024/25,2,7,21,0,0,0,0,0,0,0,0,33.33333333333333,0.0
A Symonds,Australia,2002/03,13,338,406,32,6,2,159,223,7,781,12,83.2512315270936,4.278026905829597
A Symonds,Australia,2003,6,89,152,5,0,4,122,141,3,284,4,58.55263157894737,5.191489361702128
A Symonds,Australia,2003/04,14,527,616,41,12,12,555,712,5,1472,11,85.55194805194806,4.676966292134831
A Symonds,Australia,2004,6,207,190,20,5,2,174,218,0,510,4,108.94736842105263,4.788990825688073
A Symonds,Australia,2004/05,8,214,269,19,3,4,313,369,1,577,5,79.5539033457249,5.0894308943089435
A Symonds,Australia,2005,6,218,270,16,5,6,138,244,2,639,4,80.74074074074075,3.3934426229508197
A Symonds,Australia,2005/06,18,605,625,50,13,19,570,630,12,1886,14,96.8,5.428571428571429
A Symonds,Australia,2006/07,24,529,578,50,10,8,482,582,7,1328,21,91.52249134948097,4.969072164948454
A Symonds,Australia,2007/08,18,619,658,48,15,1,125,162,7,1203,10,94.07294832826749,4.62962962962963
A Symonds,Australia,2008,3,161,172,17,3,4,63,86,1,425,3,93.6046511627907,4.395348837209302
A Symonds,Australia,2009,5,82,111,6,1,4,93,109,2,282,3,73.87387387387388,5.1192660550458715
A Vala,Papua New Guinea,2016/17,3,114,135,13,2,2,85,159,1,332,1,84.44444444444444,3.207547169811321
A Vala,Papua New Guinea,2017,2,41,72,4,0,6,49,121,0,261,1,56.94444444444444,2.4297520661157024
A Vala,Papua New Guinea,2017/18,5,91,176,8,0,3,96,139,3,284,1,51.70454545454546,4.143884892086331
A Vala,Papua New Guinea,2019,9,366,489,26,9,10,214,350,7,1038,1,74.84662576687117,3.6685714285714286
A Vala,Papua New Guinea,2021,8,213,310,19,2,3,156,221,3,529,0,68.70967741935485,4.235294117647059
A Vala,Papua New Guinea,2021/22,6,238,375,24,0,2,119,180,0,485,3,63.46666666666667,3.966666666666667
A Vala,Papua New Guinea,2022,8,186,285,12,2,5,213,335,4,559,1,65.26315789473685,3.814925373134328
A Vala,Papua New Guinea,2022/23,11,387,508,32,10,10,233,338,6,1069,3,76.18110236220473,4.136094674556213
A Vala,Papua New Guinea,2023,4,147,244,9,1,2,116,174,1,349,0,60.245901639344254,4.0
A Valthapa,United Arab Emirates,2022/23,3,14,22,1,0,0,0,0,3,54,1,63.63636363636363,0.0
A Zampa,Australia,2015/16,2,2,11,0,0,3,101,121,0,119,1,18.181818181818183,5.008264462809917
A Zampa,Australia,2016,10,15,29,1,0,18,405,507,3,669,7,51.724137931034484,4.792899408284024
A Zampa,Australia,2016/17,10,34,52,2,1,11,471,473,3,509,4,65.38461538461539,5.97463002114165
A Zampa,Australia,2017,2,0,3,0,0,2,64,75,0,82,0,0.0,5.12
A Zampa,Australia,2017/18,7,16,21,1,0,6,400,381,1,302,2,76.19047619047619,6.299212598425197
A Zampa,Australia,2018/19,13,32,43,2,0,15,661,748,2,692,9,74.4186046511628,5.302139037433155
A Zampa,Australia,2019,3,1,3,0,0,2,175,151,1,103,2,33.33333333333333,6.95364238410596
A Zampa,Australia,2019/20,7,17,20,2,0,10,334,412,0,415,2,85.0,4.864077669902913
A Zampa,Australia,2020,3,7,28,0,0,10,141,181,0,323,2,25.0,4.6740331491712706
A Zampa,Australia,2020/21,3,4,7,0,0,7,159,182,0,245,2,57.14285714285714,5.241758241758242
A Zampa,Australia,2021,3,48,70,6,0,4,110,135,1,244,2,68.57142857142857,4.888888888888889
A Zampa,Australia,2021/22,3,0,10,0,0,6,157,176,0,208,1,0.0,5.3522727272727275
A Zampa,Australia,2022,6,30,42,3,0,12,230,311,3,486,5,71.42857142857143,4.437299035369775
A Zampa,Australia,2022/23,6,10,17,1,0,15,210,265,0,497,5,58.82352941176471,4.754716981132075
A Zampa,Australia,2023/24,19,77,101,8,0,35,943,1027,2,1372,13,76.23762376237624,5.509250243427459
A Zampa,Australia,2024,4,3,7,0,0,8,231,216,0,270,3,42.857142857142854,6.416666666666667
A Zampa,Australia,2024/25,3,31,46,2,1,3,118,110,0,160,1,67.3913043478261,6.4363636363636365
A van der Merwe,Ireland,2010,2,4,4,0,0,1,42,66,0,59,1,100.0,3.8181818181818183
A van der Merwe,Ireland,2011,1,0,0,0,0,0,37,60,0,26,1,0.0,3.7
AA Donald,South Africa,2002/03,3,0,0,0,0,1,127,155,0,85,1,0.0,4.916129032258064
AA Jangoo,West Indies,2024/25,1,104,85,6,4,0,0,0,0,196,1,122.3529411764706,0.0
AA Mulla,Canada,2006/07,6,124,141,15,4,0,0,0,2,237,2,87.94326241134752,0.0
AA Mulla,Canada,2007/08,2,26,19,6,0,0,0,0,2,82,0,136.8421052631579,0.0
AA Noffke,Australia,2007/08,1,0,0,0,0,1,46,54,0,43,0,0.0,5.111111111111111
AA Obanda,Kenya,2007/08,3,194,286,24,1,0,0,0,2,360,3,67.83216783216784,0.0
AA Obanda,Kenya,2008,1,24,44,3,0,0,0,0,0,36,0,54.54545454545454,0.0
AA Obanda,Kenya,2008/09,2,87,122,11,3,0,0,0,1,165,0,71.31147540983606,0.0
AA Obanda,Kenya,2009,1,5,5,1,0,0,0,0,0,9,0,100.0,0.0
AA Obanda,Kenya,2010/11,3,43,70,4,2,0,0,0,0,67,0,61.42857142857143,0.0
AA Obanda,Kenya,2011/12,2,14,31,2,0,0,0,0,1,28,1,45.16129032258064,0.0
AA Obanda,Kenya,2012/13,1,26,26,3,1,0,0,0,0,50,1,100.0,0.0
AA Obanda,Kenya,2013/14,2,94,120,8,1,0,0,0,0,156,1,78.33333333333333,0.0
AA Paradkar,United States of America,2021,2,15,16,0,1,4,53,72,0,161,1,93.75,4.416666666666667
AA Paradkar,United States of America,2023,3,24,38,3,0,4,106,72,1,161,0,63.1578947368421,8.833333333333334
AA Paradkar,United States of America,2024,2,12,31,0,0,1,81,80,1,67,1,38.70967741935484,6.074999999999999
AA Shafique,Oman,2023,2,13,33,2,0,0,0,0,2,57,0,39.39393939393939,0.0
AAP Atkinson,England,2023,3,2,3,0,0,1,90,106,0,64,2,66.66666666666666,5.094339622641509
AAP Atkinson,England,2023/24,6,61,52,10,1,10,281,293,0,461,3,117.3076923076923,5.7542662116040955
AB Agarkar,India,2002/03,3,6,14,1,0,3,41,84,1,128,1,42.857142857142854,2.9285714285714284
AB Agarkar,India,2003/04,9,94,138,9,2,15,370,446,2,744,3,68.11594202898551,4.9775784753363235
AB Agarkar,India,2004,4,70,73,5,3,4,166,207,0,296,1,95.8904109589041,4.811594202898551
AB Agarkar,India,2004/05,3,41,51,3,1,7,128,165,0,302,2,80.3921568627451,4.654545454545454
AB Agarkar,India,2005,3,6,6,1,0,7,91,155,0,271,2,100.0,3.5225806451612907
AB Agarkar,India,2005/06,15,41,60,2,0,23,578,776,2,960,11,68.33333333333333,4.469072164948454
AB Agarkar,India,2006,4,31,63,0,0,7,118,235,1,334,0,49.2063492063492,3.012765957446809
AB Agarkar,India,2006/07,16,44,108,3,0,22,616,861,3,993,6,40.74074074074074,4.2926829268292686
AB Agarkar,India,2007,8,19,39,2,0,12,397,432,2,519,6,48.717948717948715,5.513888888888889
AB Barath,West Indies,2009/10,5,131,232,13,1,0,0,0,1,217,4,56.46551724137932,0.0
AB Barath,West Indies,2010/11,3,125,167,9,2,0,0,0,0,208,0,74.8502994011976,0.0
AB Barath,West Indies,2011,1,17,48,1,0,0,0,0,1,25,1,35.41666666666667,0.0
AB Barath,West Indies,2011/12,5,121,182,20,0,0,0,0,1,216,2,66.48351648351648,0.0
AB Dinda,India,2010,5,18,31,1,0,3,224,231,0,179,1,58.06451612903226,5.818181818181818
AB Dinda,India,2011/12,2,0,0,0,0,2,81,84,0,86,1,0.0,5.785714285714286
AB Dinda,India,2012,3,0,0,0,0,4,156,145,0,145,3,0.0,6.455172413793103
AB Dinda,India,2012/13,3,3,7,0,0,3,132,153,0,125,0,42.857142857142854,5.176470588235294
AB de Villiers,South Africa,2004/05,5,54,98,6,1,0,0,0,3,108,4,55.10204081632652,0.0
AB de Villiers,Africa XI,2005,1,24,24,3,1,0,0,0,0,44,1,100.0,0.0
AB de Villiers,South Africa,2005,1,30,25,3,1,0,0,0,0,54,1,120.0,0.0
AB de Villiers,South Africa,2005/06,9,234,301,29,5,0,0,0,4,444,6,77.74086378737542,0.0
AB de Villiers,South Africa,2006/07,22,888,984,105,17,0,0,0,9,1678,15,90.2439024390244,0.0
AB de Villiers,Africa XI,2007,3,87,76,9,3,0,17,13,5,215,0,114.4736842105263,7.846153846153847
AB de Villiers,South Africa,2007,7,249,298,24,6,0,0,0,7,511,5,83.55704697986577,0.0
AB de Villiers,South Africa,2007/08,16,521,661,52,5,0,0,0,14,1021,13,78.81996974281392,0.0
AB de Villiers,South Africa,2008,4,55,119,4,0,0,0,0,2,79,0,46.21848739495798,0.0
AB de Villiers,South Africa,2008/09,11,477,541,34,5,0,0,0,7,819,8,88.17005545286506,0.0
AB de Villiers,South Africa,2009/10,11,572,534,64,6,0,0,0,6,1088,5,107.11610486891385,0.0
AB de Villiers,South Africa,2010,5,283,300,14,4,0,0,0,5,477,5,94.33333333333334,0.0
AB de Villiers,South Africa,2010/11,18,907,920,65,18,0,0,0,23,1797,12,98.58695652173914,0.0
AB de Villiers,South Africa,2011/12,8,475,414,35,12,0,0,0,13,977,6,114.73429951690821,0.0
AB de Villiers,South Africa,2012,4,170,186,16,0,0,0,0,10,370,2,91.39784946236558,0.0
AB de Villiers,South Africa,2012/13,6,374,416,32,4,0,0,0,7,710,3,89.90384615384616,0.0
AB de Villiers,South Africa,2013,9,275,310,24,3,0,0,0,8,502,2,88.70967741935483,0.0
AB de Villiers,South Africa,2013/14,11,514,494,38,14,0,0,0,9,980,7,104.0485829959514,0.0
AB de Villiers,South Africa,2014,9,449,390,38,11,0,8,16,6,888,7,115.12820512820512,3.0
AB de Villiers,South Africa,2014/15,18,1161,899,103,40,7,152,160,16,2612,10,129.14349276974414,5.7
AB de Villiers,South Africa,2015,3,104,107,10,1,0,11,12,0,174,2,97.19626168224299,5.5
AB de Villiers,South Africa,2015/16,10,576,505,40,23,0,0,0,8,1129,6,114.05940594059405,0.0
AB de Villiers,South Africa,2016,5,121,148,5,3,0,0,0,2,191,2,81.75675675675676,0.0
AB de Villiers,South Africa,2016/17,10,433,417,32,7,0,0,0,5,737,8,103.8369304556355,0.0
AB de Villiers,South Africa,2017,6,144,137,19,0,0,0,0,2,263,2,105.1094890510949,0.0
AB de Villiers,South Africa,2017/18,5,258,184,21,10,0,0,0,3,528,3,140.2173913043478,0.0
AC Agar,Australia,2015,2,5,16,0,0,2,56,67,2,93,1,31.25,5.014925373134329
AC Agar,Australia,2017/18,2,9,7,1,0,2,122,116,0,96,0,128.57142857142858,6.310344827586207
AC Agar,Australia,2018,5,130,146,16,1,4,227,255,2,425,0,89.04109589041096,5.341176470588235
AC Agar,Australia,2019/20,4,45,48,3,0,2,204,223,2,205,1,93.75,5.488789237668162
AC Agar,Australia,2020/21,1,28,28,2,0,2,44,60,1,122,0,100.0,4.4
AC Agar,Australia,2021,1,19,34,3,0,2,29,62,0,113,1,55.88235294117647,2.8064516129032255
AC Agar,Australia,2022,4,3,13,0,0,4,80,108,2,156,3,23.076923076923077,4.444444444444445
AC Agar,Australia,2022/23,3,35,34,0,2,2,144,162,2,175,3,102.94117647058823,5.333333333333333
AC Agar,Australia,2023/24,1,48,74,3,1,1,40,54,0,115,1,64.86486486486487,4.444444444444445
AC Botha,Ireland,2006,1,52,93,5,0,0,0,0,1,92,0,55.91397849462365,0.0
AC Botha,Ireland,2006/07,7,62,135,2,1,5,179,296,1,351,2,45.925925925925924,3.628378378378378
AC Botha,Ireland,2007,1,0,2,0,0,0,0,0,0,-3,0,0.0,0.0
AC Botha,Ireland,2008,2,58,62,9,0,2,29,42,0,170,1,93.54838709677419,4.142857142857143
AC Botha,Ireland,2008/09,1,21,34,2,1,1,44,60,1,90,0,61.76470588235294,4.4
AC Botha,Ireland,2009,2,30,30,4,0,2,38,60,2,134,1,100.0,3.8
AC Botha,Ireland,2010,1,20,19,4,0,0,35,24,0,44,0,105.26315789473684,8.75
AC Botha,Ireland,2010/11,2,22,44,2,0,4,87,115,0,179,0,50.0,4.539130434782608
AC Cummins,Canada,2006/07,4,21,23,2,0,4,153,203,0,205,1,91.30434782608695,4.522167487684729
AC Dawson,South Africa,2003,3,0,0,0,0,1,79,98,2,77,1,0.0,4.836734693877552
AC Dawson,South Africa,2003/04,3,23,32,4,0,0,122,147,0,97,1,71.875,4.979591836734694
AC Evans,Scotland,2014,3,31,31,4,0,3,91,147,0,192,1,100.0,3.7142857142857144
AC Evans,Scotland,2014/15,3,10,20,2,0,4,180,185,0,189,0,50.0,5.837837837837838
AC Evans,Scotland,2016,4,0,0,0,0,8,160,172,1,276,3,0.0,5.5813953488372094
AC Evans,Scotland,2017,2,0,2,0,0,0,63,74,0,25,1,0.0,5.108108108108108
AC Evans,Scotland,2017/18,5,19,23,0,1,7,218,257,0,310,2,82.6086956521739,5.089494163424124
AC Evans,Scotland,2019,2,5,13,0,0,0,89,81,0,32,0,38.46153846153847,6.592592592592593
AC Evans,Scotland,2019/20,2,1,3,0,0,2,132,126,2,112,1,33.33333333333333,6.285714285714286
AC Evans,Scotland,2021,4,0,0,0,0,11,138,215,1,390,3,0.0,3.851162790697674
AC Evans,Scotland,2023,1,0,0,0,0,1,35,42,0,39,0,0.0,5.0
AC Gilchrist,Australia,2002/03,16,541,510,78,8,0,0,0,30,1309,15,106.07843137254902,0.0
AC Gilchrist,Australia,2003,6,139,178,17,4,0,0,0,10,335,4,78.08988764044943,0.0
AC Gilchrist,Australia,2003/04,15,756,668,98,6,0,0,0,30,1689,12,113.17365269461077,0.0
AC Gilchrist,Australia,2004,6,155,162,21,3,0,0,0,4,307,5,95.67901234567901,0.0
AC Gilchrist,Australia,2004/05,7,277,277,39,2,0,0,0,8,563,4,100.0,0.0
AC Gilchrist,Australia,2005,7,296,285,40,4,0,0,0,12,657,4,103.85964912280701,0.0
AC Gilchrist,Australia,2005/06,19,805,723,95,22,0,0,0,23,1817,14,111.34163208852006,0.0
AC Gilchrist,Australia,2006/07,26,805,874,104,13,0,0,0,40,1910,22,92.10526315789474,0.0
AC Gilchrist,Australia,2007/08,18,581,583,64,13,0,0,0,29,1359,10,99.65694682675816,0.0
AC Voges,Australia,2006/07,1,16,10,0,1,0,33,18,1,42,0,160.0,11.0
AC Voges,Australia,2009,1,0,0,0,0,0,0,0,1,8,1,0.0,0.0
AC Voges,Australia,2009/10,12,224,291,16,3,1,106,116,1,393,8,76.97594501718214,5.482758620689656
AC Voges,Australia,2010/11,1,80,77,4,0,0,0,0,0,122,1,103.89610389610388,0.0
AC Voges,Australia,2012/13,2,140,147,12,2,0,0,0,0,246,2,95.23809523809523,0.0
AC Voges,Australia,2013,7,189,252,12,0,2,69,89,2,354,2,75.0,4.651685393258426
AC Voges,Australia,2013/14,6,149,179,13,1,1,21,24,1,278,2,83.24022346368714,5.25
AD Hales,England,2014,4,92,134,11,0,0,0,0,1,152,1,68.65671641791045,0.0
AD Hales,England,2014/15,4,61,83,6,1,0,0,0,0,96,1,73.49397590361446,0.0
AD Hales,England,2015,10,218,221,29,8,0,0,0,1,419,5,98.64253393665159,0.0
AD Hales,England,2015/16,9,554,644,55,6,0,0,0,4,990,5,86.0248447204969,0.0
AD Hales,England,2016,8,360,310,43,10,0,0,0,4,771,5,116.12903225806453,0.0
AD Hales,England,2016/17,3,133,141,13,5,0,0,0,2,273,1,94.32624113475178,0.0
AD Hales,England,2017,12,402,390,53,6,0,0,0,7,783,9,103.07692307692307,0.0
AD Hales,England,2017/18,6,161,206,20,2,0,0,0,3,305,5,78.15533980582524,0.0
AD Hales,England,2018,5,232,217,26,5,0,0,0,2,456,5,106.91244239631337,0.0
AD Hales,England,2018/19,4,117,137,14,2,0,0,0,3,232,2,85.40145985401459,0.0
AD Mascarenhas,England,2007,7,98,84,1,10,5,206,340,0,457,3,116.66666666666667,3.635294117647059
AD Mascarenhas,England,2007/08,3,29,12,1,2,0,91,86,2,95,1,241.66666666666666,6.348837209302325
AD Mascarenhas,England,2008,1,23,14,3,0,0,10,6,0,37,0,164.28571428571428,10.0
AD Mascarenhas,England,2008/09,5,65,118,4,0,5,152,198,0,291,3,55.08474576271186,4.606060606060606
AD Mascarenhas,England,2009,4,30,34,3,1,2,164,199,1,171,2,88.23529411764706,4.944723618090452
AD Mathews,Sri Lanka,2008/09,3,39,45,0,1,0,49,36,0,63,1,86.66666666666667,8.166666666666666
AD Mathews,Sri Lanka,2009,8,140,177,11,1,10,205,304,1,610,5,79.09604519774011,4.046052631578948
AD Mathews,Sri Lanka,2009/10,5,144,161,12,0,6,217,239,3,496,2,89.44099378881988,5.447698744769874
AD Mathews,Sri Lanka,2010,10,188,235,9,3,10,231,358,3,720,7,80.0,3.8715083798882683
AD Mathews,Sri Lanka,2010/11,13,233,239,21,3,6,256,321,4,668,10,97.48953974895397,4.785046728971962
AD Mathews,Sri Lanka,2011,9,246,323,23,2,1,63,72,2,441,3,76.16099071207431,5.25
AD Mathews,Sri Lanka,2011/12,18,382,492,21,6,8,319,425,5,965,7,77.64227642276423,4.503529411764706
AD Mathews,Sri Lanka,2012,10,195,222,12,3,6,300,436,0,639,4,87.83783783783784,4.128440366972477
AD Mathews,Sri Lanka,2012/13,11,148,175,14,0,10,318,429,2,658,6,84.57142857142857,4.4475524475524475
AD Mathews,Sri Lanka,2013,12,258,365,18,5,9,256,392,4,843,6,70.68493150684931,3.918367346938776
AD Mathews,Sri Lanka,2013/14,15,472,543,36,10,6,292,415,4,1106,10,86.92449355432781,4.2216867469879515
AD Mathews,Sri Lanka,2014,12,448,544,44,4,7,230,335,1,1051,7,82.35294117647058,4.119402985074626
AD Mathews,Sri Lanka,2014/15,22,726,805,59,23,14,466,592,4,1909,9,90.1863354037267,4.722972972972973
AD Mathews,Sri Lanka,2015,5,132,145,13,2,3,126,174,1,377,2,91.0344827586207,4.344827586206897
AD Mathews,Sri Lanka,2015/16,7,152,200,10,0,2,77,51,1,297,4,76.0,9.058823529411764
AD Mathews,Sri Lanka,2016,10,376,464,25,5,7,159,212,3,844,2,81.03448275862068,4.5
AD Mathews,Sri Lanka,2017,11,420,555,40,5,2,74,103,2,780,2,75.67567567567568,4.310679611650485
AD Mathews,Sri Lanka,2017/18,4,195,273,17,4,1,45,73,3,426,1,71.42857142857143,3.6986301369863015
AD Mathews,Sri Lanka,2018,6,251,325,23,3,0,0,0,2,427,2,77.23076923076924,0.0
AD Mathews,Sri Lanka,2019,10,432,528,38,5,1,6,12,1,756,6,81.81818181818183,3.0
AD Mathews,Sri Lanka,2019/20,3,18,23,2,0,5,95,109,1,201,3,78.26086956521739,5.229357798165137
AD Mathews,Sri Lanka,2020/21,1,5,8,0,0,0,0,0,0,5,0,62.5,0.0
AD Mathews,Sri Lanka,2022/23,2,18,33,3,0,0,0,0,0,27,0,54.54545454545454,0.0
AD Mathews,Sri Lanka,2023/24,4,28,54,3,0,6,87,117,0,254,1,51.85185185185185,4.461538461538462
AD Poynter,Ireland,2010,2,10,14,0,1,0,0,0,1,21,1,71.42857142857143,0.0
AD Poynter,Ireland,2013/14,1,3,14,0,0,0,0,0,0,3,0,21.428571428571427,0.0
AD Poynter,Ireland,2014,3,52,106,3,1,0,0,0,1,76,2,49.056603773584904,0.0
AD Russell,West Indies,2010/11,3,52,58,2,3,7,122,169,2,354,1,89.65517241379311,4.331360946745562
AD Russell,West Indies,2011,5,120,88,11,6,8,155,215,1,543,2,136.36363636363635,4.325581395348837
AD Russell,West Indies,2011/12,13,277,238,28,10,12,445,513,4,1040,5,116.38655462184875,5.204678362573099
AD Russell,West Indies,2012,6,137,96,12,9,10,258,276,0,634,4,142.70833333333331,5.608695652173913
AD Russell,West Indies,2012/13,6,74,80,8,2,5,230,276,0,339,1,92.5,5.0
AD Russell,West Indies,2013/14,1,6,3,1,0,2,28,27,0,69,1,200.0,6.222222222222222
AD Russell,West Indies,2014/15,15,278,176,25,20,20,665,704,4,1331,5,157.95454545454547,5.667613636363637
AD Russell,West Indies,2015/16,1,41,24,3,3,0,18,5,0,82,0,170.83333333333331,21.599999999999998
AD Russell,West Indies,2018,1,13,12,1,1,1,60,56,0,70,0,108.33333333333333,6.428571428571428
AD Russell,West Indies,2019,4,36,30,3,3,5,90,121,0,237,1,120.0,4.462809917355371
ADJ Pitcher,Bermuda,2006/07,1,8,12,0,1,0,37,38,0,26,0,66.66666666666666,5.842105263157895
ADR Campbell,Zimbabwe,2002/03,1,7,25,0,0,0,0,0,0,1,0,28.000000000000004,0.0
ADS Fletcher,West Indies,2008,4,58,111,7,0,0,0,0,1,96,0,52.25225225225225,0.0
ADS Fletcher,West Indies,2009,3,79,71,12,3,0,0,0,1,173,0,111.26760563380283,0.0
ADS Fletcher,West Indies,2009/10,5,67,121,5,1,0,0,0,2,121,1,55.371900826446286,0.0
ADS Fletcher,West Indies,2010,1,3,12,0,0,0,0,0,0,3,0,25.0,0.0
ADS Fletcher,West Indies,2015/16,3,9,30,1,0,0,0,0,0,10,0,30.0,0.0
ADS Fletcher,West Indies,2016,7,89,158,11,2,0,26,28,0,154,3,56.32911392405063,5.571428571428571
AF Buurman,Netherlands,2007,1,0,0,0,0,0,0,0,2,16,0,0.0,0.0
AF Buurman,Netherlands,2010/11,2,26,34,4,0,0,0,0,3,71,0,76.47058823529412,0.0
AF Giles,England,2002/03,2,19,33,0,1,2,41,61,3,121,1,57.57575757575758,4.032786885245902
AF Giles,England,2003,7,24,28,1,1,3,224,322,0,231,4,85.71428571428571,4.173913043478261
AF Giles,England,2003/04,3,21,54,1,0,4,61,114,1,185,2,38.88888888888889,3.210526315789474
AF Giles,England,2004,9,93,127,7,0,8,208,360,2,489,5,73.22834645669292,3.466666666666667
AF Giles,England,2004/05,9,82,104,8,2,11,321,485,3,617,3,78.84615384615384,3.971134020618557
AF Giles,England,2005,5,47,44,4,0,1,206,286,2,218,1,106.81818181818181,4.321678321678322
AF Milne,New Zealand,2012/13,2,12,3,1,1,1,35,59,1,82,0,400.0,3.559322033898305
AF Milne,New Zealand,2013/14,5,0,0,0,0,1,166,173,4,120,3,0.0,5.757225433526012
AF Milne,New Zealand,2014/15,14,27,43,1,0,16,526,673,6,725,12,62.7906976744186,4.689450222882615
AF Milne,New Zealand,2015,3,19,21,1,0,5,129,185,1,227,1,90.47619047619048,4.183783783783784
AF Milne,New Zealand,2015/16,8,72,69,4,3,7,310,364,4,453,6,104.34782608695652,5.10989010989011
AF Milne,New Zealand,2017,4,38,34,4,0,7,166,184,3,321,1,111.76470588235294,5.413043478260869
AF Milne,New Zealand,2017/18,3,0,1,0,0,3,141,168,1,145,1,0.0,5.035714285714286
AF Milne,New Zealand,2022/23,2,0,0,0,0,4,119,125,0,141,1,0.0,5.712000000000001
AF Milne,New Zealand,2023,4,7,19,0,0,9,175,206,1,328,2,36.84210526315789,5.097087378640777
AF Milne,New Zealand,2023/24,3,5,21,0,0,3,134,124,1,125,2,23.809523809523807,6.483870967741935
AF Sattaur,Canada,2002/03,3,20,63,0,1,0,0,0,2,35,1,31.746031746031743,0.0
AG Cremer,Zimbabwe,2008/09,1,0,0,0,0,4,39,60,0,130,1,0.0,3.9
AG Cremer,Zimbabwe,2009,2,11,12,1,0,1,78,93,1,78,0,91.66666666666666,5.032258064516129
AG Cremer,Zimbabwe,2009/10,12,97,204,5,1,11,413,545,5,629,2,47.549019607843135,4.546788990825688
AG Cremer,Zimbabwe,2010,5,7,13,0,0,3,152,185,0,159,3,53.84615384615385,4.92972972972973
AG Cremer,Zimbabwe,2010/11,11,129,207,12,0,7,430,501,4,582,2,62.31884057971014,5.149700598802395
AG Cremer,Zimbabwe,2015,8,75,125,4,0,6,378,422,1,394,1,60.0,5.374407582938389
AG Cremer,Zimbabwe,2015/16,5,23,38,2,0,5,188,230,4,277,1,60.526315789473685,4.904347826086957
AG Cremer,Zimbabwe,2016,3,15,29,1,0,0,90,102,0,50,0,51.724137931034484,5.294117647058823
AG Cremer,Zimbabwe,2016/17,4,49,95,2,0,2,129,183,0,184,1,51.578947368421055,4.229508196721311
AG Cremer,Zimbabwe,2017,7,13,24,0,0,9,293,395,3,416,4,54.166666666666664,4.450632911392406
AG Cremer,Zimbabwe,2017/18,9,88,150,6,0,13,343,515,4,664,3,58.666666666666664,3.996116504854369
AG Prince,South Africa,2004/05,10,254,333,16,2,0,0,0,4,385,7,76.27627627627628,0.0
AG Prince,Africa XI,2005,2,78,120,5,0,0,0,0,0,119,1,65.0,0.0
AG Prince,South Africa,2005/06,14,281,484,19,1,0,0,0,9,451,7,58.057851239669425,0.0
AG Prince,South Africa,2006/07,14,148,189,10,1,0,3,12,7,277,8,78.3068783068783,1.5
AG Puttick,South Africa,2005/06,1,0,5,0,0,0,0,0,1,5,1,0.0,0.0
AG Wharf,England,2004,7,16,25,0,1,6,208,305,1,295,5,64.0,4.091803278688524
AG Wharf,England,2004/05,5,3,4,0,0,11,164,257,0,410,3,75.0,3.828793774319066
AGR Loudon,England,2006,1,0,0,0,0,0,35,37,0,12,0,0.0,5.675675675675675
AGS Gous,United States of America,2024,3,152,132,19,6,0,0,0,2,320,3,115.15151515151516,0.0
AGS Gous,United States of America,2024/25,1,5,10,1,0,0,0,0,0,9,0,50.0,0.0
AJ Bichel,Australia,2002/03,12,156,175,13,4,20,361,615,3,1092,11,89.14285714285714,3.521951219512195
AJ Bichel,Australia,2003,5,41,42,3,2,5,168,262,1,316,4,97.61904761904762,3.8473282442748094
AJ Bichel,Australia,2003/04,10,61,74,1,2,6,324,420,4,426,8,82.43243243243244,4.628571428571429
AJ Burger,Namibia,2002/03,6,199,204,25,3,3,102,98,0,460,0,97.54901960784314,6.244897959183674
AJ Finch,Australia,2012/13,7,105,152,13,0,0,2,6,8,239,6,69.07894736842105,2.0
AJ Finch,Australia,2013,3,71,79,10,1,0,0,0,1,132,2,89.87341772151899,0.0
AJ Finch,Australia,2013/14,11,448,510,50,8,2,23,35,3,888,6,87.84313725490196,3.942857142857143
AJ Finch,Australia,2014,5,250,336,22,4,0,19,12,1,436,2,74.40476190476191,9.5
AJ Finch,Australia,2014/15,20,701,828,69,13,0,3,3,12,1335,17,84.66183574879227,6.0
AJ Finch,Australia,2015,3,138,154,21,1,0,0,0,2,270,1,89.6103896103896,0.0
AJ Finch,Australia,2015/16,5,213,238,21,3,0,0,0,1,375,4,89.49579831932773,0.0
AJ Finch,Australia,2016,10,312,318,39,10,0,47,60,5,639,7,98.11320754716981,4.7
AJ Finch,Australia,2016/17,10,190,235,17,8,0,0,0,2,351,3,80.85106382978722,0.0
AJ Finch,Australia,2017,3,95,113,11,0,0,0,0,2,169,0,84.070796460177,0.0
AJ Finch,Australia,2017/18,6,525,554,50,15,0,34,38,5,1029,1,94.7653429602888,5.368421052631579
AJ Finch,Australia,2018,5,161,173,11,6,0,7,6,1,288,0,93.0635838150289,7.0
AJ Finch,Australia,2018/19,16,691,890,58,18,1,82,90,10,1364,10,77.64044943820225,5.466666666666667
AJ Finch,Australia,2019,9,441,457,41,14,1,18,19,5,925,6,96.49890590809628,5.684210526315789
AJ Finch,Australia,2019/20,7,323,422,30,7,0,20,18,1,565,2,76.54028436018957,6.666666666666667
AJ Finch,Australia,2020,3,101,142,14,1,0,0,0,2,191,2,71.12676056338029,0.0
AJ Finch,Australia,2020/21,3,249,283,22,6,0,0,0,1,457,2,87.98586572438163,0.0
AJ Finch,Australia,2021/22,3,23,42,0,1,0,0,0,0,23,1,54.761904761904766,0.0
AJ Finch,Australia,2022,11,151,209,14,2,0,0,0,8,296,7,72.24880382775119,0.0
AJ Hall,South Africa,2002/03,3,22,11,2,1,5,92,149,0,239,2,200.0,3.704697986577181
AJ Hall,South Africa,2003,6,108,107,10,3,5,156,231,2,428,3,100.93457943925233,4.0519480519480515
AJ Hall,South Africa,2003/04,4,18,28,0,1,3,171,212,1,193,2,64.28571428571429,4.839622641509433
AJ Hall,South Africa,2004/05,5,33,51,3,0,8,144,230,1,362,3,64.70588235294117,3.7565217391304344
AJ Hall,South Africa,2005,1,0,0,0,0,2,20,25,0,58,1,0.0,4.8
AJ Hall,South Africa,2005/06,15,62,103,2,0,22,644,816,4,995,7,60.19417475728155,4.735294117647059
AJ Hall,South Africa,2006/07,18,110,128,9,1,28,525,800,7,1278,13,85.9375,3.9374999999999996
AJ Hall,South Africa,2007,3,34,36,4,0,2,119,158,0,160,1,94.44444444444444,4.518987341772152
AJ Hosein,West Indies,2020/21,6,13,24,1,0,8,200,317,2,366,3,54.166666666666664,3.7854889589905363
AJ Hosein,West Indies,2021,3,3,16,0,0,6,99,189,1,245,1,18.75,3.142857142857143
AJ Hosein,West Indies,2021/22,5,73,116,7,1,8,222,262,2,418,1,62.93103448275862,5.083969465648855
AJ Hosein,West Indies,2022,15,145,158,5,9,22,676,851,7,1166,4,91.77215189873418,4.766157461809636
AJ Hosein,West Indies,2022/23,2,16,28,1,0,4,108,102,0,158,1,57.14285714285714,6.352941176470588
AJ Hosein,West Indies,2023,7,16,33,0,0,8,329,411,1,386,3,48.484848484848484,4.802919708029197
AJ Ireland,Zimbabwe,2005,3,1,1,0,0,6,158,196,0,225,0,100.0,4.836734693877552
AJ Ireland,Zimbabwe,2006,3,3,9,0,0,1,117,121,0,73,0,33.33333333333333,5.801652892561983
AJ Ireland,Zimbabwe,2006/07,7,8,54,1,0,8,272,357,0,343,0,14.814814814814813,4.571428571428571
AJ McKay,New Zealand,2009/10,3,3,2,0,0,5,93,164,1,214,3,150.0,3.4024390243902443
AJ McKay,New Zealand,2010,3,7,25,0,0,2,62,114,1,121,1,28.000000000000004,3.263157894736842
AJ McKay,New Zealand,2010/11,8,0,9,0,0,13,342,414,0,476,0,0.0,4.956521739130435
AJ McKay,New Zealand,2011/12,5,2,11,0,0,7,246,281,0,274,2,18.181818181818183,5.252669039145907
AJ Redmond,New Zealand,2009/10,5,136,236,18,0,0,0,0,2,244,3,57.6271186440678,0.0
AJ Redmond,New Zealand,2010/11,1,16,30,1,0,0,0,0,1,28,0,53.333333333333336,0.0
AJ Stewart,England,2002/03,11,287,409,22,1,0,0,0,12,550,4,70.17114914425427,0.0
AJ Strauss,England,2003/04,2,70,92,7,0,0,0,0,1,118,0,76.08695652173914,0.0
AJ Strauss,England,2004,11,342,456,39,2,0,0,0,1,580,6,75.0,0.0
AJ Strauss,England,2004/05,10,162,254,14,0,0,3,6,4,260,4,63.77952755905512,3.0
AJ Strauss,England,2005,6,246,275,27,2,0,0,0,1,432,2,89.45454545454545,0.0
AJ Strauss,England,2005/06,8,310,411,34,0,0,0,0,0,497,3,75.4257907542579,0.0
AJ Strauss,England,2006,11,302,385,39,0,0,0,0,8,581,3,78.44155844155844,0.0
AJ Strauss,England,2006/07,17,392,601,37,4,0,0,0,9,675,8,65.22462562396007,0.0
AJ Strauss,England,2008/09,5,204,247,17,1,0,0,0,2,362,3,82.5910931174089,0.0
AJ Strauss,England,2009,9,323,423,37,0,0,0,0,3,552,3,76.35933806146572,0.0
AJ Strauss,England,2009/10,7,120,187,20,1,0,0,0,5,247,4,64.1711229946524,0.0
AJ Strauss,England,2010,13,745,813,77,12,0,0,0,11,1469,8,91.63591635916359,0.0
AJ Strauss,England,2010/11,14,513,588,52,3,0,0,0,8,941,4,87.24489795918367,0.0
AJ Turner,Australia,2018/19,3,125,90,8,8,0,0,0,1,243,2,138.88888888888889,0.0
AJ Turner,Australia,2019/20,3,17,25,0,0,0,0,0,1,25,1,68.0,0.0
AJ Turner,Australia,2021,3,50,50,2,2,2,54,86,2,178,2,100.0,3.7674418604651163
AJ Tye,Australia,2017/18,4,23,17,2,1,8,164,224,1,336,1,135.29411764705884,4.392857142857142
AJ Tye,Australia,2018,3,34,31,3,1,4,215,176,0,206,0,109.6774193548387,7.329545454545455
AK Markram,South Africa,2017/18,7,193,221,17,5,2,33,31,4,405,2,87.33031674208145,6.387096774193548
AK Markram,South Africa,2018,3,23,25,5,0,0,0,0,0,40,2,92.0,0.0
AK Markram,South Africa,2018/19,8,287,327,37,4,0,18,18,3,529,7,87.76758409785933,6.0
AK Markram,South Africa,2019,6,140,192,17,1,1,75,73,4,309,1,72.91666666666666,6.164383561643836
AK Markram,South Africa,2021,8,200,218,16,9,4,138,181,4,544,2,91.74311926605505,4.574585635359115
AK Markram,South Africa,2021/22,5,56,70,7,0,2,84,103,2,187,4,80.0,4.893203883495145
AK Markram,South Africa,2022,3,101,97,10,0,2,24,25,1,235,1,104.1237113402062,5.76
AK Markram,South Africa,2022/23,9,440,408,39,14,3,191,207,1,979,6,107.84313725490196,5.536231884057971
AK Markram,South Africa,2023/24,17,656,604,68,16,2,219,234,7,1388,10,108.6092715231788,5.615384615384615
AK Markram,South Africa,2024/25,3,75,112,5,1,0,75,100,3,168,0,66.96428571428571,4.5
AK Perera,Sri Lanka,2013,1,1,5,0,0,0,0,0,0,1,0,20.0,0.0
AK Perera,Sri Lanka,2013/14,2,0,0,0,0,0,17,18,2,22,2,0.0,5.666666666666667
AK Perera,Sri Lanka,2016,1,7,16,0,0,0,5,6,0,9,0,43.75,5.0
AK Perera,Sri Lanka,2018/19,1,31,37,3,0,0,11,12,0,51,0,83.78378378378379,5.5
AK Perera,Sri Lanka,2019/20,1,13,25,0,0,0,0,0,0,13,0,52.0,0.0
AK Sah,Nepal,2021/22,2,7,25,1,0,0,0,0,1,13,0,28.000000000000004,0.0
AK Sah,Nepal,2023/24,6,234,203,27,10,0,0,0,1,489,3,115.27093596059113,0.0
AK Sah,Nepal,2024,2,4,15,0,0,0,0,0,1,12,0,26.666666666666668,0.0
AK Sah,Nepal,2024/25,3,75,122,6,2,0,0,0,2,137,1,61.47540983606557,0.0
AL Kandappah,Canada,2007/08,2,97,159,4,3,0,4,1,0,145,0,61.0062893081761,24.0
AL Phehlukwayo,South Africa,2016/17,14,125,114,11,6,15,503,568,3,845,13,109.64912280701755,5.313380281690141
AL Phehlukwayo,South Africa,2017,3,8,18,1,0,3,155,147,0,139,0,44.44444444444444,6.326530612244898
AL Phehlukwayo,South Africa,2017/18,8,92,96,5,6,8,278,353,2,500,4,95.83333333333334,4.725212464589235
AL Phehlukwayo,South Africa,2018,5,43,56,6,1,9,243,221,0,366,3,76.78571428571429,6.597285067873303
AL Phehlukwayo,South Africa,2018/19,13,148,177,15,4,19,344,492,5,976,11,83.61581920903954,4.195121951219512
AL Phehlukwayo,South Africa,2019,7,116,146,14,1,8,300,341,1,517,2,79.45205479452055,5.278592375366569
AL Phehlukwayo,South Africa,2019/20,5,14,35,1,0,4,200,236,2,212,4,40.0,5.084745762711864
AL Phehlukwayo,South Africa,2021,9,120,170,10,2,11,383,392,2,613,3,70.58823529411765,5.862244897959184
AL Phehlukwayo,South Africa,2021/22,5,54,47,1,6,5,163,190,1,303,3,114.89361702127661,5.147368421052631
AL Phehlukwayo,South Africa,2022,1,0,0,0,0,0,17,18,0,6,1,0.0,5.666666666666667
AL Phehlukwayo,South Africa,2022/23,1,5,5,1,0,0,0,0,0,9,0,100.0,0.0
AL Phehlukwayo,South Africa,2023/24,5,72,80,5,6,3,107,86,4,275,3,90.0,7.465116279069767
AL Phehlukwayo,South Africa,2024/25,5,30,52,4,0,4,114,145,0,196,2,57.692307692307686,4.7172413793103445
AM Bacher,South Africa,2004/05,5,102,181,12,0,3,64,108,1,283,3,56.353591160220994,3.5555555555555554
AM Blignaut,Zimbabwe,2002/03,10,152,115,20,2,9,361,588,2,762,3,132.17391304347825,3.683673469387755
AM Blignaut,Zimbabwe,2003,5,24,40,3,0,4,194,218,1,225,1,60.0,5.339449541284403
AM Blignaut,Zimbabwe,2003/04,9,16,27,1,0,9,307,388,1,414,2,59.25925925925925,4.747422680412371
AM Blignaut,Zimbabwe,2005,3,91,79,9,3,6,141,162,1,389,0,115.18987341772151,5.222222222222222
AM Blignaut,Zimbabwe,2010,3,1,3,0,0,1,40,80,0,72,2,33.33333333333333,3.0
AM Ellis,New Zealand,2011/12,6,86,89,6,2,3,162,213,3,319,3,96.62921348314607,4.563380281690141
AM Ellis,New Zealand,2012,2,42,67,2,0,2,52,62,0,126,0,62.68656716417911,5.032258064516129
AM Ellis,New Zealand,2012/13,5,26,33,2,0,6,142,173,0,242,1,78.78787878787878,4.92485549132948
AM Ellis,New Zealand,2013/14,2,0,0,0,0,1,55,46,0,38,1,0.0,7.173913043478261
AM Fernando,Sri Lanka,2017,1,0,0,0,0,0,22,12,0,4,0,0.0,11.0
AM Fernando,Sri Lanka,2020/21,1,0,0,0,0,0,59,51,0,17,0,0.0,6.9411764705882355
AM Fernando,Sri Lanka,2021,2,1,6,0,0,0,54,60,0,18,0,16.666666666666664,5.4
AM Fernando,Sri Lanka,2024,3,0,0,0,0,2,91,111,0,92,2,0.0,4.918918918918919
AM Fernando,Sri Lanka,2024/25,8,2,10,0,0,10,260,306,2,378,5,20.0,5.098039215686274
AM Guruge,United Arab Emirates,2014/15,4,14,26,1,0,7,133,174,0,270,0,53.84615384615385,4.586206896551724
AM Hardie,Australia,2023/24,4,31,47,3,0,3,89,108,2,186,4,65.95744680851064,4.944444444444445
AM Hardie,Australia,2024,4,67,51,6,2,4,116,145,1,285,3,131.37254901960785,4.8
AM Hardie,Australia,2024/25,3,36,61,3,0,0,58,48,0,62,1,59.01639344262295,7.25
AM McCarthy,West Indies,2020/21,2,15,41,1,0,0,10,12,0,19,0,36.58536585365854,5.0
AM Nayar,India,2009/10,1,0,7,0,0,0,15,20,0,3,1,0.0,4.5
AM Phangiso,South Africa,2012/13,1,9,7,1,0,0,42,49,0,29,1,128.57142857142858,5.142857142857143
AM Phangiso,South Africa,2013,5,18,42,3,0,4,182,238,1,217,1,42.857142857142854,4.588235294117648
AM Phangiso,South Africa,2014,7,18,31,0,0,9,236,371,3,426,6,58.06451612903226,3.816711590296496
AM Phangiso,South Africa,2014/15,2,0,1,0,0,1,92,110,0,70,1,0.0,5.0181818181818185
AM Phangiso,South Africa,2015,1,1,3,0,0,1,35,62,0,54,0,33.33333333333333,3.387096774193548
AM Phangiso,South Africa,2015/16,1,20,22,1,0,0,50,55,0,42,0,90.9090909090909,5.454545454545455
AM Phangiso,South Africa,2016,3,15,58,0,0,6,116,148,0,213,1,25.862068965517242,4.702702702702703
AM Phangiso,South Africa,2016/17,2,0,0,0,0,4,50,70,1,135,2,0.0,4.285714285714286
AM Rahane,India,2011,5,158,202,19,2,0,0,0,0,269,0,78.21782178217822,0.0
AM Rahane,India,2011/12,6,182,270,15,1,0,0,0,3,293,6,67.4074074074074,0.0
AM Rahane,India,2012,1,9,19,1,0,0,0,0,1,21,1,47.368421052631575,0.0
AM Rahane,India,2012/13,4,55,87,7,0,0,0,0,2,106,3,63.2183908045977,0.0
AM Rahane,India,2013,1,50,67,4,1,0,0,0,0,84,1,74.6268656716418,0.0
AM Rahane,India,2013/14,9,177,266,16,1,0,0,0,6,315,1,66.54135338345864,0.0
AM Rahane,India,2014,7,259,304,25,7,0,0,0,6,505,5,85.19736842105263,0.0
AM Rahane,India,2014/15,19,638,826,66,7,0,0,0,9,1127,13,77.23970944309927,0.0
AM Rahane,India,2015,4,121,183,14,0,0,0,0,5,241,3,66.12021857923497,0.0
AM Rahane,India,2015/16,8,388,413,34,5,0,0,0,5,696,2,93.94673123486683,0.0
AM Rahane,India,2016/17,6,144,222,16,3,0,0,0,5,284,3,64.86486486486487,0.0
AM Rahane,India,2017,6,341,461,34,3,0,0,0,1,583,4,73.96963123644251,0.0
AM Rahane,India,2017/18,11,384,492,38,3,0,0,0,5,670,9,78.04878048780488,0.0
AM Samad,Canada,2002/03,2,12,20,2,0,0,0,0,2,36,1,60.0,0.0
AM Samad,Canada,2006/07,7,171,291,16,1,2,71,57,3,345,3,58.76288659793815,7.473684210526316
AM Samad,Canada,2008,1,13,25,1,0,0,10,12,1,29,0,52.0,5.0
AM Samad,Canada,2009,1,30,46,4,0,0,0,0,0,50,1,65.21739130434783,0.0
AM Tribe,Jersey,2023,4,233,310,16,6,0,18,13,2,421,1,75.16129032258064,8.307692307692308
AN Cook,England,2006,2,80,94,12,0,0,0,0,0,138,0,85.1063829787234,0.0
AN Cook,England,2007,9,248,348,30,0,0,0,0,3,438,4,71.26436781609196,0.0
AN Cook,England,2007/08,9,339,548,31,0,0,0,0,4,549,3,61.861313868613145,0.0
AN Cook,England,2008,2,24,39,3,0,0,0,0,1,44,0,61.53846153846154,0.0
AN Cook,England,2008/09,1,11,18,1,0,0,0,0,0,15,0,61.111111111111114,0.0
AN Cook,England,2009/10,3,156,176,16,1,0,0,0,3,284,3,88.63636363636364,0.0
AN Cook,England,2011,10,467,494,54,1,0,0,0,4,837,6,94.53441295546558,0.0
AN Cook,England,2011/12,9,456,526,51,1,0,0,0,3,841,4,86.69201520912547,0.0
AN Cook,England,2012,11,340,475,40,1,0,0,0,0,576,8,71.57894736842105,0.0
AN Cook,England,2012/13,8,335,467,48,2,0,0,0,3,639,4,71.73447537473233,0.0
AN Cook,England,2013,8,225,297,20,2,0,0,0,4,382,4,75.75757575757575,0.0
AN Cook,England,2013/14,5,144,186,19,1,0,0,0,4,270,1,77.41935483870968,0.0
AN Cook,England,2014,9,260,391,24,0,0,0,0,6,430,4,66.49616368286445,0.0
AN Cook,England,2014/15,6,119,179,14,1,0,0,0,2,205,2,66.4804469273743,0.0
AN Kervezee,Netherlands,2006/07,4,29,76,3,0,0,0,0,1,42,1,38.15789473684211,0.0
AN Kervezee,Netherlands,2010/11,6,81,128,10,0,0,0,0,5,161,0,63.28125,0.0
AN Petersen,South Africa,2006/07,2,100,90,13,1,0,0,0,0,184,2,111.11111111111111,0.0
AN Petersen,South Africa,2007/08,2,24,54,3,0,0,3,9,0,37,2,44.44444444444444,2.0
AN Petersen,South Africa,2009/10,7,236,280,21,1,0,0,0,1,378,3,84.28571428571429,0.0
AN Petersen,South Africa,2010,2,17,33,1,0,0,0,0,1,29,2,51.515151515151516,0.0
AN Petersen,South Africa,2011/12,3,60,74,6,1,0,0,0,1,102,1,81.08108108108108,0.0
AN Petersen,South Africa,2013,3,61,79,9,0,0,0,0,2,117,1,77.21518987341773,0.0
AO Suji,Kenya,2002/03,7,10,31,0,0,5,190,196,4,234,3,32.25806451612903,5.816326530612245
AO Suji,Kenya,2004,1,0,0,0,0,0,23,20,0,6,0,0.0,6.8999999999999995
AO Suji,Kenya,2006/07,1,14,29,2,0,0,14,19,0,26,0,48.275862068965516,4.421052631578948
AO Suji,Kenya,2007/08,2,15,26,2,0,0,0,0,3,47,2,57.692307692307686,0.0
AO Suji,Kenya,2008,1,3,7,0,0,0,6,7,0,5,0,42.857142857142854,5.142857142857142
AP Devcich,New Zealand,2013/14,7,93,132,15,0,3,158,185,2,315,2,70.45454545454545,5.124324324324324
AP Devcich,New Zealand,2014/15,4,84,113,10,0,1,53,67,1,194,2,74.33628318584071,4.746268656716418
AP Devcich,New Zealand,2016/17,2,18,17,0,0,0,65,83,0,45,2,105.88235294117648,4.698795180722891
AR Adams,New Zealand,2002/03,10,125,105,9,9,20,411,529,1,999,7,119.04761904761905,4.661625708884688
AR Adams,New Zealand,2003,1,1,2,0,0,1,12,20,0,32,1,50.0,3.5999999999999996
AR Adams,New Zealand,2003/04,1,0,0,0,0,0,60,55,0,18,1,0.0,6.545454545454546
AR Adams,New Zealand,2004/05,1,4,7,0,0,0,23,37,1,30,1,57.14285714285714,3.7297297297297294
AR Adams,New Zealand,2005/06,2,31,28,2,1,2,79,96,2,153,0,110.71428571428572,4.9375
AR Adams,New Zealand,2006/07,2,4,12,0,0,1,102,97,1,77,0,33.33333333333333,6.309278350515464
AR Berenger,United Arab Emirates,2014/15,6,53,115,7,0,0,0,0,1,81,0,46.08695652173913,0.0
AR Caddick,England,2002/03,11,64,118,3,1,17,357,604,0,813,4,54.23728813559322,3.5463576158940397
AR Cusack,Ireland,2007,2,42,67,1,1,3,15,24,1,147,0,62.68656716417911,3.75
AR Cusack,Ireland,2008,1,0,0,0,0,2,29,44,0,66,1,0.0,3.9545454545454546
AR Cusack,Ireland,2008/09,1,5,16,0,0,1,35,39,0,43,0,31.25,5.384615384615385
AR Cusack,Ireland,2009,2,0,2,0,0,3,77,82,0,99,1,0.0,5.634146341463415
AR Cusack,Ireland,2010,4,45,90,7,0,2,69,91,0,152,2,50.0,4.549450549450549
AR Cusack,Ireland,2010/11,5,80,105,7,1,0,102,112,1,170,2,76.19047619047619,5.4642857142857135
AR Cusack,Ireland,2011,3,27,33,3,0,3,64,84,0,144,2,81.81818181818183,4.571428571428571
AR Cusack,Ireland,2011/12,2,29,48,2,0,2,48,61,0,119,1,60.416666666666664,4.721311475409836
AR Cusack,Ireland,2013,3,0,6,0,0,5,114,126,0,164,1,0.0,5.428571428571429
AR Cusack,Ireland,2014,1,10,17,1,0,1,45,51,0,60,0,58.82352941176471,5.294117647058823
AR Cusack,Ireland,2014/15,5,26,38,2,0,8,197,295,1,373,3,68.42105263157895,4.0067796610169495
AR McBrine,Ireland,2014,2,0,0,0,0,2,84,108,0,96,2,0.0,4.666666666666667
AR McBrine,Ireland,2014/15,3,2,4,0,0,3,145,168,0,145,2,50.0,5.178571428571429
AR McBrine,Ireland,2015,1,7,10,0,0,1,40,54,0,52,0,70.0,4.444444444444445
AR McBrine,Ireland,2015/16,3,37,35,3,1,4,138,156,1,225,1,105.71428571428572,5.3076923076923075
AR McBrine,Ireland,2016,2,93,86,7,3,1,107,92,1,230,0,108.13953488372093,6.978260869565217
AR McBrine,Ireland,2016/17,2,0,2,0,0,5,77,120,1,184,2,0.0,3.85
AR McBrine,Ireland,2017/18,7,26,37,0,1,9,244,392,5,467,5,70.27027027027027,3.734693877551021
AR McBrine,Ireland,2019,3,4,6,0,0,0,70,84,3,60,2,66.66666666666666,5.0
AR McBrine,Ireland,2019/20,3,37,59,2,1,5,124,165,0,240,0,62.71186440677966,4.509090909090909
AR McBrine,Ireland,2020,3,64,72,5,1,1,140,127,0,161,1,88.88888888888889,6.6141732283464565
AR McBrine,Ireland,2020/21,2,0,0,0,0,1,66,86,0,55,1,0.0,4.604651162790698
AR McBrine,Ireland,2021,8,67,106,8,1,9,233,363,2,530,3,63.20754716981132,3.8512396694214877
AR McBrine,Ireland,2021/22,3,128,207,15,2,10,109,171,2,575,2,61.83574879227053,3.824561403508772
AR McBrine,Ireland,2022,3,93,133,15,1,1,130,158,1,264,0,69.92481203007519,4.936708860759494
AR McBrine,Ireland,2022/23,5,7,15,0,0,2,201,216,3,148,1,46.666666666666664,5.583333333333333
AR McBrine,Ireland,2023,10,153,235,18,2,6,331,401,3,577,3,65.1063829787234,4.952618453865337
AR McBrine,Ireland,2023/24,3,0,2,0,0,1,81,127,0,88,2,0.0,3.826771653543307
AR McBrine,Ireland,2024/25,2,24,40,1,0,1,88,109,0,89,0,60.0,4.844036697247706
AR Nurse,West Indies,2016,1,0,0,0,0,0,0,0,0,6,1,0.0,0.0
AR Nurse,West Indies,2016/17,7,47,45,3,2,14,331,399,3,585,1,104.44444444444446,4.977443609022556
AR Nurse,West Indies,2017,12,150,146,16,4,7,503,577,1,639,2,102.73972602739727,5.230502599653379
AR Nurse,West Indies,2017/18,8,53,80,5,0,5,304,350,6,375,5,66.25,5.211428571428571
AR Nurse,West Indies,2018,3,15,26,0,0,3,122,184,1,168,1,57.692307692307686,3.9782608695652173
AR Nurse,West Indies,2018/19,8,136,111,11,5,6,391,397,0,510,3,122.52252252252251,5.909319899244332
AR Nurse,West Indies,2019,7,53,56,5,1,6,302,280,1,328,2,94.64285714285714,6.4714285714285715
AR Odedara,Oman,2024/25,4,126,287,12,2,0,0,0,1,204,4,43.90243902439025,0.0
AR Patel,India,2014,3,9,9,2,0,1,59,60,2,78,2,100.0,5.9
AR Patel,India,2014/15,9,32,26,2,2,14,331,490,4,630,6,123.07692307692308,4.053061224489796
AR Patel,India,2015,5,13,11,0,1,6,212,256,4,299,4,118.18181818181819,4.96875
AR Patel,India,2015/16,4,37,50,0,2,4,195,222,1,229,2,74.0,5.27027027027027
AR Patel,India,2016,3,0,0,0,0,3,62,167,0,158,3,0.0,2.227544910179641
AR Patel,India,2016/17,5,79,83,4,3,4,183,262,1,324,3,95.18072289156626,4.190839694656489
AR Patel,India,2017,4,6,9,0,0,6,150,244,1,260,4,66.66666666666666,3.6885245901639347
AR Patel,India,2017/18,4,5,6,0,0,4,194,226,1,193,3,83.33333333333334,5.150442477876107
AR Patel,India,2022,6,92,70,5,6,8,194,280,1,501,6,131.42857142857142,4.1571428571428575
AR Patel,India,2022/23,7,139,146,5,7,5,217,229,6,476,4,95.2054794520548,5.685589519650655
AR Patel,India,2023,4,69,83,3,3,1,75,97,0,176,2,83.13253012048193,4.639175257731958
AR Patel,India,2023/24,2,8,29,0,0,1,69,97,0,61,1,27.586206896551722,4.268041237113402
AR Patel,India,2024,3,79,109,6,3,4,112,174,2,317,0,72.47706422018348,3.8620689655172415
AR Pitcher,Bermuda,2007/08,1,30,55,2,1,0,0,0,0,48,0,54.54545454545454,0.0
AR White,Ireland,2006,1,40,45,5,0,0,0,0,0,64,0,88.88888888888889,0.0
AR White,Ireland,2006/07,8,128,178,13,0,2,89,109,2,305,2,71.91011235955057,4.899082568807339
AR White,Ireland,2007,2,11,34,0,0,0,23,18,0,11,0,32.35294117647059,7.666666666666667
AR White,Ireland,2008/09,1,18,36,0,0,0,0,0,0,16,0,50.0,0.0
AR White,Ireland,2009,1,1,5,0,0,0,0,0,0,1,0,20.0,0.0
AR White,Ireland,2010,5,43,90,2,0,4,50,104,5,236,2,47.77777777777778,2.884615384615385
AR White,Ireland,2010/11,2,15,37,1,0,0,23,30,2,47,0,40.54054054054054,4.6
AR White,Ireland,2011,1,0,0,0,0,0,0,0,2,16,1,0.0,0.0
AR White,Ireland,2011/12,2,38,55,2,0,0,37,42,0,62,1,69.0909090909091,5.285714285714286
AR White,Ireland,2014,2,7,18,0,0,0,21,25,0,15,1,38.88888888888889,5.04
ARI Umeed,Scotland,2023/24,1,8,23,0,0,0,0,0,0,4,0,34.78260869565217,0.0
ARI Umeed,Scotland,2024/25,3,130,116,18,3,0,0,0,1,256,2,112.06896551724137,0.0
AS Hansra,Canada,2010,2,4,9,0,0,0,27,37,1,24,1,44.44444444444444,4.378378378378378
AS Hansra,Canada,2010/11,6,215,381,16,5,2,145,145,3,457,1,56.43044619422572,6.0
AS Hansra,Canada,2011,2,50,93,1,1,0,29,31,0,72,0,53.76344086021505,5.612903225806451
AS Hansra,Canada,2012/13,1,24,46,3,0,0,25,39,0,51,0,52.17391304347826,3.8461538461538463
AS Hansra,Canada,2013,2,0,1,0,0,0,17,12,0,1,0,0.0,8.5
AS Hansra,Canada,2013/14,2,2,8,0,0,0,34,18,1,13,0,25.0,11.333333333333334
AS Joseph,West Indies,2016/17,3,24,19,2,1,8,190,178,1,307,0,126.3157894736842,6.404494382022472
AS Joseph,West Indies,2017,8,23,43,0,0,12,425,411,2,493,2,53.48837209302325,6.204379562043796
AS Joseph,West Indies,2018,2,30,28,2,2,1,111,97,0,111,1,107.14285714285714,6.865979381443299
AS Joseph,West Indies,2019/20,9,16,34,3,0,22,411,536,4,827,4,47.05882352941176,4.600746268656716
AS Joseph,West Indies,2020/21,6,32,35,4,1,6,232,365,2,370,3,91.42857142857143,3.813698630136986
AS Joseph,West Indies,2021,3,37,90,3,2,6,91,129,1,261,1,41.11111111111111,4.232558139534884
AS Joseph,West Indies,2021/22,6,59,114,3,3,10,235,340,3,514,1,51.75438596491229,4.147058823529412
AS Joseph,West Indies,2022,11,83,82,6,4,17,414,606,0,808,3,101.21951219512195,4.099009900990099
AS Joseph,West Indies,2022/23,2,14,14,1,1,6,96,106,0,212,1,100.0,5.433962264150943
AS Joseph,West Indies,2023,7,38,61,1,3,11,342,406,5,534,3,62.295081967213115,5.054187192118226
AS Joseph,West Indies,2023/24,5,41,44,3,1,7,268,220,2,325,2,93.18181818181817,7.3090909090909095
AS Joseph,West Indies,2024/25,7,1,4,0,0,12,304,338,2,451,5,25.0,5.396449704142012
AS Luseno,Kenya,2002/03,1,0,2,0,0,0,25,25,0,5,0,0.0,6.0
AS Luseno,Kenya,2007/08,1,0,1,0,0,4,25,43,0,119,1,0.0,3.488372093023256
AT Carey,Australia,2017/18,1,27,26,4,0,0,0,0,1,57,0,103.84615384615385,0.0
AT Carey,Australia,2018,2,50,46,6,1,0,0,0,0,86,0,108.69565217391303,0.0
AT Carey,Australia,2018/19,15,352,449,30,2,0,0,0,15,679,9,78.39643652561247,0.0
AT Carey,Australia,2019,9,375,366,46,2,0,0,0,14,779,6,102.45901639344261,0.0
AT Carey,Australia,2019/20,7,80,95,7,1,0,0,0,8,185,2,84.21052631578947,0.0
AT Carey,Australia,2020,3,152,167,10,2,0,0,0,4,284,2,91.01796407185628,0.0
AT Carey,Australia,2020/21,3,55,55,6,0,0,0,0,3,107,2,100.0,0.0
AT Carey,Australia,2021,3,112,158,9,2,0,0,0,2,204,2,70.88607594936708,0.0
AT Carey,Australia,2021/22,3,65,76,6,1,0,0,0,2,123,1,85.52631578947368,0.0
AT Carey,Australia,2022,11,328,409,24,2,0,0,0,13,630,7,80.1955990220049,0.0
AT Carey,Australia,2022/23,5,71,83,6,1,0,0,0,7,170,5,85.54216867469879,0.0
AT Carey,Australia,2023/24,8,147,165,13,4,0,0,0,9,330,3,89.0909090909091,0.0
AT Carey,Australia,2024,3,164,162,16,4,0,0,0,2,308,1,101.23456790123457,0.0
AT Nidamanuru,Netherlands,2022,8,141,170,7,3,0,8,6,0,204,0,82.94117647058825,8.0
AT Nidamanuru,Netherlands,2022/23,4,176,201,11,6,0,0,0,1,307,1,87.56218905472637,0.0
AT Nidamanuru,Netherlands,2023,8,184,167,17,3,0,0,0,4,354,4,110.17964071856288,0.0
AT Nidamanuru,Netherlands,2023/24,8,178,199,13,10,0,0,0,3,338,1,89.44723618090453,0.0
AT Nidamanuru,Netherlands,2024/25,1,34,44,3,1,0,0,0,0,56,0,77.27272727272727,0.0
AT Rayudu,India,2013,3,101,171,6,0,0,0,0,0,135,3,59.06432748538012,0.0
AT Rayudu,India,2013/14,6,142,202,10,3,0,49,42,1,236,1,70.29702970297029,7.0
AT Rayudu,India,2014,5,135,181,11,2,0,7,13,2,241,3,74.58563535911603,3.230769230769231
AT Rayudu,India,2014/15,11,365,462,33,7,1,48,43,7,704,7,79.004329004329,6.697674418604651
AT Rayudu,India,2015,4,209,237,18,1,1,4,13,1,373,3,88.18565400843882,1.8461538461538463
AT Rayudu,India,2016,2,103,168,12,0,0,0,0,1,175,2,61.30952380952381,0.0
AT Rayudu,India,2018,5,118,170,8,2,0,0,1,1,184,5,69.41176470588235,0.0
AT Rayudu,India,2018/19,15,464,552,43,11,0,13,12,5,828,10,84.05797101449275,6.5
AU Rashid,England,2009,4,60,56,8,0,3,159,191,1,245,1,107.14285714285714,4.994764397905759
AU Rashid,England,2009/10,1,0,0,0,0,0,27,18,0,6,1,0.0,9.0
AU Rashid,England,2015,10,164,154,22,2,14,553,539,2,843,5,106.49350649350649,6.155844155844156
AU Rashid,England,2015/16,9,70,60,8,1,9,437,489,3,534,5,116.66666666666667,5.361963190184049
AU Rashid,England,2016,9,0,0,0,0,13,448,530,2,523,7,0.0,5.071698113207548
AU Rashid,England,2016/17,7,42,48,1,2,13,284,332,4,543,5,87.5,5.132530120481928
AU Rashid,England,2017,12,67,54,8,0,20,510,605,1,849,10,124.07407407407408,5.0578512396694215
AU Rashid,England,2017/18,10,41,47,5,0,14,530,605,1,631,7,87.2340425531915,5.256198347107438
AU Rashid,England,2018,8,42,64,1,1,14,402,461,2,570,7,65.625,5.2321041214750545
AU Rashid,England,2018/19,8,38,49,6,0,12,322,315,2,479,5,77.55102040816327,6.133333333333334
AU Rashid,England,2019,15,59,50,5,1,10,664,710,2,594,10,118.0,5.611267605633803
AU Rashid,England,2019/20,1,2,10,0,0,3,51,60,0,97,1,20.0,5.1
AU Rashid,England,2020,6,54,46,3,2,8,305,349,1,428,3,117.3913043478261,5.243553008595989
AU Rashid,England,2020/21,3,19,27,2,0,3,206,178,1,163,1,70.37037037037037,6.943820224719101
AU Rashid,England,2021,3,0,0,0,0,0,125,149,2,64,2,0.0,5.033557046979866
AU Rashid,England,2022,6,12,15,1,0,6,269,314,3,297,4,80.0,5.140127388535031
AU Rashid,England,2022/23,7,59,82,3,1,16,356,391,1,618,3,71.95121951219512,5.462915601023018
AU Rashid,England,2023,1,0,0,0,0,1,70,48,0,37,0,0.0,8.75
AU Rashid,England,2023/24,8,72,82,5,2,12,369,420,3,570,3,87.8048780487805,5.271428571428571
AU Rashid,England,2024,5,63,70,6,1,3,177,228,1,265,2,90.0,4.657894736842105
AU Rashid,England,2024/25,3,15,20,2,0,3,162,163,1,158,1,75.0,5.963190184049079
AV Lalcheta,Oman,2019,2,18,49,1,0,2,62,84,0,102,1,36.734693877551024,4.428571428571429
AW Gale,England,2007,1,0,0,0,0,0,0,0,1,8,0,0.0,0.0
AW Hawkins-Kay,Jersey,2023,1,0,0,0,0,0,0,0,1,8,1,0.0,0.0
AW Mathieson,New Zealand,2015,1,0,0,0,0,1,39,25,0,33,0,0.0,9.36
AY Karim,Kenya,2002/03,4,0,2,0,0,3,68,141,0,151,1,0.0,2.893617021276596
Aaditya Varadarajan,Canada,2024,3,36,66,1,0,0,0,0,1,46,0,54.54545454545454,0.0
Aakash Chand,Nepal,2023/24,2,0,0,0,0,2,78,82,1,84,2,0.0,5.707317073170732
Aamer Jamal,Pakistan,2024/25,3,5,9,1,0,3,79,102,0,126,2,55.55555555555556,4.647058823529412
Aamer Yamin,Pakistan,2015/16,3,63,73,5,4,1,84,107,0,187,2,86.3013698630137,4.710280373831776
Aamer Yamin,Pakistan,2017/18,1,32,28,3,1,1,63,55,0,99,0,114.28571428571428,6.872727272727273
Aamir Kaleem,Oman,2019,2,13,17,1,0,2,53,77,2,112,1,76.47058823529412,4.129870129870129
Aamir Kaleem,Oman,2021/22,1,5,8,1,0,0,29,24,0,21,0,62.5,7.25
Aamir Kaleem,Oman,2024/25,4,34,51,2,3,6,84,196,1,332,4,66.66666666666666,2.5714285714285716
Aarif Sheikh,Nepal,2018,1,3,11,0,0,0,0,0,0,3,0,27.27272727272727,0.0
Aarif Sheikh,Nepal,2018/19,3,75,122,7,0,0,10,12,2,131,2,61.47540983606557,5.0
Aarif Sheikh,Nepal,2019/20,3,36,75,2,0,0,0,0,0,48,1,48.0,0.0
Aarif Sheikh,Nepal,2021,2,9,19,0,1,0,28,30,1,33,2,47.368421052631575,5.6
Aarif Sheikh,Nepal,2021/22,6,161,302,9,0,4,143,237,2,432,2,53.31125827814569,3.6202531645569622
Aarif Sheikh,Nepal,2022,8,192,272,12,0,0,84,117,3,345,2,70.58823529411765,4.3076923076923075
Aarif Sheikh,Nepal,2022/23,12,244,363,16,2,2,107,141,5,494,7,67.21763085399449,4.553191489361702
Aarif Sheikh,Nepal,2023,8,135,202,11,1,0,111,126,7,312,4,66.83168316831683,5.285714285714286
Aarif Sheikh,Nepal,2023/24,3,60,102,5,0,0,0,0,2,98,2,58.82352941176471,0.0
Aarif Sheikh,Nepal,2024,2,45,124,1,0,1,33,48,0,88,0,36.29032258064516,4.125
Aarif Sheikh,Nepal,2024/25,2,72,56,8,2,1,31,51,2,190,1,128.57142857142858,3.6470588235294117
Aaron Jones,United States of America,2019,4,89,166,4,2,0,0,0,0,135,3,53.6144578313253,0.0
Aaron Jones,United States of America,2019/20,8,283,414,22,4,0,0,0,2,450,3,68.35748792270532,0.0
Aaron Jones,United States of America,2021,1,22,33,1,1,0,0,0,1,40,1,66.66666666666666,0.0
Aaron Jones,United States of America,2022,15,650,833,49,14,0,145,165,6,1173,6,78.031212484994,5.2727272727272725
Aaron Jones,United States of America,2022/23,4,120,174,3,1,0,0,0,2,170,3,68.96551724137932,0.0
Aaron Jones,United States of America,2023,10,246,387,14,6,0,26,24,3,400,4,63.565891472868216,6.5
Aaron Jones,United States of America,2024,4,120,165,12,1,0,0,0,2,206,2,72.72727272727273,0.0
Aaron Jones,United States of America,2024/25,1,26,20,5,0,0,0,0,0,54,1,130.0,0.0
Aasif Sheikh,Nepal,2021,5,186,255,20,1,0,0,0,5,348,4,72.94117647058823,0.0
Aasif Sheikh,Nepal,2021/22,3,25,61,2,0,0,0,0,3,69,2,40.98360655737705,0.0
Aasif Sheikh,Nepal,2022,7,300,354,40,2,0,0,0,4,564,2,84.7457627118644,0.0
Aasif Sheikh,Nepal,2022/23,18,515,673,54,8,0,0,0,12,1064,12,76.52303120356612,0.0
Aasif Sheikh,Nepal,2023,8,177,282,22,0,0,0,0,5,327,3,62.76595744680851,0.0
Aasif Sheikh,Nepal,2023/24,6,151,191,20,3,0,0,0,6,349,3,79.05759162303664,0.0
Aasif Sheikh,Nepal,2024,3,33,74,5,0,0,0,0,1,63,0,44.5945945945946,0.0
Aasif Sheikh,Nepal,2024/25,3,36,53,4,0,0,0,0,1,60,1,67.9245283018868,0.0
Aayan Afzal Khan,United Arab Emirates,2022/23,10,178,243,16,6,14,293,572,1,955,3,73.25102880658436,3.0734265734265738
Aayan Afzal Khan,United Arab Emirates,2023,15,272,320,31,4,15,563,798,0,1132,6,85.0,4.2330827067669174
Aayan Afzal Khan,United Arab Emirates,2023/24,3,95,132,6,2,5,103,156,0,328,0,71.96969696969697,3.9615384615384617
Aayan Afzal Khan,United Arab Emirates,2024,2,10,27,0,0,2,67,84,1,93,0,37.03703703703704,4.785714285714286
Aayan Afzal Khan,United Arab Emirates,2024/25,4,30,69,2,1,4,134,191,0,224,1,43.47826086956522,4.209424083769633
Abdul Haq,United Arab Emirates,2014,1,0,0,0,0,0,0,0,1,8,1,0.0,0.0
Abdul Jabbar,Canada,2007/08,2,59,86,9,1,0,0,0,1,111,0,68.6046511627907,0.0
Abdul Razzaq,Pakistan,2002/03,8,175,207,12,7,3,190,283,2,505,5,84.54106280193237,4.028268551236749
Abdul Razzaq,Pakistan,2003,9,150,159,11,3,11,225,357,2,661,5,94.33962264150944,3.7815126050420167
Abdul Razzaq,Pakistan,2003/04,12,333,285,31,5,9,450,593,3,1009,7,116.8421052631579,4.5531197301854975
Abdul Razzaq,Pakistan,2004,7,120,167,7,3,4,149,251,2,395,4,71.8562874251497,3.5617529880478087
Abdul Razzaq,Pakistan,2004/05,12,336,395,25,8,14,480,622,3,1171,8,85.0632911392405,4.630225080385852
Abdul Razzaq,Asia XI,2005,2,38,80,3,0,1,34,31,0,87,0,47.5,6.580645161290322
Abdul Razzaq,Pakistan,2005,2,40,44,1,1,8,72,95,0,297,2,90.9090909090909,4.5473684210526315
Abdul Razzaq,Pakistan,2005/06,13,272,312,18,11,8,440,500,0,843,5,87.17948717948718,5.28
Abdul Razzaq,Pakistan,2006,5,96,119,6,5,6,147,201,0,403,2,80.67226890756302,4.388059701492537
Abdul Razzaq,Pakistan,2006/07,12,152,228,11,3,9,371,424,1,641,5,66.66666666666666,5.25
Abdul Razzaq,Pakistan,2009,3,64,109,3,2,4,128,176,1,264,0,58.71559633027523,4.363636363636364
Abdul Razzaq,Pakistan,2009/10,3,61,60,4,3,4,117,132,1,264,1,101.66666666666666,5.318181818181818
Abdul Razzaq,Pakistan,2010,6,136,137,14,4,4,194,230,0,419,3,99.27007299270073,5.060869565217391
Abdul Razzaq,Pakistan,2010/11,18,337,349,28,12,9,392,524,0,1057,11,96.56160458452722,4.488549618320611
Abdul Razzaq,Pakistan,2011/12,3,17,38,0,0,2,58,99,1,123,2,44.73684210526316,3.515151515151515
Abdul Shakoor,United Arab Emirates,2015/16,1,24,42,2,1,0,0,0,1,46,0,57.14285714285714,0.0
Abdul Shakoor,United Arab Emirates,2018,1,10,24,0,0,0,0,0,2,36,1,41.66666666666667,0.0
Abdullah Shafique,Pakistan,2022,1,2,5,0,0,0,0,0,0,2,1,40.0,0.0
Abdullah Shafique,Pakistan,2023,3,78,109,3,3,0,0,0,3,144,2,71.55963302752293,0.0
Abdullah Shafique,Pakistan,2023/24,7,278,295,31,7,0,0,0,2,523,3,94.23728813559322,0.0
Abdullah Shafique,Pakistan,2024/25,9,196,280,15,5,0,0,0,5,353,7,70.0,0.0
Abdur Rauf,Pakistan,2007/08,1,0,0,0,0,3,38,58,0,96,1,0.0,3.931034482758621
Abdur Rauf,Pakistan,2008,2,0,0,0,0,5,84,112,1,180,2,0.0,4.5
Abdur Rauf,Pakistan,2008/09,1,0,0,0,0,0,77,54,0,14,1,0.0,8.555555555555555
Abdur Razzak,Bangladesh,2004,2,11,13,0,0,1,68,98,0,74,0,84.61538461538461,4.163265306122449
Abdur Razzak,Bangladesh,2005/06,4,6,14,0,0,5,121,169,0,200,0,42.857142857142854,4.295857988165681
Abdur Razzak,Bangladesh,2006,4,14,23,1,1,8,92,214,1,334,4,60.86956521739131,2.579439252336449
Abdur Razzak,Bangladesh,2006/07,16,64,103,7,0,23,527,854,4,1076,8,62.13592233009708,3.702576112412178
Abdur Razzak,Bangladesh,2007,5,43,52,2,3,6,213,282,2,358,0,82.6923076923077,4.531914893617022
Abdur Razzak,Bangladesh,2007/08,11,104,155,10,2,7,432,538,3,551,0,67.0967741935484,4.817843866171003
Abdur Razzak,Bangladesh,2008,10,99,162,6,3,13,387,521,1,680,1,61.111111111111114,4.456813819577735
Abdur Razzak,Bangladesh,2008/09,1,0,3,0,0,0,55,60,2,33,0,0.0,5.5
Abdur Razzak,Bangladesh,2009,3,17,17,1,0,6,148,188,0,239,3,100.0,4.723404255319149
Abdur Razzak,Bangladesh,2009/10,12,24,44,1,1,20,459,650,2,821,4,54.54545454545454,4.236923076923077
Abdur Razzak,Bangladesh,2010,5,31,40,3,0,5,237,293,0,273,2,77.5,4.853242320819112
Abdur Razzak,Bangladesh,2010/11,14,30,57,1,0,20,456,770,1,894,10,52.63157894736842,3.553246753246753
Abdur Razzak,Bangladesh,2011,7,35,36,1,1,6,273,325,1,328,2,97.22222222222221,5.04
Abdur Razzak,Bangladesh,2011/12,9,44,55,4,1,9,331,485,2,512,2,80.0,4.094845360824743
Abdur Razzak,Bangladesh,2012/13,7,12,19,0,0,14,271,388,1,524,4,63.1578947368421,4.190721649484535
Abdur Razzak,Bangladesh,2013,3,73,40,5,5,1,98,150,0,242,1,182.5,3.92
Abdur Razzak,Bangladesh,2013/14,5,16,13,2,0,5,261,266,1,249,3,123.07692307692308,5.887218045112782
Abdur Razzak,Bangladesh,2014,3,21,34,3,0,1,142,157,1,116,0,61.76470588235294,5.426751592356688
Abdur Rehman,Pakistan,2006/07,4,7,35,0,0,5,119,192,0,221,3,20.0,3.71875
Abdur Rehman,Pakistan,2007/08,6,42,58,4,0,5,264,352,1,324,2,72.41379310344827,4.5
Abdur Rehman,Pakistan,2010,1,1,1,0,0,0,36,61,0,23,1,100.0,3.5409836065573774
Abdur Rehman,Pakistan,2010/11,9,15,29,0,1,2,265,404,1,244,6,51.724137931034484,3.935643564356436
Abdur Rehman,Pakistan,2011/12,3,17,30,2,0,3,99,180,1,186,1,56.666666666666664,3.3
Abdur Rehman,Pakistan,2012,2,12,14,1,0,3,95,114,1,137,1,85.71428571428571,5.0
Abdur Rehman,Pakistan,2013,3,7,13,1,0,7,106,167,1,260,3,53.84615384615385,3.8083832335329344
Abdur Rehman,Pakistan,2013/14,3,31,54,2,0,1,82,118,0,107,1,57.407407407407405,4.169491525423728
Abid Ali,Pakistan,2018/19,2,112,122,9,0,0,0,0,1,193,0,91.80327868852459,0.0
Abid Ali,Pakistan,2019,1,5,10,1,0,0,0,0,2,25,0,50.0,0.0
Abid Ali,Pakistan,2019/20,1,74,68,10,0,0,0,0,0,128,1,108.8235294117647,0.0
Abid Ali,Pakistan,2020/21,2,43,57,9,0,0,0,0,0,79,2,75.43859649122807,0.0
Abrar Ahmed,Pakistan,2024/25,4,4,2,1,0,10,156,218,1,368,4,200.0,4.293577981651376
Abu Hider,Bangladesh,2018/19,1,0,0,0,0,1,39,54,0,49,1,0.0,4.333333333333333
Abu Jayed,Bangladesh,2019,2,0,0,0,0,5,109,113,0,178,2,0.0,5.787610619469027
Abul Hasan,Bangladesh,2012/13,3,3,6,0,0,0,103,87,0,25,2,50.0,7.103448275862069
Abul Hasan,Bangladesh,2014/15,2,1,3,0,0,0,69,80,1,39,2,33.33333333333333,5.175
Abul Hasan,Bangladesh,2015,1,0,0,0,0,0,42,30,0,6,1,0.0,8.4
Abul Hasan,Bangladesh,2017/18,1,7,7,1,0,0,25,24,0,19,0,100.0,6.25
Adeel Raja,Netherlands,2002/03,3,2,15,0,0,5,123,137,0,169,1,13.333333333333334,5.386861313868613
Adeel Raja,Netherlands,2006/07,1,8,14,1,0,0,60,48,0,26,0,57.14285714285714,7.5
Adeel Raja,Netherlands,2010,1,3,42,0,0,0,26,6,0,-1,0,7.142857142857142,26.0
Adeel Raja,Netherlands,2010/11,2,0,5,0,0,0,75,90,0,33,0,0.0,5.0
Adhitya Shetty,United Arab Emirates,2023,1,0,0,0,0,1,56,60,1,57,0,0.0,5.6
Adnan Akmal,Pakistan,2011,3,51,68,3,0,0,0,0,2,95,3,75.0,0.0
Adnan Akmal,Pakistan,2011/12,2,11,24,0,0,0,0,0,1,23,0,45.83333333333333,0.0
Adnan Mufti,United Arab Emirates,2016/17,4,79,150,3,0,0,0,0,1,101,2,52.666666666666664,0.0
Adnan Mufti,United Arab Emirates,2017,2,10,18,0,0,0,0,0,0,16,1,55.55555555555556,0.0
Adnan Mufti,United Arab Emirates,2017/18,9,182,196,16,1,0,0,0,3,294,3,92.85714285714286,0.0
Adnan Mufti,United Arab Emirates,2018,1,57,49,8,0,0,0,0,0,103,1,116.3265306122449,0.0
Afif Hossain,Bangladesh,2019/20,1,7,6,1,0,1,12,12,0,40,1,116.66666666666667,6.0
Afif Hossain,Bangladesh,2020/21,1,0,0,0,0,0,0,0,1,8,0,0.0,0.0
Afif Hossain,Bangladesh,2021,6,139,133,9,3,0,11,6,4,249,5,104.51127819548873,11.0
Afif Hossain,Bangladesh,2021/22,2,89,123,10,1,1,15,30,1,194,1,72.35772357723577,3.0
Afif Hossain,Bangladesh,2022,5,135,147,11,2,0,8,15,2,243,3,91.83673469387756,3.2
Afif Hossain,Bangladesh,2022/23,6,61,94,6,1,0,14,6,2,106,3,64.8936170212766,14.0
Afif Hossain,Bangladesh,2023,2,12,11,0,1,0,0,0,1,26,0,109.09090909090908,0.0
Afif Hossain,Bangladesh,2023/24,1,38,29,5,1,0,17,6,0,80,0,131.0344827586207,17.0
Afif Hossain,Bangladesh,2024/25,3,67,88,10,0,1,31,30,0,146,0,76.13636363636364,6.2
Aftab Ahmed,Bangladesh,2004,1,21,44,4,0,0,0,0,0,35,0,47.72727272727273,0.0
Aftab Ahmed,Bangladesh,2004/05,5,139,183,17,3,0,38,42,1,277,1,75.95628415300546,5.428571428571429
Aftab Ahmed,Bangladesh,2005,6,101,141,8,3,2,169,220,0,287,1,71.63120567375887,4.609090909090909
Aftab Ahmed,Bangladesh,2005/06,5,84,95,7,3,1,45,55,0,186,1,88.42105263157895,4.909090909090909
Aftab Ahmed,Bangladesh,2006,4,63,106,8,1,0,0,0,0,105,4,59.43396226415094,0.0
Aftab Ahmed,Bangladesh,2006/07,16,313,365,33,10,1,47,40,7,642,8,85.75342465753425,7.05
Aftab Ahmed,Bangladesh,2007,5,122,184,10,1,0,41,36,4,224,0,66.30434782608695,6.833333333333333
Aftab Ahmed,Bangladesh,2007/08,8,138,220,16,1,0,21,18,1,230,0,62.727272727272734,7.0
Aftab Ahmed,Bangladesh,2009/10,5,80,113,13,0,0,0,0,2,148,0,70.79646017699115,0.0
Afzaal Haider,Hong Kong,2008,2,0,10,0,0,2,120,81,1,76,0,0.0,8.88888888888889
Agha Salman,Pakistan,2022,3,101,95,9,2,0,30,36,1,189,3,106.3157894736842,5.0
Agha Salman,Pakistan,2022/23,3,83,75,6,2,2,87,109,2,235,1,110.66666666666667,4.788990825688073
Agha Salman,Pakistan,2023,9,193,212,17,3,1,227,233,4,454,6,91.0377358490566,5.845493562231759
Agha Salman,Pakistan,2023/24,3,51,45,6,1,0,45,31,3,129,2,113.33333333333333,8.709677419354838
Agha Salman,Pakistan,2024/25,8,209,225,14,6,11,210,253,2,732,6,92.88888888888889,4.980237154150198
Ahmed Raza,United Arab Emirates,2014,1,17,30,2,1,1,26,36,0,70,1,56.666666666666664,4.333333333333333
Ahmed Raza,United Arab Emirates,2015/16,1,16,15,2,0,2,43,60,1,108,0,106.66666666666667,4.3
Ahmed Raza,United Arab Emirates,2016,2,3,12,0,0,2,73,121,0,101,0,25.0,3.6198347107438016
Ahmed Raza,United Arab Emirates,2016/17,4,62,104,9,0,3,126,219,0,267,2,59.61538461538461,3.452054794520548
Ahmed Raza,United Arab Emirates,2017,2,26,26,2,1,1,60,96,1,117,1,100.0,3.75
Ahmed Raza,United Arab Emirates,2017/18,8,78,179,5,0,5,325,438,1,409,2,43.575418994413404,4.4520547945205475
Ahmed Raza,United Arab Emirates,2018,1,12,17,0,0,3,37,60,1,121,1,70.58823529411765,3.7
Ahmed Raza,United Arab Emirates,2019/20,6,53,85,2,1,9,176,345,4,478,3,62.35294117647059,3.0608695652173914
Ahmed Raza,United Arab Emirates,2020/21,2,14,15,1,1,3,82,121,0,141,1,93.33333333333333,4.066115702479339
Ahmed Raza,United Arab Emirates,2021/22,11,60,89,4,2,12,380,555,4,646,7,67.41573033707866,4.108108108108108
Ahmed Raza,United Arab Emirates,2022,7,23,49,0,0,12,276,417,3,505,2,46.93877551020408,3.971223021582734
Ahmed Raza,United Arab Emirates,2022/23,2,27,24,1,2,1,69,55,0,85,1,112.5,7.527272727272727
Ahmed Shehzad,Pakistan,2009,4,106,206,9,0,0,0,0,0,146,1,51.45631067961165,0.0
Ahmed Shehzad,Pakistan,2010/11,10,232,282,30,5,0,16,12,5,479,7,82.26950354609929,8.0
Ahmed Shehzad,Pakistan,2011,5,139,235,13,1,0,3,4,2,251,3,59.148936170212764,4.5
Ahmed Shehzad,Pakistan,2013,8,202,355,20,1,0,0,0,2,322,5,56.901408450704224,0.0
Ahmed Shehzad,Pakistan,2013/14,17,785,1016,77,7,0,0,0,8,1394,8,77.26377952755905,0.0
Ahmed Shehzad,Pakistan,2014,3,115,164,12,0,0,15,12,1,195,1,70.1219512195122,7.5
Ahmed Shehzad,Pakistan,2014/15,17,583,807,61,3,2,105,88,6,1091,6,72.24287484510533,7.159090909090909
Ahmed Shehzad,Pakistan,2015,6,216,254,26,1,0,0,0,2,386,4,85.03937007874016,0.0
Ahmed Shehzad,Pakistan,2015/16,5,82,137,7,0,0,0,0,1,122,2,59.854014598540154,0.0
Ahmed Shehzad,Pakistan,2017,5,87,138,7,0,0,0,0,0,133,3,63.04347826086957,0.0
Ahmed Shehzad,Pakistan,2017/18,2,8,29,0,0,0,0,0,2,21,2,27.586206896551722,0.0
Ahsan Malik,Netherlands,2011,1,0,0,0,0,0,45,48,0,16,0,0.0,5.625
Ahsan Malik,Netherlands,2013,3,4,12,0,0,2,60,76,0,79,1,33.33333333333333,4.736842105263158
Ahsan Malik,Netherlands,2013/14,2,0,0,0,0,5,74,83,3,178,1,0.0,5.349397590361446
Aijaz Ali,United States of America,2004,2,5,11,1,0,0,0,0,1,17,0,45.45454545454545,0.0
Aizaz Cheema,Pakistan,2011,3,0,0,0,0,8,134,182,0,272,3,0.0,4.417582417582418
Aizaz Cheema,Pakistan,2011/12,10,24,37,2,0,15,398,447,1,579,6,64.86486486486487,5.342281879194631
Aizaz Cheema,Pakistan,2012,1,2,8,0,0,0,38,44,0,16,0,25.0,5.181818181818182
Aizaz Khan,Hong Kong,2015/16,1,0,0,0,0,1,33,35,0,36,1,0.0,5.6571428571428575
Aizaz Khan,Hong Kong,2016,2,37,61,5,0,2,108,79,0,135,0,60.65573770491803,8.202531645569621
Aizaz Khan,Hong Kong,2016/17,5,48,64,2,3,4,181,199,1,264,3,75.0,5.457286432160805
Aizaz Khan,Hong Kong,2017/18,3,31,42,3,1,4,80,123,0,194,1,73.80952380952381,3.902439024390244
Aizaz Khan,Hong Kong,2018,2,27,49,2,1,1,59,71,0,90,0,55.10204081632652,4.985915492957746
Akeem Jordan,West Indies,2023,2,3,6,0,0,1,52,70,2,80,2,50.0,4.457142857142857
Akhil Kumar,Canada,2024,4,2,11,0,0,3,74,106,1,132,4,18.181818181818183,4.188679245283018
Akif Raja,United Arab Emirates,2021/22,3,0,0,0,0,1,74,97,1,71,2,0.0,4.577319587628866
Akif Raja,United Arab Emirates,2022,3,0,0,0,0,2,80,137,2,138,2,0.0,3.5036496350364965
Akram Khan,Bangladesh,2002/03,2,57,102,3,0,0,0,0,1,77,0,55.88235294117647,0.0
Akshay Homraj,United States of America,2019/20,8,159,230,9,4,0,0,0,12,337,3,69.1304347826087,0.0
Al Sahariar,Bangladesh,2002/03,4,28,60,4,1,0,0,0,2,67,0,46.666666666666664,0.0
Al Sahariar,Bangladesh,2003,2,16,42,1,0,0,0,0,0,16,0,38.095238095238095,0.0
Al Sahariar,Bangladesh,2003/04,1,0,0,0,0,0,0,0,1,8,0,0.0,0.0
Al-Amin Hossain,Bangladesh,2013/14,3,2,7,0,0,3,123,152,0,146,0,28.57142857142857,4.855263157894737
Al-Amin Hossain,Bangladesh,2014,6,1,6,0,0,13,244,275,1,455,0,16.666666666666664,5.323636363636363
Al-Amin Hossain,Bangladesh,2014/15,2,0,0,0,0,1,58,63,0,45,2,0.0,5.523809523809524
Al-Amin Hossain,Bangladesh,2015/16,3,1,7,0,0,4,79,128,0,151,3,14.285714285714285,3.703125
Al-Amin Hossain,Bangladesh,2019/20,1,0,0,0,0,1,82,63,0,44,1,0.0,7.809523809523809
Alawi Shukri,United Arab Emirates,2008,1,1,3,0,0,0,0,0,0,1,0,33.33333333333333,0.0
Ali Khan,United States of America,2019,1,3,11,0,0,1,22,31,0,44,0,27.27272727272727,4.258064516129032
Ali Khan,United States of America,2022,6,1,8,0,0,13,205,306,1,472,4,12.5,4.019607843137255
Ali Khan,United States of America,2023,8,16,16,1,0,19,277,380,0,686,4,100.0,4.373684210526315
Ali Naseer,United Arab Emirates,2023,9,204,203,17,8,10,388,430,0,759,1,100.49261083743843,5.413953488372092
Ali Naseer,United Arab Emirates,2024,4,122,121,14,5,4,161,154,1,386,1,100.82644628099173,6.2727272727272725
Ali Naseer,United Arab Emirates,2024/25,4,70,75,3,5,6,80,117,0,324,1,93.33333333333333,4.102564102564102
Alok Kapali,Bangladesh,2002/03,5,48,94,3,1,2,85,134,1,174,0,51.06382978723404,3.8059701492537314
Alok Kapali,Bangladesh,2003,6,190,258,17,0,2,84,104,0,375,0,73.64341085271317,4.846153846153847
Alok Kapali,Bangladesh,2003/04,4,12,21,1,0,0,15,15,1,30,0,57.14285714285714,6.0
Alok Kapali,Bangladesh,2004,4,35,69,2,1,0,16,18,1,63,0,50.72463768115942,5.333333333333333
Alok Kapali,Bangladesh,2004/05,1,0,0,0,0,0,9,6,0,2,1,0.0,9.0
Alok Kapali,Bangladesh,2005/06,5,57,109,3,0,3,110,133,2,206,1,52.293577981651374,4.962406015037594
Alok Kapali,Bangladesh,2006,1,0,0,0,0,0,0,0,1,8,1,0.0,0.0
Alok Kapali,Bangladesh,2008,10,206,240,20,6,9,249,250,3,701,1,85.83333333333333,5.976
Alok Kapali,Bangladesh,2011,1,13,17,1,0,0,8,12,1,29,0,76.47058823529412,4.0
Alok Kapali,Bangladesh,2011/12,3,52,102,4,0,0,53,72,3,112,0,50.98039215686274,4.416666666666667
Aman Ali,United Arab Emirates,2008,1,0,2,0,0,0,20,14,0,7,0,0.0,8.571428571428571
Amir Hayat,United Arab Emirates,2017/18,5,7,28,0,0,3,239,233,3,184,3,25.0,6.15450643776824
Amir Hayat,United Arab Emirates,2018,1,0,0,0,0,2,19,62,0,84,1,0.0,1.8387096774193548
Amir Hayat,United Arab Emirates,2018/19,3,24,46,1,1,6,105,173,1,268,1,52.17391304347826,3.641618497109827
Amjad Ali,United Arab Emirates,2008,2,96,100,16,0,0,0,0,4,250,0,96.0,0.0
Amjad Ali,United Arab Emirates,2014,1,39,65,4,0,0,0,0,0,59,1,60.0,0.0
Amjad Ali,United Arab Emirates,2014/15,6,96,193,11,0,0,0,0,3,160,0,49.740932642487046,0.0
Amjad Ali,United Arab Emirates,2015/16,1,18,29,2,0,0,0,0,0,26,0,62.06896551724138,0.0
Amjad Javed,United Arab Emirates,2008,1,10,10,1,1,0,24,12,0,24,0,100.0,12.0
Amjad Javed,United Arab Emirates,2014/15,6,170,203,21,4,7,301,300,2,597,0,83.74384236453201,6.02
Amjad Javed,United Arab Emirates,2016,2,32,21,2,3,0,82,78,2,109,0,152.38095238095238,6.3076923076923075
Amjad Javed,United Arab Emirates,2016/17,3,24,25,3,1,0,65,105,1,100,1,96.0,3.7142857142857144
Amjad Javed,United Arab Emirates,2017,1,2,8,0,0,0,19,31,1,26,1,25.0,3.6774193548387095
Ammar Khalid,Canada,2023/24,4,0,0,0,0,5,141,203,0,207,4,0.0,4.167487684729064
Anamul Haque,Bangladesh,2012/13,7,248,350,29,3,0,0,0,2,447,4,70.85714285714285,0.0
Anamul Haque,Bangladesh,2013/14,7,283,416,22,8,0,0,0,6,546,1,68.02884615384616,0.0
Anamul Haque,Bangladesh,2014,6,160,222,18,2,0,0,0,1,290,0,72.07207207207207,0.0
Anamul Haque,Bangladesh,2014/15,6,229,333,18,3,0,0,0,0,369,5,68.76876876876878,0.0
Anamul Haque,Bangladesh,2017/18,4,55,65,7,1,0,0,0,0,90,3,84.61538461538461,0.0
Anamul Haque,Bangladesh,2018,3,33,44,3,2,0,0,0,0,50,2,75.0,0.0
Anamul Haque,Bangladesh,2019,1,14,24,2,0,0,0,0,0,22,0,58.333333333333336,0.0
Anamul Haque,Bangladesh,2022,4,169,161,15,7,0,0,0,2,327,2,104.96894409937889,0.0
Anamul Haque,Bangladesh,2022/23,3,33,46,4,1,0,0,0,1,61,2,71.73913043478261,0.0
Anamul Haque,Bangladesh,2023,1,4,13,1,0,0,0,0,1,16,1,30.76923076923077,0.0
Anamul Haque,Bangladesh,2023/24,4,94,111,13,0,0,0,0,2,186,2,84.68468468468468,0.0
Ankur Sharma,Hong Kong,2014,1,16,31,1,0,0,0,0,0,20,0,51.61290322580645,0.0
Ansh Patel,Canada,2024,2,0,0,0,0,3,77,88,2,125,2,0.0,5.25
Ansh Tandon,United Arab Emirates,2023,1,10,18,1,0,0,0,0,0,14,1,55.55555555555556,0.0
Anshuman Rath,Hong Kong,2015/16,1,36,51,4,0,3,21,61,0,169,1,70.58823529411765,2.0655737704918034
Anshuman Rath,Hong Kong,2016,2,45,51,4,1,0,10,18,0,79,0,88.23529411764706,3.3333333333333335
Anshuman Rath,Hong Kong,2016/17,3,74,100,8,0,7,74,181,1,391,2,74.0,2.453038674033149
Anshuman Rath,Hong Kong,2017/18,4,146,205,13,1,0,0,0,1,237,1,71.21951219512195,0.0
Anshuman Rath,Hong Kong,2018,2,92,132,7,1,0,0,0,1,146,0,69.6969696969697,0.0
Anwar Ali,Pakistan,2013/14,7,92,101,9,1,3,112,126,2,288,5,91.0891089108911,5.333333333333333
Anwar Ali,Pakistan,2014/15,4,60,78,7,1,2,202,225,1,228,0,76.92307692307693,5.386666666666667
Anwar Ali,Pakistan,2015,8,78,58,6,3,8,359,341,3,483,5,134.48275862068965,6.316715542521994
Anwar Ali,Pakistan,2015/16,5,70,102,5,2,5,234,225,0,299,1,68.62745098039215,6.24
Aqib Ilyas,Oman,2019,5,221,284,19,0,6,77,140,2,551,3,77.8169014084507,3.3000000000000003
Aqib Ilyas,Oman,2019/20,6,400,497,40,4,10,118,190,1,1047,5,80.48289738430584,3.7263157894736842
Aqib Ilyas,Oman,2021,4,123,184,11,1,3,123,193,1,354,2,66.84782608695652,3.823834196891192
Aqib Ilyas,Oman,2021/22,1,25,35,4,0,0,28,24,0,53,0,71.42857142857143,7.0
Aqib Ilyas,Oman,2023,8,192,250,19,2,1,177,169,0,393,2,76.8,6.284023668639053
Aqib Ilyas,Oman,2024,7,230,398,20,5,3,172,191,1,515,2,57.78894472361809,5.403141361256544
Arafat Sunny,Bangladesh,2013/14,4,9,32,1,0,4,161,188,1,203,0,28.125,5.138297872340425
Arafat Sunny,Bangladesh,2014/15,4,4,4,0,0,9,119,216,2,346,4,100.0,3.3055555555555554
Arafat Sunny,Bangladesh,2015,4,14,40,1,0,6,172,217,0,248,3,35.0,4.755760368663595
Arafat Sunny,Bangladesh,2015/16,3,21,18,3,0,2,98,155,0,154,3,116.66666666666667,3.7935483870967746
Ariful Haque,Bangladesh,2018/19,1,0,0,0,0,0,17,18,0,6,1,0.0,5.666666666666667
Arshad Ali,United Arab Emirates,2008,2,47,90,5,0,0,100,96,1,111,0,52.22222222222223,6.25
Arshad Khan,Pakistan,2004/05,3,2,4,0,0,5,115,145,0,185,2,50.0,4.758620689655173
Arshad Khan,Pakistan,2005,1,0,0,0,0,0,43,61,0,22,1,0.0,4.229508196721311
Arshad Khan,Pakistan,2005/06,3,12,13,1,0,1,90,133,1,103,1,92.3076923076923,4.060150375939849
Arshdeep Singh,India,2022/23,2,9,9,0,1,0,86,82,0,46,0,100.0,6.2926829268292686
Arshdeep Singh,India,2023/24,3,25,20,1,2,10,83,174,0,387,2,125.0,2.8620689655172415
Arshdeep Singh,India,2024,2,3,5,0,0,2,98,109,1,93,0,60.0,5.394495412844036
Aryan Lakra,United Arab Emirates,2022,2,96,137,12,1,0,35,36,1,192,0,70.07299270072993,5.833333333333333
Aryan Lakra,United Arab Emirates,2022/23,8,144,242,12,2,5,185,235,5,491,2,59.50413223140496,4.723404255319149
Aryan Lakra,United Arab Emirates,2023,6,147,302,11,1,0,53,51,2,241,4,48.675496688741724,6.235294117647059
Asad Ali,Pakistan,2013,4,13,16,0,1,2,108,183,0,163,3,81.25,3.540983606557377
Asad Shafiq,Pakistan,2010,6,137,166,14,1,0,0,0,0,212,3,82.53012048192771,0.0
Asad Shafiq,Pakistan,2010/11,10,283,443,26,0,0,0,0,2,451,5,63.88261851015802,0.0
Asad Shafiq,Pakistan,2011,6,206,297,14,1,0,0,0,2,317,5,69.36026936026936,0.0
Asad Shafiq,Pakistan,2011/12,6,120,189,12,0,0,0,0,1,183,3,63.49206349206349,0.0
Asad Shafiq,Pakistan,2012,6,160,232,9,2,0,0,0,1,234,1,68.96551724137932,0.0
Asad Shafiq,Pakistan,2012/13,1,5,14,0,0,0,0,0,0,5,0,35.714285714285715,0.0
Asad Shafiq,Pakistan,2013,7,148,202,13,0,0,0,0,4,254,3,73.26732673267327,0.0
Asad Shafiq,Pakistan,2013/14,3,13,36,1,0,0,0,0,0,13,0,36.11111111111111,0.0
Asad Shafiq,Pakistan,2014/15,7,128,216,9,1,0,18,12,2,204,2,59.25925925925925,9.0
Asad Shafiq,Pakistan,2015,2,55,84,2,0,0,0,0,1,75,1,65.47619047619048,0.0
Asad Shafiq,Pakistan,2015/16,2,39,68,2,0,0,0,0,0,51,1,57.35294117647059,0.0
Asad Shafiq,Pakistan,2016/17,2,18,39,0,0,0,0,0,1,24,1,46.15384615384615,0.0
Ashfaq Ahmed,United Arab Emirates,2017/18,8,255,269,29,7,0,36,38,0,475,3,94.79553903345726,5.684210526315789
Ashfaq Ahmed,United Arab Emirates,2018,1,45,43,4,2,1,27,59,2,143,1,104.65116279069768,2.7457627118644066
Ashfaq Ahmed,United Arab Emirates,2018/19,3,25,35,5,0,3,99,102,3,179,1,71.42857142857143,5.823529411764706
Ashfaq Ahmed,United Arab Emirates,2019,3,18,48,0,0,0,0,0,0,14,0,37.5,0.0
Asif Ali,Pakistan,2018,7,184,145,13,10,0,0,0,2,354,4,126.89655172413794,0.0
Asif Ali,Pakistan,2018/19,1,9,6,0,1,0,0,0,0,15,0,150.0,0.0
Asif Ali,Pakistan,2019,6,161,131,7,9,0,9,5,3,298,1,122.90076335877862,10.799999999999999
Asif Ali,Pakistan,2021,2,21,35,2,0,0,0,0,1,37,1,60.0,0.0
Asif Iqbal (1),United Arab Emirates,2015/16,1,8,8,2,0,0,32,24,0,24,0,100.0,8.0
Asif Khan,United Arab Emirates,2021/22,6,115,174,12,1,0,0,0,1,195,4,66.0919540229885,0.0
Asif Khan,United Arab Emirates,2022/23,10,324,409,18,18,0,0,0,5,613,3,79.21760391198043,0.0
Asif Khan,United Arab Emirates,2023,14,610,678,51,20,0,0,0,1,1129,6,89.97050147492625,0.0
Asif Khan,United Arab Emirates,2023/24,2,27,47,4,0,0,0,0,0,43,0,57.446808510638306,0.0
Asif Khan,United Arab Emirates,2024,3,79,118,10,1,0,0,0,0,141,1,66.94915254237289,0.0
Avesh Khan,India,2022,2,10,13,2,0,3,117,96,0,125,2,76.92307692307693,7.3125
Avesh Khan,India,2022/23,3,3,6,0,0,0,89,125,3,81,2,50.0,4.272
Avesh Khan,India,2023/24,3,10,11,0,1,6,108,150,0,235,2,90.9090909090909,4.32
Ayan Khan,Oman,2021,6,108,202,10,1,6,112,219,2,440,4,53.46534653465347,3.0684931506849313
Ayan Khan,Oman,2021/22,8,202,308,15,1,4,221,230,3,520,3,65.5844155844156,5.765217391304348
Ayan Khan,Oman,2022,8,222,272,18,5,5,170,265,2,600,4,81.61764705882352,3.849056603773585
Ayan Khan,Oman,2023,9,345,384,36,7,7,328,364,3,933,2,89.84375,5.406593406593407
Ayan Khan,Oman,2024,6,71,128,8,1,2,58,97,3,224,1,55.46875,3.587628865979381
Azhar Ali,Pakistan,2010,2,0,0,0,0,0,0,0,2,16,1,0.0,0.0
Azhar Ali,Pakistan,2011/12,3,94,155,8,0,0,0,0,1,156,0,60.64516129032258,0.0
Azhar Ali,Pakistan,2012,8,308,447,27,1,0,40,49,1,514,2,68.90380313199105,4.8979591836734695
Azhar Ali,Pakistan,2012/13,2,11,49,0,0,0,0,0,0,5,2,22.448979591836736,0.0
Azhar Ali,Pakistan,2015,11,653,761,65,3,0,52,55,1,1121,5,85.80814717477004,5.672727272727273
Azhar Ali,Pakistan,2015/16,8,144,231,13,4,1,111,136,1,311,2,62.33766233766234,4.897058823529411
Azhar Ali,Pakistan,2016,6,209,285,19,2,0,47,24,0,366,2,73.33333333333333,11.75
Azhar Ali,Pakistan,2016/17,6,147,200,10,1,0,0,0,2,242,3,73.5,0.0
Azhar Ali,Pakistan,2017,5,228,318,20,3,0,0,0,2,392,4,71.69811320754717,0.0
Azhar Ali,Pakistan,2017/18,3,12,32,2,0,0,0,0,0,17,0,37.5,0.0
Azhar Mahmood,Pakistan,2003,3,66,75,3,2,1,90,109,0,158,1,88.0,4.954128440366972
Azhar Mahmood,Pakistan,2003/04,2,30,26,3,2,2,64,117,0,158,1,115.38461538461537,3.282051282051282
Azhar Mahmood,Pakistan,2004/05,2,1,7,0,0,1,68,84,0,66,1,14.285714285714285,4.857142857142857
Azhar Mahmood,Pakistan,2006/07,4,29,56,3,0,1,69,97,0,106,1,51.78571428571429,4.268041237113402
B Bhandari,Nepal,2018,1,0,0,0,0,0,0,0,1,8,0,0.0,0.0
B Bhandari,Nepal,2018/19,3,35,78,3,0,0,0,0,6,101,2,44.871794871794876,0.0
B Bhandari,Nepal,2019/20,3,120,154,13,2,0,0,0,6,270,1,77.92207792207793,0.0
B Bhandari,Nepal,2021,4,60,98,4,1,0,0,0,2,100,3,61.224489795918366,0.0
B Bhandari,Nepal,2021/22,3,23,42,2,0,0,0,0,6,93,2,54.761904761904766,0.0
B Bhandari,Nepal,2022,3,27,71,2,0,0,0,0,2,45,0,38.028169014084504,0.0
B Evans,Zimbabwe,2022,8,81,108,6,1,9,310,304,4,494,2,75.0,6.11842105263158
B Evans,Zimbabwe,2022/23,4,23,26,1,1,3,148,181,2,204,2,88.46153846153845,4.906077348066298
B Evans,Zimbabwe,2023,2,17,20,2,0,1,45,57,1,100,1,85.0,4.7368421052631575
B Fernando,Sri Lanka,2021,4,26,37,4,0,2,125,159,1,159,1,70.27027027027027,4.716981132075472
B Geeves,Australia,2008,1,0,0,0,0,2,11,30,1,74,1,0.0,2.2
B Geeves,Australia,2008/09,1,10,11,1,0,1,62,65,0,60,0,90.9090909090909,5.723076923076923
B Kumar,India,2012/13,8,53,58,7,0,9,303,456,1,536,4,91.37931034482759,3.986842105263158
B Kumar,India,2013,9,12,22,1,1,16,230,388,5,663,8,54.54545454545454,3.556701030927835
B Kumar,India,2013/14,17,70,94,7,0,12,795,884,5,778,6,74.46808510638297,5.395927601809954
B Kumar,India,2014,4,1,3,0,0,5,131,189,0,208,3,33.33333333333333,4.158730158730159
B Kumar,India,2014/15,6,25,30,1,0,4,165,273,1,253,3,83.33333333333334,3.6263736263736264
B Kumar,India,2015,5,28,31,2,1,7,143,233,0,337,3,90.32258064516128,3.6824034334763946
B Kumar,India,2015/16,7,18,49,1,0,7,444,408,2,344,2,36.734693877551024,6.529411764705882
B Kumar,India,2016/17,2,0,1,0,0,1,117,110,0,72,1,0.0,6.381818181818182
B Kumar,India,2017,11,54,92,4,1,14,377,540,2,701,9,58.69565217391305,4.188888888888889
B Kumar,India,2017/18,15,118,133,11,2,15,617,714,3,853,12,88.7218045112782,5.184873949579832
B Kumar,India,2018,6,51,86,2,1,6,219,300,0,331,5,59.30232558139535,4.38
B Kumar,India,2018/19,13,93,117,8,2,22,524,613,1,953,8,79.48717948717949,5.128874388254486
B Kumar,India,2019,9,3,7,0,0,14,338,428,1,522,7,42.857142857142854,4.738317757009346
B Kumar,India,2020/21,3,3,5,0,0,6,129,180,1,226,2,60.0,4.3
B Kumar,India,2021,2,19,28,2,0,3,110,121,1,155,2,67.85714285714286,5.454545454545454
B Kumar,India,2021/22,2,4,12,0,0,0,126,113,0,37,0,33.33333333333333,6.690265486725664
B Laughlin,Australia,2008/09,3,1,9,0,0,3,110,132,2,141,2,11.11111111111111,5.0
B Laughlin,Australia,2009,2,0,0,0,0,1,104,97,0,69,1,0.0,6.432989690721649
B Lee,Australia,2002/03,16,61,79,1,3,31,566,899,6,1357,15,77.21518987341773,3.7775305895439373
B Lee,Australia,2003,5,18,34,1,0,9,169,261,0,382,3,52.94117647058824,3.8850574712643677
B Lee,Australia,2003/04,9,21,27,0,1,12,290,465,6,576,6,77.77777777777779,3.7419354838709675
B Lee,Australia,2004,4,16,18,0,1,4,138,156,1,185,2,88.88888888888889,5.3076923076923075
B Lee,Australia,2004/05,9,91,111,6,1,19,328,510,3,841,6,81.98198198198197,3.8588235294117648
B Lee,Australia,2005,6,24,23,3,0,9,200,314,0,413,4,104.34782608695652,3.821656050955414
B Lee,Australia,2005/06,20,157,211,5,5,32,787,1116,5,1584,14,74.40758293838863,4.231182795698925
B Lee,Australia,2006/07,15,45,70,4,0,30,585,874,0,1200,11,64.28571428571429,4.016018306636155
B Lee,Australia,2007/08,18,97,148,6,2,28,637,913,4,1279,9,65.54054054054053,4.186199342825849
B Lee,Australia,2008,5,19,14,0,1,7,188,280,1,337,5,135.71428571428572,4.0285714285714285
B Lee,Australia,2009,6,0,6,0,0,12,255,339,1,456,5,0.0,4.513274336283186
B Lee,Australia,2009/10,5,37,46,3,0,7,171,273,1,340,5,80.43478260869566,3.758241758241758
B Lee,Australia,2010/11,13,46,50,5,0,24,474,646,4,969,9,92.0,4.402476780185759
B Lee,Australia,2011,6,14,8,1,1,9,209,319,1,401,5,175.0,3.931034482758621
B Lee,Australia,2011/12,12,143,167,10,7,20,536,644,1,1024,6,85.62874251497006,4.9937888198757765
B Lee,Australia,2012,4,76,75,6,2,3,132,153,0,267,0,101.33333333333334,5.176470588235294
B Mavuta,Zimbabwe,2017/18,1,0,0,0,0,0,0,0,1,8,1,0.0,0.0
B Mavuta,Zimbabwe,2018/19,5,52,47,5,1,4,199,251,2,278,0,110.63829787234043,4.756972111553784
B Mavuta,Zimbabwe,2019,2,0,0,0,0,2,43,45,0,66,2,0.0,5.733333333333333
B Mavuta,Zimbabwe,2022/23,1,0,0,0,0,0,27,30,0,10,1,0.0,5.4
B Mavuta,Zimbabwe,2023/24,3,36,42,5,0,3,55,91,0,175,0,85.71428571428571,3.6263736263736264
B Mavuta,Zimbabwe,2024/25,2,4,19,0,0,0,46,25,0,12,1,21.052631578947366,11.04
B Muzarabani,Zimbabwe,2017/18,9,10,30,1,0,8,284,394,6,408,3,33.33333333333333,4.324873096446701
B Muzarabani,Zimbabwe,2018,4,6,36,1,0,2,195,201,0,122,0,16.666666666666664,5.82089552238806
B Muzarabani,Zimbabwe,2020/21,3,22,28,2,1,9,127,173,0,349,0,78.57142857142857,4.404624277456648
B Muzarabani,Zimbabwe,2021,6,2,14,0,0,9,204,323,2,394,1,14.285714285714285,3.789473684210526
B Muzarabani,Zimbabwe,2021/22,3,5,13,0,0,5,165,185,1,196,1,38.46153846153847,5.351351351351352
B Muzarabani,Zimbabwe,2022/23,3,25,23,3,0,2,105,134,0,143,2,108.69565217391303,4.701492537313433
B Muzarabani,Zimbabwe,2023,6,14,17,0,1,6,266,328,2,305,4,82.35294117647058,4.865853658536586
B Muzarabani,Zimbabwe,2023/24,5,19,36,1,0,6,189,268,0,276,0,52.77777777777778,4.23134328358209
B Muzarabani,Zimbabwe,2024/25,3,11,14,1,1,3,99,125,0,148,1,78.57142857142857,4.752000000000001
B Regmi,Nepal,2018,1,12,26,2,0,2,48,61,0,88,0,46.15384615384615,4.721311475409836
B Regmi,Nepal,2018/19,1,0,4,0,0,0,1,6,0,-1,0,0.0,1.0
B Sai Sudharsan,India,2023/24,3,127,144,17,1,0,7,4,1,238,2,88.19444444444444,10.5
B Sharki,Nepal,2021/22,2,43,37,1,2,0,8,6,1,73,0,116.21621621621621,8.0
B Sharki,Nepal,2022/23,6,218,290,24,0,0,0,0,1,356,6,75.17241379310344,0.0
B Sharki,Nepal,2023,9,198,375,17,2,0,0,0,2,317,4,52.800000000000004,0.0
B Sharki,Nepal,2023/24,7,211,308,22,2,0,0,0,3,400,4,68.5064935064935,0.0
B Sharki,Nepal,2024,3,33,71,3,0,0,0,0,0,41,0,46.478873239436616,0.0
B Shikongo,Namibia,2019/20,1,0,0,0,0,2,37,40,1,71,0,0.0,5.55
B Shikongo,Namibia,2022,3,2,8,0,0,1,42,55,2,81,2,25.0,4.581818181818182
B Shikongo,Namibia,2022/23,7,4,16,0,0,5,203,234,2,233,2,25.0,5.205128205128205
B Shikongo,Namibia,2023,4,3,14,0,0,7,175,193,0,259,2,21.428571428571427,5.440414507772021
B Shikongo,Namibia,2024,6,8,16,0,0,9,236,274,3,373,2,50.0,5.1678832116788325
B Siddharth,Oman,2024/25,1,3,10,0,0,2,15,57,1,94,1,30.0,1.5789473684210527
B Stanlake,Australia,2016/17,2,1,6,0,0,1,65,81,0,56,2,16.666666666666664,4.814814814814815
B Stanlake,Australia,2018,4,3,20,0,0,6,206,217,1,238,0,15.0,5.695852534562213
B Stanlake,Australia,2018/19,1,0,2,0,0,0,48,61,0,17,0,0.0,4.721311475409836
B Ward,Jersey,2023,4,69,106,7,2,4,184,183,1,283,1,65.09433962264151,6.032786885245901
B White,Ireland,2023,2,0,0,0,0,1,112,110,0,61,0,0.0,6.109090909090909
B Zuiderent,Netherlands,2002/03,5,30,81,1,1,0,0,0,5,75,1,37.03703703703704,0.0
B Zuiderent,Netherlands,2006/07,6,131,238,13,0,0,0,0,2,206,3,55.04201680672269,0.0
B Zuiderent,Netherlands,2010,1,0,2,0,0,0,0,0,0,-3,0,0.0,0.0
B Zuiderent,Netherlands,2010/11,4,17,47,1,1,0,0,0,0,24,0,36.17021276595745,0.0
BA Carse,England,2021,3,43,54,3,0,6,131,155,0,274,3,79.62962962962963,5.070967741935484
BA Carse,England,2022,6,34,47,4,0,6,239,263,1,294,3,72.3404255319149,5.452471482889734
BA Carse,England,2023,2,47,45,2,2,2,90,93,1,159,2,104.44444444444446,5.806451612903226
BA Carse,England,2023/24,2,31,21,2,2,1,102,95,1,123,1,147.61904761904762,6.442105263157894
BA Carse,England,2024,5,37,76,2,1,8,233,226,3,347,2,48.68421052631579,6.185840707964602
BA King,West Indies,2019/20,3,58,88,6,1,0,0,0,2,103,3,65.9090909090909,0.0
BA King,West Indies,2021/22,3,45,60,6,1,0,0,0,0,73,0,75.0,0.0
BA King,West Indies,2022,13,289,369,23,8,0,0,0,0,467,3,78.31978319783198,0.0
BA King,West Indies,2022/23,2,102,104,15,1,0,0,0,0,186,1,98.07692307692307,0.0
BA King,West Indies,2023,12,468,528,60,11,0,0,0,7,944,6,88.63636363636364,0.0
BA King,West Indies,2023/24,3,53,68,7,1,0,0,0,1,99,2,77.94117647058823,0.0
BA King,West Indies,2024/25,9,291,359,36,5,0,0,0,6,589,6,81.05849582172702,0.0
BA Murphy,Zimbabwe,2002/03,4,3,11,0,0,5,136,183,1,212,2,27.27272727272727,4.459016393442623
BA Parchment,West Indies,2007/08,6,107,198,13,1,0,0,0,0,167,1,54.04040404040404,0.0
BA Stokes,England,2011,4,30,52,1,1,0,0,0,3,64,3,57.692307692307686,0.0
BA Stokes,England,2013,4,57,61,5,1,6,218,236,0,339,2,93.44262295081968,5.542372881355932
BA Stokes,England,2013/14,8,115,171,8,1,10,264,300,3,538,3,67.2514619883041,5.28
BA Stokes,England,2014,3,58,61,6,2,4,127,124,1,254,1,95.08196721311475,6.14516129032258
BA Stokes,England,2014/15,3,22,33,1,0,0,79,54,1,51,1,66.66666666666666,8.777777777777779
BA Stokes,England,2015,10,262,268,29,5,12,367,381,6,914,5,97.76119402985076,5.7795275590551185
BA Stokes,England,2015/16,5,141,115,10,6,4,208,234,2,448,2,122.60869565217392,5.333333333333333
BA Stokes,England,2016,5,201,202,18,6,1,72,100,3,434,4,99.5049504950495,4.319999999999999
BA Stokes,England,2016/17,9,358,328,19,17,9,335,361,4,1029,6,109.14634146341464,5.567867036011081
BA Stokes,England,2017,8,406,414,34,13,7,260,286,2,1020,7,98.06763285024155,5.454545454545455
BA Stokes,England,2017/18,5,141,192,11,3,5,174,204,7,476,3,73.4375,5.117647058823529
BA Stokes,England,2018,3,55,113,2,0,0,96,93,3,131,2,48.67256637168141,6.193548387096774
BA Stokes,England,2018/19,8,242,264,26,4,5,243,249,2,640,5,91.66666666666666,5.855421686746988
BA Stokes,England,2019,15,600,643,48,17,7,338,391,5,1402,10,93.31259720062208,5.186700767263427
BA Stokes,England,2020/21,3,135,109,8,11,4,118,123,1,419,1,123.8532110091743,5.7560975609756095
BA Stokes,England,2021,3,54,54,6,2,0,35,32,1,114,3,100.0,6.5625
BA Stokes,England,2022,4,53,65,7,0,0,58,49,2,110,1,81.53846153846153,7.102040816326531
BA Stokes,England,2023,3,235,209,18,10,0,0,0,0,467,2,112.4401913875598,0.0
BA Stokes,England,2023/24,6,304,347,26,11,0,0,0,6,609,2,87.60806916426513,0.0
BA Westdijk,Netherlands,2010/11,3,0,3,0,0,1,157,146,0,73,0,0.0,6.452054794520548
BA Williams,Australia,2002/03,5,0,0,0,0,7,169,291,0,314,5,0.0,3.484536082474227
BA Williams,Australia,2003,1,0,0,0,0,0,30,62,0,38,1,0.0,2.9032258064516125
BA Williams,Australia,2003/04,12,14,25,0,0,23,357,616,2,923,10,56.00000000000001,3.477272727272727
BA Williams,Australia,2004,1,0,0,0,0,1,29,32,0,35,1,0.0,5.4375
BAW Mendis,Sri Lanka,2007/08,2,0,0,0,0,3,56,86,1,119,0,0.0,3.9069767441860463
BAW Mendis,Sri Lanka,2008,10,54,52,6,0,27,293,517,0,1025,7,103.84615384615385,3.4003868471953576
BAW Mendis,Sri Lanka,2008/09,12,9,27,0,0,17,402,550,3,670,7,33.33333333333333,4.385454545454545
BAW Mendis,Sri Lanka,2009,5,7,18,0,0,4,198,260,1,213,2,38.88888888888889,4.569230769230769
BAW Mendis,Sri Lanka,2009/10,5,16,40,0,0,3,230,270,0,187,2,40.0,5.111111111111111
BAW Mendis,Sri Lanka,2010,5,2,2,0,0,6,219,279,0,256,4,100.0,4.709677419354839
BAW Mendis,Sri Lanka,2010/11,7,8,8,1,0,11,221,375,1,463,6,100.0,3.536
BAW Mendis,Sri Lanka,2011,5,7,15,1,0,5,171,219,1,221,2,46.666666666666664,4.684931506849315
BAW Mendis,Sri Lanka,2011/12,1,3,13,0,0,1,53,49,0,44,0,23.076923076923077,6.4897959183673475
BAW Mendis,Sri Lanka,2012/13,2,0,1,0,0,2,99,111,1,92,1,0.0,5.351351351351352
BAW Mendis,Sri Lanka,2013,4,2,7,0,0,11,160,237,0,372,2,28.57142857142857,4.050632911392405
BAW Mendis,Sri Lanka,2013/14,4,24,16,3,1,8,187,231,0,330,4,150.0,4.857142857142857
BAW Mendis,Sri Lanka,2014,6,24,25,4,0,14,249,324,2,538,4,96.0,4.611111111111111
BAW Mendis,Sri Lanka,2014/15,7,4,14,0,0,11,380,344,2,395,3,28.57142857142857,6.627906976744185
BAW Mendis,Sri Lanka,2015/16,4,25,29,1,1,4,176,152,0,188,3,86.20689655172413,6.947368421052632
BB Chari,Zimbabwe,2015/16,4,76,167,4,0,0,0,0,2,116,1,45.50898203592814,0.0
BB Chari,Zimbabwe,2016/17,4,52,129,3,0,0,0,0,0,54,1,40.310077519379846,0.0
BB Chari,Zimbabwe,2018,2,3,20,0,0,0,0,0,1,11,0,15.0,0.0
BB Chari,Zimbabwe,2019,1,19,27,1,1,0,0,0,0,29,1,70.37037037037037,0.0
BB Chari,Zimbabwe,2020/21,3,36,69,4,1,0,0,0,0,62,0,52.17391304347826,0.0
BB McCullum,New Zealand,2002/03,12,97,185,5,0,0,0,0,25,369,9,52.43243243243243,0.0
BB McCullum,New Zealand,2003,2,51,72,3,3,0,0,0,8,163,2,70.83333333333334,0.0
BB McCullum,New Zealand,2003/04,9,129,198,15,1,0,0,0,7,270,3,65.15151515151516,0.0
BB McCullum,New Zealand,2004,2,47,69,4,0,0,0,0,2,83,1,68.11594202898551,0.0
BB McCullum,New Zealand,2004/05,5,89,130,5,1,0,0,0,4,153,2,68.46153846153847,0.0
BB McCullum,New Zealand,2005,2,2,7,0,0,0,0,0,4,50,2,28.57142857142857,0.0
BB McCullum,New Zealand,2005/06,13,141,169,10,4,0,0,0,13,381,7,83.4319526627219,0.0
BB McCullum,New Zealand,2006/07,27,484,515,30,17,0,0,0,30,1063,14,93.98058252427185,0.0
BB McCullum,New Zealand,2007/08,14,644,603,69,24,0,0,0,9,1361,7,106.79933665008292,0.0
BB McCullum,New Zealand,2008,5,137,155,13,2,0,0,0,4,251,3,88.38709677419355,0.0
BB McCullum,New Zealand,2008/09,11,282,357,22,6,0,0,0,9,554,4,78.99159663865547,0.0
BB McCullum,New Zealand,2009,2,17,62,1,0,0,0,0,0,15,0,27.419354838709676,0.0
BB McCullum,New Zealand,2009/10,16,565,658,55,20,0,0,0,24,1239,10,85.86626139817629,0.0
BB McCullum,New Zealand,2010/11,20,468,500,53,10,0,0,0,25,1088,7,93.60000000000001,0.0
BB McCullum,New Zealand,2011/12,9,474,491,36,15,0,0,0,14,960,5,96.5376782077393,0.0
BB McCullum,New Zealand,2012,2,43,53,8,0,0,0,0,3,103,0,81.13207547169812,0.0
BB McCullum,New Zealand,2012/13,8,321,319,28,15,0,0,0,5,643,3,100.62695924764891,0.0
BB McCullum,New Zealand,2013,6,77,111,5,2,0,0,0,4,141,3,69.36936936936937,0.0
BB McCullum,New Zealand,2013/14,11,220,194,19,9,0,0,0,6,429,6,113.4020618556701,0.0
BB McCullum,New Zealand,2014/15,18,594,441,74,29,0,0,0,9,1306,13,134.6938775510204,0.0
BB McCullum,New Zealand,2015,5,101,74,11,4,0,0,0,3,209,2,136.48648648648648,0.0
BB McCullum,New Zealand,2015/16,5,174,94,24,10,0,0,0,4,401,4,185.1063829787234,0.0
BB Seebaran,Canada,2002/03,3,4,14,0,0,1,130,108,1,68,0,28.57142857142857,7.222222222222222
BB Sran,India,2015/16,3,0,0,0,0,3,163,165,0,130,0,0.0,5.927272727272728
BB Sran,India,2016,3,0,0,0,0,4,91,152,0,174,3,0.0,3.5921052631578947
BC Fortuin,South Africa,2022/23,4,2,8,0,0,5,174,187,0,194,1,25.0,5.5828877005347595
BC Fortuin,South Africa,2023/24,1,0,0,0,0,0,0,0,1,8,1,0.0,0.0
BC Fortuin,South Africa,2024/25,5,56,83,3,1,7,212,243,0,339,2,67.46987951807229,5.234567901234568
BC Lara,West Indies,2002/03,5,238,282,25,7,0,0,0,1,444,2,84.39716312056737,0.0
BC Lara,West Indies,2003,5,191,273,11,5,0,0,0,5,355,3,69.96336996336996,0.0
BC Lara,West Indies,2003/04,8,224,284,21,4,0,0,0,2,384,4,78.87323943661971,0.0
BC Lara,West Indies,2004,8,192,259,20,2,0,0,0,4,332,6,74.13127413127413,0.0
BC Lara,West Indies,2004/05,4,93,105,11,2,0,0,0,1,169,0,88.57142857142857,0.0
BC Lara,West Indies,2005,2,12,22,0,0,0,0,0,2,25,0,54.54545454545454,0.0
BC Lara,ICC World XI,2005/06,2,5,11,0,0,0,0,0,1,10,0,45.45454545454545,0.0
BC Lara,West Indies,2006,9,211,310,17,6,0,0,0,2,361,8,68.06451612903226,0.0
BC Lara,West Indies,2006/07,25,712,909,68,14,0,0,0,8,1261,11,78.32783278327832,0.0
BCJ Cutting,Australia,2012/13,3,27,45,2,0,5,137,183,1,240,2,60.0,4.491803278688525
BCJ Cutting,Australia,2014,2,26,22,2,1,0,17,37,1,70,1,118.18181818181819,2.7567567567567566
BD Glover,Netherlands,2019,1,0,0,0,0,1,34,63,1,58,1,0.0,3.238095238095238
BD Glover,Netherlands,2021,2,20,34,3,0,1,69,111,0,106,1,58.82352941176471,3.72972972972973
BD Glover,Netherlands,2021/22,3,8,11,1,0,2,132,148,1,122,0,72.72727272727273,5.351351351351351
BD Glover,Netherlands,2022/23,1,0,0,0,0,1,52,52,0,48,1,0.0,6.0
BDH Stevens,Jersey,2023,1,1,5,0,0,0,28,18,0,7,0,20.0,9.333333333333334
BE Hendricks,South Africa,2018/19,2,2,8,0,0,1,77,100,1,73,1,25.0,4.62
BE Hendricks,South Africa,2019/20,2,3,6,0,0,4,102,111,0,139,1,50.0,5.513513513513513
BE Hendricks,South Africa,2021,1,1,5,0,0,0,32,48,0,19,0,20.0,4.0
BE Hendricks,South Africa,2023/24,2,18,26,2,0,5,94,113,2,216,1,69.23076923076923,4.991150442477877
BFW de Leede,Netherlands,2019,1,2,13,0,0,0,0,0,0,2,1,15.384615384615385,0.0
BFW de Leede,Netherlands,2021,5,62,174,6,0,0,17,25,1,95,3,35.63218390804598,4.08
BFW de Leede,Netherlands,2021/22,4,65,115,8,0,0,47,55,3,141,0,56.52173913043478,5.127272727272728
BFW de Leede,Netherlands,2022,9,270,388,10,6,8,323,335,3,731,0,69.58762886597938,5.785074626865671
BFW de Leede,Netherlands,2023,7,285,287,22,6,15,318,366,2,996,4,99.30313588850174,5.213114754098361
BFW de Leede,Netherlands,2023/24,12,208,306,21,5,19,566,563,8,1083,4,67.97385620915033,6.031971580817052
BFW de Leede,Netherlands,2024/25,4,135,212,10,2,1,48,98,2,299,1,63.67924528301887,2.938775510204082
BG Lister,New Zealand,2023,3,10,14,1,0,4,153,161,0,167,0,71.42857142857143,5.701863354037267
BG Rogers,Zimbabwe,2003/04,3,88,115,14,0,0,32,18,1,171,1,76.52173913043478,10.666666666666666
BG Rogers,Zimbabwe,2004/05,5,199,295,23,1,5,166,153,0,511,1,67.45762711864407,6.509803921568627
BJ Bennett,Zimbabwe,2024/25,3,71,75,7,2,0,27,12,1,131,1,94.66666666666667,13.5
BJ Currie,Scotland,2023/24,3,8,14,0,0,3,76,154,2,183,1,57.14285714285714,2.9610389610389607
BJ Currie,Scotland,2024,2,0,0,0,0,4,43,98,0,152,2,0.0,2.63265306122449
BJ Currie,Scotland,2024/25,4,1,8,0,0,8,98,159,0,280,2,12.5,3.69811320754717
BJ Diamanti,New Zealand,2008/09,1,26,23,3,0,0,25,12,1,56,0,113.04347826086956,12.5
BJ Dwarshuis,Australia,2024,1,0,0,0,0,1,18,24,0,33,1,0.0,4.5
BJ Haddin,Australia,2003/04,1,32,46,2,2,0,0,0,0,56,0,69.56521739130434,0.0
BJ Haddin,Australia,2004,2,18,28,2,0,0,0,0,1,34,1,64.28571428571429,0.0
BJ Haddin,Australia,2004/05,2,32,49,2,0,0,0,0,3,84,2,65.3061224489796,0.0
BJ Haddin,Australia,2005/06,2,42,49,6,0,0,0,0,4,118,1,85.71428571428571,0.0
BJ Haddin,Australia,2006/07,7,244,284,15,12,0,0,0,11,506,2,85.91549295774648,0.0
BJ Haddin,Australia,2007/08,9,238,322,20,6,0,0,0,4,436,4,73.91304347826086,0.0
BJ Haddin,Australia,2008,4,69,99,5,1,0,0,0,6,163,4,69.6969696969697,0.0
BJ Haddin,Australia,2008/09,15,606,671,49,15,0,0,0,16,1194,5,90.31296572280179,0.0
BJ Haddin,Australia,2009,5,110,156,15,1,0,0,0,6,249,3,70.51282051282051,0.0
BJ Haddin,Australia,2009/10,13,306,343,23,10,0,0,0,31,819,11,89.21282798833819,0.0
BJ Haddin,Australia,2010/11,16,615,810,76,7,0,0,0,26,1293,11,75.92592592592592,0.0
BJ Haddin,Australia,2011,7,55,98,7,0,0,0,0,8,153,5,56.12244897959183,0.0
BJ Haddin,Australia,2011/12,3,45,56,2,2,0,0,0,3,107,2,80.35714285714286,0.0
BJ Haddin,Australia,2012/13,3,103,128,9,1,0,0,0,6,219,2,80.46875,0.0
BJ Haddin,Australia,2013/14,9,139,155,18,2,0,0,0,13,369,5,89.6774193548387,0.0
BJ Haddin,Australia,2014,5,121,167,5,6,0,0,0,2,213,2,72.45508982035929,0.0
BJ Haddin,Australia,2014/15,14,228,187,27,5,0,0,0,21,604,13,121.92513368983957,0.0
BJ Hodge,Australia,2005/06,3,20,45,1,0,0,16,18,1,38,3,44.44444444444444,5.333333333333333
BJ Hodge,Australia,2006/07,13,437,422,35,12,1,17,36,11,887,7,103.55450236966826,2.8333333333333335
BJ Hodge,Australia,2007/08,7,59,116,7,0,0,18,12,4,126,4,50.86206896551724,9.0
BJ McCarthy,Ireland,2016,2,6,10,0,0,6,114,108,1,212,0,60.0,6.333333333333333
BJ McCarthy,Ireland,2016/17,1,13,30,2,0,0,55,44,0,31,0,43.333333333333336,7.5
BJ McCarthy,Ireland,2017,5,36,65,2,0,7,261,249,1,307,0,55.38461538461539,6.289156626506024
BJ McCarthy,Ireland,2017/18,7,7,14,0,0,13,317,408,3,514,6,50.0,4.661764705882353
BJ McCarthy,Ireland,2019,2,10,16,1,0,3,131,126,0,131,0,62.5,6.238095238095238
BJ McCarthy,Ireland,2019/20,3,38,47,4,1,4,121,138,1,219,0,80.85106382978722,5.260869565217392
BJ McCarthy,Ireland,2020,1,3,12,0,0,0,2,6,0,5,0,25.0,2.0
BJ McCarthy,Ireland,2020/21,2,0,0,0,0,2,81,95,0,85,1,0.0,5.11578947368421
BJ McCarthy,Ireland,2021,3,6,21,0,0,2,114,173,0,119,1,28.57142857142857,3.953757225433526
BJ McCarthy,Ireland,2023,6,50,52,5,1,9,292,311,3,451,3,96.15384615384616,5.633440514469453
BJ McMullen,Scotland,2022/23,8,176,229,14,5,11,239,407,5,798,5,76.85589519650655,3.5233415233415237
BJ McMullen,Scotland,2023,7,364,419,42,7,13,222,288,3,1171,5,86.87350835322196,4.625
BJ McMullen,Scotland,2023/24,3,91,103,7,1,0,0,0,1,143,1,88.3495145631068,0.0
BJ McMullen,Scotland,2024,4,90,127,12,2,6,91,189,4,455,3,70.86614173228347,2.888888888888889
BJ McMullen,Scotland,2024/25,4,167,180,13,6,6,113,164,1,573,2,92.77777777777779,4.134146341463415
BJ Patel,Kenya,2002/03,7,76,150,14,0,0,0,0,3,150,2,50.66666666666667,0.0
BJ Patel,Kenya,2004,2,41,95,1,0,0,21,18,0,53,0,43.15789473684211,7.0
BJ Patel,Kenya,2006,1,1,8,0,0,0,0,0,0,1,0,12.5,0.0
BJ Watling,New Zealand,2010,2,57,83,8,0,0,0,0,2,117,0,68.67469879518072,0.0
BJ Watling,New Zealand,2010/11,4,27,75,2,0,0,0,0,2,46,0,36.0,0.0
BJ Watling,New Zealand,2011/12,1,19,17,3,0,0,0,0,0,31,1,111.76470588235294,0.0
BJ Watling,New Zealand,2012,3,172,215,13,3,0,0,0,2,288,1,80.0,0.0
BJ Watling,New Zealand,2012/13,10,253,399,28,0,0,0,0,10,485,3,63.40852130325815,0.0
BJ Watling,New Zealand,2016/17,5,45,71,4,0,0,0,0,4,96,1,63.38028169014085,0.0
BKG Mendis,Sri Lanka,2016,11,351,412,44,3,0,13,12,4,644,2,85.19417475728154,6.5
BKG Mendis,Sri Lanka,2016/17,13,443,532,48,7,0,15,8,7,855,4,83.27067669172934,11.25
BKG Mendis,Sri Lanka,2017,12,299,355,35,2,0,0,0,5,551,3,84.22535211267605,0.0
BKG Mendis,Sri Lanka,2017/18,7,95,124,8,3,0,0,0,7,204,3,76.61290322580645,0.0
BKG Mendis,Sri Lanka,2018,6,86,100,9,1,0,0,0,4,162,2,86.0,0.0
BKG Mendis,Sri Lanka,2018/19,11,301,365,21,9,0,0,0,3,508,1,82.46575342465754,0.0
BKG Mendis,Sri Lanka,2019,10,345,453,25,6,0,0,0,6,570,6,76.15894039735099,0.0
BKG Mendis,Sri Lanka,2019/20,3,194,197,20,2,0,0,0,3,368,3,98.47715736040608,0.0
BKG Mendis,Sri Lanka,2021,3,61,95,2,2,0,0,0,1,95,1,64.21052631578948,0.0
BKG Mendis,Sri Lanka,2021/22,3,69,85,11,0,0,0,0,2,175,2,81.17647058823529,0.0
BKG Mendis,Sri Lanka,2022,5,249,274,22,3,0,0,0,2,435,3,90.87591240875912,0.0
BKG Mendis,Sri Lanka,2022/23,5,38,70,4,1,0,0,0,8,123,0,54.285714285714285,0.0
BKG Mendis,Sri Lanka,2023,13,369,467,42,3,0,0,0,11,756,11,79.01498929336188,0.0
BKG Mendis,Sri Lanka,2023/24,14,488,491,52,17,0,0,0,11,1076,5,99.38900203665987,0.0
BKG Mendis,Sri Lanka,2024,3,103,159,8,0,0,0,0,3,191,2,64.77987421383648,0.0
BKG Mendis,Sri Lanka,2024/25,8,347,336,40,5,0,0,0,3,721,5,103.27380952380953,0.0
BL Kotze,Namibia,2002/03,5,27,52,3,0,3,268,266,1,216,0,51.92307692307693,6.045112781954887
BM Duckett,England,2016/17,3,123,155,10,1,0,0,0,0,190,2,79.35483870967742,0.0
BM Duckett,England,2022/23,3,23,43,1,0,0,0,0,3,48,1,53.48837209302325,0.0
BM Duckett,England,2023,2,155,128,18,3,0,0,0,2,309,1,121.09375,0.0
BM Duckett,England,2023/24,3,94,103,10,1,0,0,0,0,152,1,91.2621359223301,0.0
BM Duckett,England,2024,5,305,284,35,4,0,0,0,0,555,2,107.3943661971831,0.0
BM Scholtz,Namibia,2019,4,7,22,1,0,6,108,183,0,246,3,31.818181818181817,3.540983606557377
BM Scholtz,Namibia,2019/20,3,2,11,0,0,3,91,139,0,145,1,18.181818181818183,3.9280575539568345
BM Scholtz,Namibia,2021/22,5,46,77,2,0,3,160,217,0,221,3,59.74025974025974,4.423963133640553
BM Scholtz,Namibia,2022,7,27,55,1,0,16,157,400,0,667,6,49.09090909090909,2.355
BM Scholtz,Namibia,2022/23,14,63,95,5,2,17,407,747,1,891,6,66.3157894736842,3.2690763052208833
BM Scholtz,Namibia,2023,4,19,19,1,0,4,117,240,0,232,2,100.0,2.925
BM Scholtz,Namibia,2023/24,4,20,32,4,0,6,99,229,1,327,3,62.5,2.593886462882096
BM Scholtz,Namibia,2024,8,67,69,4,2,8,288,464,0,502,2,97.10144927536231,3.724137931034483
BM Tickner,New Zealand,2021/22,2,1,3,0,0,5,82,96,0,167,2,33.33333333333333,5.125
BM Tickner,New Zealand,2022,4,0,0,0,0,4,233,228,3,216,4,0.0,6.131578947368421
BM Tickner,New Zealand,2022/23,5,9,14,1,0,6,213,221,1,254,2,64.28571428571429,5.782805429864253
BM Tickner,New Zealand,2023,2,6,11,0,0,1,124,104,0,61,0,54.54545454545454,7.153846153846154
BM Wheeler,New Zealand,2015,6,58,47,4,3,8,304,319,1,445,3,123.40425531914893,5.717868338557994
BMAJ Mendis,Sri Lanka,2010,5,42,43,5,0,3,115,166,3,223,3,97.67441860465115,4.156626506024097
BMAJ Mendis,Sri Lanka,2010/11,1,5,12,0,0,0,10,6,0,7,0,41.66666666666667,10.0
BMAJ Mendis,Sri Lanka,2011,9,90,133,6,1,4,230,283,0,320,4,67.66917293233082,4.876325088339223
BMAJ Mendis,Sri Lanka,2011/12,4,40,54,3,0,5,134,168,1,255,1,74.07407407407408,4.785714285714286
BMAJ Mendis,Sri Lanka,2012,4,153,168,13,2,3,110,145,0,362,1,91.07142857142857,4.551724137931035
BMAJ Mendis,Sri Lanka,2012/13,9,53,82,4,2,5,117,131,3,292,5,64.63414634146342,5.358778625954199
BMAJ Mendis,Sri Lanka,2013,4,51,69,4,0,0,46,48,1,98,1,73.91304347826086,5.75
BMAJ Mendis,Sri Lanka,2014/15,13,127,120,8,5,4,334,377,1,440,6,105.83333333333333,5.315649867374005
BMAJ Mendis,Sri Lanka,2019,5,32,60,2,2,0,67,70,1,78,3,53.333333333333336,5.742857142857143
BN Cooper,Netherlands,2013,1,74,61,8,2,0,0,0,0,134,0,121.31147540983606,0.0
BN Cooper,Netherlands,2013/14,2,3,2,0,0,0,0,0,1,11,1,150.0,0.0
BN Cooper,Netherlands,2019,2,55,89,6,2,0,0,0,1,103,2,61.79775280898876,0.0
BN Cooper,Netherlands,2021,5,16,23,1,0,0,0,0,0,11,3,69.56521739130434,0.0
BO van Rooi,Namibia,2002/03,3,26,39,3,0,1,109,130,0,110,0,66.66666666666666,5.030769230769231
BOP Fernando,Sri Lanka,2018/19,5,127,195,15,2,0,16,12,0,212,0,65.12820512820512,8.0
BOP Fernando,Sri Lanka,2019/20,1,1,14,0,0,0,0,0,1,9,0,7.142857142857142,0.0
BOP Fernando,Sri Lanka,2020/21,1,2,3,0,0,0,0,0,0,2,0,66.66666666666666,0.0
BOP Fernando,Sri Lanka,2021,1,18,26,0,1,0,0,0,0,24,0,69.23076923076923,0.0
BP Kruger,Netherlands,2010/11,1,8,12,1,0,0,23,21,1,27,0,66.66666666666666,6.571428571428571
BP Loots,Netherlands,2010,1,9,13,0,1,0,19,18,0,21,0,69.23076923076923,6.333333333333333
BP Loots,Netherlands,2010/11,4,6,10,0,1,2,199,170,0,115,0,60.0,7.023529411764706
BP Nash,West Indies,2008/09,2,21,21,2,0,0,33,30,0,39,0,100.0,6.6
BR Dorey,Australia,2005/06,4,2,9,0,0,2,139,169,0,123,3,22.22222222222222,4.93491124260355
BR McDermott,Australia,2021,2,28,50,2,0,0,0,0,0,37,1,56.00000000000001,0.0
BR McDermott,Australia,2021/22,3,195,230,17,5,0,0,0,0,349,1,84.78260869565217,0.0
BRM Taylor,Zimbabwe,2004,7,182,326,20,1,1,42,30,2,330,0,55.828220858895705,8.4
BRM Taylor,Zimbabwe,2004/05,11,249,474,21,0,1,84,87,1,413,1,52.53164556962025,5.793103448275862
BRM Taylor,Zimbabwe,2005,3,30,74,5,0,0,0,0,2,64,0,40.54054054054054,0.0
BRM Taylor,Zimbabwe,2006,6,133,260,11,1,0,0,0,6,254,0,51.153846153846146,0.0
BRM Taylor,Zimbabwe,2006/07,12,215,415,19,1,0,0,0,10,449,0,51.80722891566265,0.0
BRM Taylor,Zimbabwe,2007,3,105,203,6,2,0,0,0,1,153,0,51.724137931034484,0.0
BRM Taylor,Zimbabwe,2007/08,8,219,303,19,1,0,0,0,3,357,1,72.27722772277228,0.0
BRM Taylor,Zimbabwe,2009,5,193,264,6,2,0,0,0,0,283,1,73.10606060606061,0.0
BRM Taylor,Zimbabwe,2009/10,12,218,315,16,5,1,20,18,3,438,2,69.2063492063492,6.666666666666667
BRM Taylor,Zimbabwe,2010,5,295,362,22,4,0,0,0,7,559,3,81.49171270718232,0.0
BRM Taylor,Zimbabwe,2010/11,13,422,485,46,1,0,123,127,3,796,3,87.01030927835052,5.8110236220472435
BRM Taylor,Zimbabwe,2011,8,263,389,17,1,0,0,0,3,428,3,67.60925449871465,0.0
BRM Taylor,Zimbabwe,2011/12,6,437,435,40,11,0,0,0,2,833,1,100.45977011494254,0.0
BRM Taylor,Zimbabwe,2012/13,2,47,61,4,2,0,0,0,0,83,0,77.04918032786885,0.0
BRM Taylor,Zimbabwe,2013,11,255,370,26,1,0,0,0,19,594,3,68.91891891891892,0.0
BRM Taylor,Zimbabwe,2014,6,141,180,14,2,0,0,0,3,278,1,78.33333333333333,0.0
BRM Taylor,Zimbabwe,2014/15,11,595,625,60,13,0,0,0,6,1143,1,95.19999999999999,0.0
BRM Taylor,Zimbabwe,2017/18,9,388,486,42,4,0,0,0,8,795,3,79.83539094650206,0.0
BRM Taylor,Zimbabwe,2018/19,6,214,250,24,4,0,0,0,9,490,0,85.6,0.0
BRM Taylor,Zimbabwe,2019,5,137,173,15,3,0,0,0,7,296,0,79.1907514450867,0.0
BRM Taylor,Zimbabwe,2019/20,3,33,53,6,0,0,0,0,0,57,0,62.264150943396224,0.0
BRM Taylor,Zimbabwe,2020/21,3,205,236,22,5,0,0,0,6,431,0,86.86440677966102,0.0
BRM Taylor,Zimbabwe,2021,6,154,190,19,2,0,0,0,2,272,1,81.05263157894737,0.0
BT Foakes,England,2019,1,61,78,3,1,0,0,0,2,119,1,78.2051282051282,0.0
BTJ Wheal,Scotland,2016/17,2,0,4,0,0,2,92,108,0,84,0,0.0,5.111111111111111
BTJ Wheal,Scotland,2017/18,5,14,13,3,0,9,146,272,2,397,2,107.6923076923077,3.2205882352941173
BTJ Wheal,Scotland,2019,1,0,0,0,0,3,47,62,0,95,0,0.0,4.548387096774193
BTJ Wheal,Scotland,2023/24,1,24,37,2,0,2,51,54,0,104,0,64.86486486486487,5.666666666666667
BTJ Wheal,Scotland,2024/25,3,9,11,1,0,2,62,134,0,143,2,81.81818181818183,2.7761194029850746
BV Vitori,Zimbabwe,2011,5,3,3,0,0,12,190,289,0,448,3,100.0,3.944636678200692
BV Vitori,Zimbabwe,2011/12,1,0,2,0,0,1,101,58,0,35,0,0.0,10.448275862068966
BV Vitori,Zimbabwe,2013,7,29,46,2,2,9,270,356,0,412,2,63.04347826086957,4.550561797752809
BV Vitori,Zimbabwe,2014,2,23,13,2,2,2,105,92,0,119,0,176.9230769230769,6.8478260869565215
BV Vitori,Zimbabwe,2015,4,8,9,1,0,2,232,213,1,142,0,88.88888888888889,6.535211267605634
BV Vitori,Zimbabwe,2016/17,1,0,2,0,0,3,51,55,0,90,0,0.0,5.563636363636364
BW Hilfenhaus,Australia,2006/07,1,0,0,0,0,1,25,43,1,55,1,0.0,3.488372093023256
BW Hilfenhaus,Australia,2008/09,8,7,23,0,0,11,379,429,1,453,3,30.434782608695656,5.300699300699301
BW Hilfenhaus,Australia,2009,4,6,29,0,0,4,125,193,2,223,1,20.689655172413794,3.886010362694301
BW Hilfenhaus,Australia,2009/10,2,16,12,2,0,2,146,129,2,130,1,133.33333333333331,6.790697674418604
BW Hilfenhaus,Australia,2011/12,7,0,7,0,0,10,266,359,2,418,4,0.0,4.445682451253481
BW Hilfenhaus,Australia,2012,3,0,0,0,0,1,65,122,0,85,0,0.0,3.19672131147541
Babar Azam,Pakistan,2015,3,91,115,8,0,0,0,0,1,153,1,79.13043478260869,0.0
Babar Azam,Pakistan,2015/16,6,284,310,25,6,0,0,0,5,524,1,91.61290322580645,0.0
Babar Azam,Pakistan,2016,6,151,176,17,0,0,0,0,2,253,2,85.79545454545455,0.0
Babar Azam,Pakistan,2016/17,8,642,715,48,7,0,0,0,1,1082,4,89.79020979020979,0.0
Babar Azam,Pakistan,2017,8,287,368,22,4,0,0,0,7,531,6,77.98913043478261,0.0
Babar Azam,Pakistan,2017/18,9,334,489,22,0,0,0,0,6,555,4,68.30265848670757,0.0
Babar Azam,Pakistan,2018,9,274,319,25,3,0,0,0,4,478,6,85.8934169278997,0.0
Babar Azam,Pakistan,2018/19,8,333,397,29,2,0,0,0,3,530,3,83.87909319899244,0.0
Babar Azam,Pakistan,2019,12,706,784,74,4,0,0,0,6,1250,4,90.05102040816327,0.0
Babar Azam,Pakistan,2019/20,2,146,132,10,4,0,0,0,0,258,2,110.6060606060606,0.0
Babar Azam,Pakistan,2020/21,3,221,222,23,3,0,0,0,0,417,2,99.54954954954955,0.0
Babar Azam,Pakistan,2021,6,405,391,48,7,0,0,0,3,816,2,103.58056265984655,0.0
Babar Azam,Pakistan,2021/22,3,276,270,29,1,0,0,0,1,502,2,102.22222222222221,0.0
Babar Azam,Pakistan,2022,6,403,490,34,4,0,0,0,3,699,6,82.24489795918367,0.0
Babar Azam,Pakistan,2022/23,3,149,211,14,2,0,0,0,1,261,1,70.61611374407583,0.0
Babar Azam,Pakistan,2023,10,483,515,41,7,0,0,0,2,869,6,93.7864077669903,0.0
Babar Azam,Pakistan,2023/24,8,246,301,28,3,0,0,0,4,450,4,81.72757475083057,0.0
Babar Azam,Pakistan,2024/25,6,228,308,25,1,0,0,0,2,382,5,74.02597402597402,0.0
Babar Hayat,Hong Kong,2014,1,14,47,0,1,0,0,0,1,22,0,29.78723404255319,0.0
Babar Hayat,Hong Kong,2015/16,1,45,58,4,1,0,0,0,1,79,1,77.58620689655173,0.0
Babar Hayat,Hong Kong,2016,2,82,98,11,1,0,0,0,0,148,0,83.6734693877551,0.0
Babar Hayat,Hong Kong,2016/17,5,238,304,20,7,0,9,6,2,444,3,78.28947368421053,9.0
Babar Hayat,Hong Kong,2017/18,4,135,192,11,4,0,0,0,3,257,1,70.3125,0.0
Babar Hayat,Hong Kong,2018,2,25,50,1,2,0,0,0,1,43,0,50.0,0.0
Badal Singh,Oman,2019/20,2,5,12,0,0,0,64,62,2,41,2,41.66666666666667,6.193548387096774
Basil Hameed,United Arab Emirates,2019/20,5,152,224,14,1,1,15,18,1,273,2,67.85714285714286,5.0
Basil Hameed,United Arab Emirates,2020/21,1,2,15,0,0,0,15,19,0,8,0,13.333333333333334,4.736842105263158
Basil Hameed,United Arab Emirates,2021/22,11,260,314,20,4,20,243,420,3,1144,7,82.80254777070064,3.4714285714285715
Basil Hameed,United Arab Emirates,2022,7,114,187,10,1,9,217,356,4,594,2,60.962566844919785,3.657303370786517
Basil Hameed,United Arab Emirates,2022/23,3,46,66,3,2,2,58,93,1,166,1,69.6969696969697,3.7419354838709675
Basil Hameed,United Arab Emirates,2023,9,243,342,11,11,3,111,121,3,525,2,71.05263157894737,5.5041322314049586
Basil Hameed,United Arab Emirates,2023/24,3,61,126,2,1,1,76,122,0,148,0,48.41269841269841,3.737704918032787
Basil Hameed,United Arab Emirates,2024,4,134,110,10,9,2,120,132,2,373,1,121.81818181818183,5.454545454545454
Basil Hameed,United Arab Emirates,2024/25,4,39,74,4,1,4,79,118,1,222,1,52.702702702702695,4.016949152542373
Basir Ahamad,Nepal,2022,3,3,13,0,0,2,71,111,0,97,1,23.076923076923077,3.8378378378378377
Bazid Khan,Pakistan,2004/05,2,12,38,1,0,0,10,13,1,23,2,31.57894736842105,4.615384615384616
Bazid Khan,Pakistan,2005,1,66,97,4,0,0,0,0,0,94,1,68.04123711340206,0.0
Bazid Khan,Pakistan,2007/08,2,53,102,2,1,0,0,0,0,79,2,51.9607843137255,0.0
Bikram Sob,Nepal,2021,4,3,7,0,0,5,93,105,0,165,3,42.857142857142854,5.314285714285714
Bikram Sob,Nepal,2021/22,1,1,12,0,0,0,20,24,1,21,0,8.333333333333332,5.0
Bilal Asif,Pakistan,2015/16,3,40,52,6,1,5,95,133,0,260,2,76.92307692307693,4.285714285714286
Bilal Khan,Oman,2019,4,1,7,0,0,4,145,228,0,211,2,14.285714285714285,3.8157894736842106
Bilal Khan,Oman,2019/20,6,8,6,0,1,14,210,330,1,523,5,133.33333333333331,3.8181818181818183
Bilal Khan,Oman,2021,7,10,11,1,0,10,216,299,0,395,4,90.9090909090909,4.334448160535117
Bilal Khan,Oman,2021/22,9,5,16,0,0,25,374,546,0,879,3,31.25,4.1098901098901095
Bilal Khan,Oman,2022,8,2,14,0,0,20,351,432,2,707,4,14.285714285714285,4.875
Bilal Khan,Oman,2023,9,4,17,0,0,19,489,510,0,687,2,23.52941176470588,5.752941176470588
Bilal Khan,Oman,2024,4,0,4,0,0,6,143,170,0,206,1,0.0,5.047058823529412
Bilawal Bhatti,Pakistan,2013/14,8,80,63,9,2,5,287,309,0,399,5,126.98412698412697,5.572815533980583
Bilawal Bhatti,Pakistan,2014/15,2,9,14,1,0,1,141,111,2,87,0,64.28571428571429,7.621621621621622
C Bosch,South Africa,2024/25,1,40,44,5,0,1,64,59,0,108,0,90.9090909090909,6.508474576271186
C Campher,Ireland,2020,3,127,205,12,0,5,138,134,1,380,1,61.951219512195124,6.179104477611941
C Campher,Ireland,2020/21,2,80,105,5,1,2,33,85,0,208,1,76.19047619047619,2.3294117647058825
C Campher,Ireland,2021,2,54,54,5,1,0,0,0,0,100,1,100.0,0.0
C Campher,Ireland,2021/22,3,29,45,4,0,2,111,138,1,148,2,64.44444444444444,4.826086956521739
C Campher,Ireland,2022,3,73,107,7,2,5,104,130,2,323,0,68.22429906542055,4.8
C Campher,Ireland,2022/23,6,62,78,7,0,2,190,184,2,244,1,79.48717948717949,6.195652173913043
C Campher,Ireland,2023,10,243,233,23,6,7,248,261,4,743,3,104.29184549356223,5.7011494252873565
C Campher,Ireland,2023/24,2,106,124,16,0,4,36,49,0,312,2,85.48387096774194,4.408163265306123
C Campher,Ireland,2024/25,3,71,87,8,2,1,70,72,0,168,1,81.60919540229885,5.833333333333333
C Carter,Hong Kong,2016,2,15,25,2,0,0,0,0,1,49,0,60.0,0.0
C Carter,Hong Kong,2016/17,4,86,118,13,0,0,0,0,3,178,3,72.88135593220339,0.0
C Carter,Hong Kong,2017/18,1,5,8,1,0,0,0,0,2,25,1,62.5,0.0
C Carter,Hong Kong,2018,2,5,25,0,0,0,0,0,1,13,0,20.0,0.0
C Cassell,Scotland,2024,2,0,0,0,0,7,45,75,0,233,2,0.0,3.6
C Connolly,Australia,2024,2,0,0,0,0,0,31,24,2,24,2,0.0,7.75
C Connolly,Australia,2024/25,1,7,19,0,0,0,0,0,0,7,0,36.84210526315789,0.0
C Floyd,Netherlands,2021/22,1,2,5,0,0,1,40,43,0,41,0,40.0,5.5813953488372094
C Floyd,Netherlands,2023,7,9,8,2,0,2,244,290,2,188,4,112.5,5.048275862068965
C Floyd,Netherlands,2024,1,1,6,0,0,0,31,48,0,19,1,16.666666666666664,3.875
C Green,Australia,2020/21,1,21,27,1,1,0,26,25,0,39,0,77.77777777777779,6.239999999999999
C Green,Australia,2021/22,3,79,90,4,2,0,71,73,1,151,1,87.77777777777777,5.835616438356165
C Green,Australia,2022,8,170,181,15,5,11,182,249,3,695,5,93.92265193370166,4.385542168674699
C Green,Australia,2022/23,3,32,47,3,0,0,88,113,1,90,2,68.08510638297872,4.672566371681416
C Green,Australia,2023/24,11,250,341,23,4,7,327,314,5,723,7,73.31378299120234,6.248407643312102
C Green,Australia,2024,2,74,84,9,0,2,63,67,2,205,1,88.09523809523809,5.64179104477612
C Gunasekara,Sri Lanka,2021/22,1,0,0,0,0,0,6,7,0,2,1,0.0,5.142857142857142
C Hemraj,West Indies,2018/19,6,82,101,13,2,0,9,7,2,172,2,81.1881188118812,7.7142857142857135
C Jonker,South Africa,2018/19,2,31,34,5,1,0,0,0,0,61,2,91.17647058823529,0.0
C Karunaratne,Sri Lanka,2021,10,200,254,9,5,6,203,259,0,535,4,78.74015748031496,4.702702702702703
C Karunaratne,Sri Lanka,2021/22,3,69,75,4,0,5,95,110,1,274,2,92.0,5.1818181818181825
C Karunaratne,Sri Lanka,2022,5,107,112,9,3,5,141,150,0,366,3,95.53571428571429,5.64
C Karunaratne,Sri Lanka,2022/23,5,67,120,9,0,8,220,238,2,407,0,55.833333333333336,5.546218487394959
C Karunaratne,Sri Lanka,2023/24,3,8,28,1,0,0,61,80,1,56,1,28.57142857142857,4.575
C Kieswetter,England,2009/10,3,130,152,13,3,0,0,0,1,248,3,85.52631578947368,0.0
C Kieswetter,England,2010,8,121,161,15,3,0,0,0,10,321,5,75.15527950310559,0.0
C Kieswetter,England,2011,11,354,365,33,14,0,0,0,11,792,7,96.98630136986301,0.0
C Kieswetter,England,2011/12,9,187,217,21,5,0,0,0,9,436,4,86.17511520737328,0.0
C Kieswetter,England,2012,10,151,172,12,3,0,0,0,20,453,8,87.79069767441861,0.0
C Kieswetter,England,2012/13,3,42,63,4,2,0,0,0,2,83,1,66.66666666666666,0.0
C Madande,Zimbabwe,2022,1,24,46,4,0,0,0,0,2,62,0,52.17391304347826,0.0
C Madande,Zimbabwe,2022/23,4,144,176,12,0,0,0,0,2,262,2,81.81818181818183,0.0
C Madande,Zimbabwe,2023,2,5,15,0,0,0,0,0,2,21,2,33.33333333333333,0.0
C Madande,Zimbabwe,2023/24,6,58,83,8,0,0,0,0,1,102,0,69.87951807228916,0.0
C Madande,Zimbabwe,2024/25,1,20,33,1,0,0,0,0,2,40,0,60.60606060606061,0.0
C McAuslan,Hong Kong,2016/17,2,35,74,4,0,0,0,0,0,49,1,47.2972972972973,0.0
C Munro,New Zealand,2012/13,2,66,77,7,1,0,0,0,0,112,1,85.71428571428571,0.0
C Munro,New Zealand,2013,1,0,1,0,0,0,10,6,0,-1,0,0.0,10.0
C Munro,New Zealand,2013/14,3,101,93,8,3,0,0,0,0,177,1,108.6021505376344,0.0
C Munro,New Zealand,2015,4,77,91,5,1,0,33,48,1,137,2,84.61538461538461,4.125
C Munro,New Zealand,2016/17,7,175,193,14,6,1,49,44,3,364,4,90.67357512953367,6.681818181818182
C Munro,New Zealand,2017,4,61,33,5,4,0,30,36,2,134,3,184.84848484848484,5.0
C Munro,New Zealand,2017/18,16,425,383,51,13,6,246,324,9,1132,11,110.96605744125327,4.555555555555555
C Munro,New Zealand,2018/19,11,241,230,31,6,0,84,98,4,498,5,104.78260869565217,5.142857142857143
C Munro,New Zealand,2019,5,103,106,13,2,0,8,7,1,190,4,97.16981132075472,6.857142857142857
C Overton,England,2018,1,0,0,0,0,0,55,42,2,28,1,0.0,7.857142857142857
C Overton,England,2021,3,18,18,1,0,4,123,155,2,204,3,100.0,4.7612903225806456
C Overton,England,2022,3,50,61,3,1,1,107,117,0,140,1,81.9672131147541,5.487179487179487
C Sakariya,India,2021,1,0,1,0,0,2,31,51,1,74,0,0.0,3.6470588235294117
C Tear,Scotland,2023/24,2,72,108,3,2,0,0,0,2,128,1,66.66666666666666,0.0
C Tear,Scotland,2024,4,71,82,10,2,0,0,0,0,129,3,86.58536585365853,0.0
C Tear,Scotland,2024/25,3,94,164,5,1,0,0,0,0,133,2,57.3170731707317,0.0
C Viljoen,Namibia,2019,2,19,23,2,0,2,12,32,2,107,1,82.6086956521739,2.25
C White,England,2002/03,5,79,84,6,0,9,176,273,1,472,3,94.04761904761905,3.868131868131868
C Wickramasinghe,Sri Lanka,2024/25,4,58,106,4,1,1,64,58,2,138,1,54.71698113207547,6.620689655172415
C Zhuwao,Zimbabwe,2008/09,1,16,22,3,0,0,15,18,0,34,1,72.72727272727273,5.0
C Zhuwao,Zimbabwe,2017/18,4,83,60,10,6,0,0,0,0,166,2,138.33333333333334,0.0
C Zhuwao,Zimbabwe,2018/19,3,55,55,5,3,0,6,1,1,106,0,100.0,36.0
C de Grandhomme,New Zealand,2011/12,2,36,39,1,3,0,8,7,3,94,1,92.3076923076923,6.857142857142857
C de Grandhomme,New Zealand,2016/17,8,129,134,5,8,7,245,303,1,497,2,96.26865671641791,4.851485148514851
C de Grandhomme,New Zealand,2017/18,10,224,189,20,9,3,293,330,2,601,5,118.5185185185185,5.327272727272727
C de Grandhomme,New Zealand,2018/19,9,54,45,6,2,8,254,384,4,478,5,120.0,3.96875
C de Grandhomme,New Zealand,2019,9,190,194,16,4,5,194,286,3,572,5,97.9381443298969,4.06993006993007
C de Grandhomme,New Zealand,2019/20,4,89,66,10,3,3,128,168,3,329,3,134.84848484848484,4.571428571428571
C de Grandhomme,New Zealand,2021/22,3,20,47,1,0,3,48,91,2,155,3,42.5531914893617,3.164835164835165
CA Ingram,South Africa,2010/11,12,374,428,33,6,0,0,0,4,664,7,87.38317757009347,0.0
CA Ingram,South Africa,2011/12,2,14,13,3,0,0,0,0,1,40,1,107.6923076923077,0.0
CA Ingram,South Africa,2012/13,8,270,364,29,1,0,17,6,4,488,4,74.17582417582418,17.0
CA Ingram,South Africa,2013,6,99,123,9,2,0,0,0,4,185,1,80.48780487804879,0.0
CA Ingram,South Africa,2013/14,2,4,7,1,0,0,0,0,1,13,1,57.14285714285714,0.0
CA Lynn,Australia,2016/17,1,16,14,1,1,0,0,0,0,26,1,114.28571428571428,0.0
CA Lynn,Australia,2018/19,3,59,78,5,2,0,0,0,3,116,1,75.64102564102564,0.0
CA Pujara,India,2013,2,13,28,2,0,0,0,0,0,18,2,46.42857142857143,0.0
CA Pujara,India,2014,3,38,108,2,0,0,0,0,0,41,2,35.18518518518518,0.0
CA Reid,United States of America,2004,2,8,18,1,0,1,56,81,0,67,0,44.44444444444444,4.148148148148148
CA Soper,Papua New Guinea,2016/17,3,27,61,1,0,10,120,151,0,362,1,44.26229508196721,4.768211920529801
CA Soper,Papua New Guinea,2017/18,5,96,152,5,1,3,174,194,0,273,1,63.1578947368421,5.381443298969072
CA Soper,Papua New Guinea,2019,8,108,214,5,1,5,232,365,3,448,1,50.467289719626166,3.813698630136986
CA Soper,Papua New Guinea,2021,7,129,190,8,3,13,203,357,2,690,0,67.89473684210526,3.411764705882353
CA Soper,Papua New Guinea,2021/22,5,91,171,5,1,7,148,254,2,424,2,53.216374269005854,3.4960629921259843
CA Soper,Papua New Guinea,2022,8,108,173,4,1,9,295,448,3,563,1,62.42774566473989,3.9508928571428568
CA Soper,Papua New Guinea,2022/23,10,68,167,2,0,10,307,400,1,484,3,40.7185628742515,4.6049999999999995
CA Soper,Papua New Guinea,2023,4,26,51,0,0,6,141,211,0,280,0,50.98039215686274,4.009478672985782
CA Young,Ireland,2014,3,11,7,1,1,9,128,184,1,340,2,157.14285714285714,4.173913043478261
CA Young,Ireland,2014/15,1,0,0,0,0,3,25,62,0,109,1,0.0,2.4193548387096775
CA Young,Ireland,2015,1,0,3,0,0,1,47,38,0,32,0,0.0,7.421052631578948
CA Young,Ireland,2015/16,1,0,0,0,0,1,31,64,0,54,1,0.0,2.90625
CA Young,Ireland,2016/17,3,3,12,0,0,7,165,180,1,242,2,25.0,5.5
CA Young,Ireland,2017,1,1,3,0,0,2,79,63,0,70,0,33.33333333333333,7.523809523809524
CA Young,Ireland,2019/20,1,9,12,1,0,1,56,55,0,56,0,75.0,6.109090909090909
CA Young,Ireland,2020,3,13,19,1,0,6,172,167,0,228,1,68.42105263157895,6.179640718562874
CA Young,Ireland,2020/21,2,0,0,0,0,0,80,93,2,52,1,0.0,5.161290322580645
CA Young,Ireland,2021,7,17,25,1,0,10,222,336,2,443,2,68.0,3.9642857142857144
CA Young,Ireland,2021/22,3,5,8,1,0,9,130,159,0,289,2,62.5,4.90566037735849
CA Young,Ireland,2022,3,6,6,1,0,3,170,150,0,130,0,100.0,6.8
CA Young,Ireland,2023,5,43,48,2,2,11,185,236,3,455,2,89.58333333333334,4.703389830508474
CA Young,Ireland,2023/24,3,0,0,0,0,3,102,131,1,138,2,0.0,4.67175572519084
CA Young,Ireland,2024/25,3,41,32,4,2,7,159,173,2,328,1,128.125,5.514450867052023
CAH Stevenson,United States of America,2019/20,7,62,93,6,1,12,218,302,2,543,3,66.66666666666666,4.331125827814569
CAH Stevenson,United States of America,2022,13,79,123,6,0,11,384,427,4,558,4,64.22764227642277,5.395784543325527
CAH Stevenson,United States of America,2022/23,2,0,0,0,0,0,0,0,2,22,2,0.0,0.0
CAK Rajitha,Sri Lanka,2018,1,0,0,0,0,1,44,35,0,34,0,0.0,7.542857142857144
CAK Rajitha,Sri Lanka,2018/19,5,0,11,0,0,4,188,187,1,163,1,0.0,6.032085561497326
CAK Rajitha,Sri Lanka,2019,3,0,0,0,0,4,132,146,0,152,2,0.0,5.424657534246576
CAK Rajitha,Sri Lanka,2021,1,1,1,0,0,1,47,49,0,42,0,100.0,5.755102040816327
CAK Rajitha,Sri Lanka,2022/23,5,53,101,6,0,9,283,287,1,412,0,52.475247524752476,5.916376306620209
CAK Rajitha,Sri Lanka,2023,7,3,12,0,0,3,169,250,1,194,6,25.0,4.056
CAK Rajitha,Sri Lanka,2023/24,5,47,53,6,1,7,277,244,1,347,2,88.67924528301887,6.811475409836066
CAK Walton,West Indies,2009/10,2,0,3,0,0,0,0,0,6,64,0,0.0,0.0
CAK Walton,West Indies,2013/14,2,17,27,1,0,0,0,0,0,18,0,62.96296296296296,0.0
CAK Walton,West Indies,2017,3,36,54,6,0,0,0,0,3,84,1,66.66666666666666,0.0
CAK Walton,West Indies,2017/18,1,0,4,0,0,0,0,0,0,-3,0,0.0,0.0
CB Lambert,United States of America,2004,1,39,86,4,1,0,60,62,0,83,0,45.348837209302324,5.806451612903225
CB Mpofu,Zimbabwe,2004/05,7,4,44,0,0,6,267,331,0,270,1,9.090909090909092,4.83987915407855
CB Mpofu,Zimbabwe,2006/07,6,2,32,0,0,8,247,340,0,366,0,6.25,4.358823529411765
CB Mpofu,Zimbabwe,2007,2,1,1,0,0,1,77,100,0,63,0,100.0,4.62
CB Mpofu,Zimbabwe,2007/08,3,0,4,0,0,1,130,140,1,75,0,0.0,5.571428571428572
CB Mpofu,Zimbabwe,2008/09,5,2,8,0,0,3,101,194,0,177,2,25.0,3.123711340206185
CB Mpofu,Zimbabwe,2009/10,4,1,13,0,0,1,196,217,1,112,0,7.6923076923076925,5.419354838709678
CB Mpofu,Zimbabwe,2010,4,6,9,0,0,4,144,162,0,175,2,66.66666666666666,5.333333333333333
CB Mpofu,Zimbabwe,2010/11,9,8,33,0,0,13,342,423,2,521,3,24.242424242424242,4.851063829787234
CB Mpofu,Zimbabwe,2011,7,1,5,0,0,6,298,406,2,344,3,20.0,4.403940886699507
CB Mpofu,Zimbabwe,2011/12,2,0,0,0,0,1,93,106,0,65,0,0.0,5.264150943396226
CB Mpofu,Zimbabwe,2012/13,2,2,5,0,0,2,118,114,0,88,0,40.0,6.2105263157894735
CB Mpofu,Zimbabwe,2015,4,0,0,0,0,2,233,206,0,124,1,0.0,6.7864077669902905
CB Mpofu,Zimbabwe,2016/17,2,2,3,0,0,1,84,80,0,53,1,66.66666666666666,6.3
CB Mpofu,Zimbabwe,2017,3,0,0,0,0,2,127,124,0,91,3,0.0,6.14516129032258
CB Mpofu,Zimbabwe,2018,1,0,0,0,0,1,65,62,0,45,0,0.0,6.290322580645161
CB Mpofu,Zimbabwe,2019,2,2,4,0,0,2,76,92,0,82,1,50.0,4.956521739130435
CB Mpofu,Zimbabwe,2019/20,1,9,9,0,0,2,67,61,0,79,0,100.0,6.59016393442623
CB Sole,Scotland,2016,3,0,0,0,0,7,89,150,0,240,2,0.0,3.56
CB Sole,Scotland,2016/17,2,3,9,0,0,1,63,95,1,75,0,33.33333333333333,3.9789473684210526
CB Sole,Scotland,2017,2,2,12,0,0,4,70,108,2,165,1,16.666666666666664,3.888888888888889
CB Sole,Scotland,2017/18,2,7,8,1,0,5,103,103,0,176,1,87.5,6.0
CB Sole,Scotland,2021,1,0,0,0,0,3,73,60,0,97,1,0.0,7.3
CB Sole,Scotland,2022,6,11,12,1,0,13,218,301,1,482,4,91.66666666666666,4.345514950166113
CB Sole,Scotland,2022/23,5,20,16,3,0,8,178,288,0,366,3,125.0,3.7083333333333335
CB Sole,Scotland,2023,7,24,27,3,0,11,255,369,4,503,5,88.88888888888889,4.146341463414634
CB Sole,Scotland,2024/25,1,0,0,0,0,0,28,29,0,9,1,0.0,5.793103448275862
CB Wishart,Zimbabwe,2002/03,11,330,431,38,3,0,0,0,2,597,4,76.5661252900232,0.0
CB Wishart,Zimbabwe,2003/04,4,31,65,2,1,0,0,0,1,44,2,47.69230769230769,0.0
CBRLS Kumara,Sri Lanka,2016/17,4,6,18,1,0,4,246,190,1,164,0,33.33333333333333,7.768421052631578
CBRLS Kumara,Sri Lanka,2018,4,10,20,1,0,4,132,134,1,165,2,50.0,5.91044776119403
CBRLS Kumara,Sri Lanka,2019,3,0,0,0,0,3,94,139,1,135,3,0.0,4.057553956834532
CBRLS Kumara,Sri Lanka,2019/20,2,1,8,0,0,2,113,103,0,83,0,12.5,6.58252427184466
CBRLS Kumara,Sri Lanka,2022/23,4,19,37,3,1,8,231,227,0,311,0,51.35135135135135,6.105726872246696
CBRLS Kumara,Sri Lanka,2023,5,11,27,1,0,7,115,164,2,287,5,40.74074074074074,4.2073170731707314
CBRLS Kumara,Sri Lanka,2023/24,5,10,17,2,0,8,211,202,0,292,2,58.82352941176471,6.267326732673268
CBRLS Kumara,Sri Lanka,2024/25,1,1,10,0,0,0,42,38,0,13,0,10.0,6.631578947368421
CD Collymore,West Indies,2003,5,3,6,0,0,6,195,299,1,287,3,50.0,3.913043478260869
CD Collymore,West Indies,2003/04,7,4,13,0,0,3,191,287,1,199,3,30.76923076923077,3.993031358885017
CD Collymore,West Indies,2004,3,0,0,0,0,2,108,175,0,134,3,0.0,3.702857142857143
CD Collymore,West Indies,2005,4,1,3,0,0,4,143,173,0,166,0,33.33333333333333,4.959537572254336
CD Collymore,West Indies,2006,3,0,0,0,0,1,75,146,2,123,2,0.0,3.082191780821918
CD Collymore,West Indies,2006/07,15,31,49,1,2,14,489,788,0,742,4,63.26530612244898,3.7233502538071064
CD Cumming,New Zealand,2003/04,4,32,73,4,0,0,0,0,2,59,1,43.83561643835616,0.0
CD Cumming,New Zealand,2004/05,1,10,22,1,0,0,0,0,0,12,0,45.45454545454545,0.0
CD Cumming,New Zealand,2008/09,1,0,6,0,0,0,0,0,0,3,0,0.0,0.0
CD McMillan,New Zealand,2002/03,9,152,216,17,3,0,4,12,3,290,7,70.37037037037037,2.0
CD McMillan,New Zealand,2003/04,6,144,236,10,1,0,0,0,2,221,3,61.016949152542374,0.0
CD McMillan,New Zealand,2004,4,149,122,8,8,0,25,24,1,275,3,122.13114754098359,6.25
CD McMillan,New Zealand,2004/05,3,78,101,4,1,1,77,87,2,178,1,77.22772277227723,5.310344827586207
CD McMillan,New Zealand,2005,2,18,31,1,0,0,0,0,1,30,2,58.06451612903226,0.0
CD McMillan,New Zealand,2005/06,4,31,66,2,0,0,0,0,0,36,0,46.96969696969697,0.0
CD McMillan,New Zealand,2006/07,20,557,621,51,19,10,317,339,1,1371,12,89.69404186795491,5.610619469026549
CD Wallace,Scotland,2016,4,88,84,7,3,0,0,0,0,146,3,104.76190476190477,0.0
CD Wallace,Scotland,2016/17,2,62,82,6,1,0,0,0,0,104,0,75.60975609756098,0.0
CD Wallace,Scotland,2017,2,65,62,6,1,0,0,0,0,109,1,104.83870967741935,0.0
CD Wallace,Scotland,2017/18,8,74,96,6,0,0,0,0,9,187,3,77.08333333333334,0.0
CD Wallace,Scotland,2019,5,134,166,8,2,0,0,0,1,202,3,80.72289156626506,0.0
CD Wallace,Scotland,2022,4,92,108,9,2,0,0,0,4,180,3,85.18518518518519,0.0
CD de Lange,Scotland,2016,4,44,52,3,0,8,141,204,3,382,3,84.61538461538461,4.147058823529412
CD de Lange,Scotland,2016/17,1,20,36,3,0,0,0,0,0,32,0,55.55555555555556,0.0
CD de Lange,Scotland,2017,2,1,6,0,0,5,68,60,0,156,1,16.666666666666664,6.8
CE McConchie,New Zealand,2023,6,126,133,11,3,3,130,169,3,377,3,94.73684210526315,4.615384615384615
CG Williams,Namibia,2019,4,86,122,6,1,1,60,97,2,199,3,70.49180327868852,3.7113402061855667
CG Williams,Namibia,2019/20,3,158,145,16,6,2,102,124,2,427,1,108.9655172413793,4.935483870967742
CG Williams,Namibia,2021/22,6,156,213,15,1,0,0,0,1,251,3,73.23943661971832,0.0
CG Williams,Namibia,2022,3,27,70,1,0,0,26,43,0,43,2,38.57142857142858,3.627906976744186
CH Gayle,West Indies,2002/03,5,87,151,14,0,4,162,210,2,344,2,57.615894039735096,4.628571428571429
CH Gayle,West Indies,2003,5,136,225,18,0,9,163,229,2,546,3,60.44444444444444,4.270742358078603
CH Gayle,West Indies,2003/04,9,292,363,38,7,8,192,317,1,909,4,80.44077134986226,3.634069400630915
CH Gayle,West Indies,2004,10,365,541,41,1,9,277,353,6,1017,8,67.46765249537893,4.708215297450424
CH Gayle,West Indies,2004/05,4,110,138,10,1,0,49,32,2,203,0,79.71014492753623,9.1875
CH Gayle,West Indies,2005,4,185,196,25,1,3,122,142,0,464,0,94.38775510204081,5.154929577464788
CH Gayle,ICC World XI,2005/06,2,54,50,8,1,0,42,36,0,113,0,108.0,7.0
CH Gayle,West Indies,2005/06,5,51,79,8,2,6,233,285,3,370,1,64.55696202531645,4.905263157894737
CH Gayle,West Indies,2006,9,329,514,44,4,8,241,439,5,1014,8,64.00778210116731,3.2938496583143504
CH Gayle,West Indies,2006/07,27,890,1037,117,20,22,786,1082,14,2779,13,85.82449373191899,4.358595194085027
CH Gayle,West Indies,2007,3,124,182,11,3,0,11,12,2,240,2,68.13186813186813,5.5
CH Gayle,West Indies,2007/08,5,123,192,13,3,5,87,112,1,393,3,64.0625,4.660714285714286
CH Gayle,West Indies,2008,5,180,210,17,7,3,147,160,2,474,0,85.71428571428571,5.5125
CH Gayle,West Indies,2008/09,9,304,293,27,19,0,98,135,2,671,2,103.75426621160409,4.355555555555555
CH Gayle,West Indies,2009,6,170,138,24,5,0,81,80,3,375,1,123.18840579710144,6.074999999999999
CH Gayle,West Indies,2009/10,10,328,345,31,12,2,87,129,4,732,4,95.07246376811594,4.046511627906977
CH Gayle,West Indies,2010,5,128,143,17,2,3,164,195,1,377,0,89.5104895104895,5.046153846153846
CH Gayle,West Indies,2010/11,8,202,230,27,4,0,74,124,4,452,2,87.82608695652175,3.5806451612903225
CH Gayle,West Indies,2012,6,273,277,19,20,0,0,0,4,589,4,98.55595667870037,0.0
CH Gayle,West Indies,2012/13,8,82,147,9,4,1,60,98,2,223,2,55.78231292517006,3.673469387755102
CH Gayle,West Indies,2013,12,301,346,35,11,0,9,8,3,597,4,86.9942196531792,6.75
CH Gayle,West Indies,2013/14,1,0,2,0,0,0,0,0,0,-3,0,0.0,0.0
CH Gayle,West Indies,2014,3,67,103,4,5,1,69,76,1,189,3,65.0485436893204,5.447368421052632
CH Gayle,West Indies,2014/15,11,411,363,25,29,5,100,123,5,1009,3,113.22314049586777,4.878048780487805
CH Gayle,West Indies,2017,4,173,142,12,14,0,0,0,1,355,0,121.83098591549295,0.0
CH Gayle,West Indies,2017/18,6,180,171,12,15,0,14,12,2,377,4,105.26315789473684,7.0
CH Gayle,West Indies,2018,3,142,166,10,8,0,37,57,1,286,1,85.54216867469879,3.8947368421052633
CH Gayle,West Indies,2018/19,4,424,329,20,39,0,14,13,0,936,2,128.87537993920972,6.461538461538462
CH Gayle,West Indies,2019,11,322,361,34,17,1,44,58,3,688,1,89.19667590027701,4.551724137931035
CH Morris,South Africa,2013,5,13,25,0,0,6,197,223,0,248,1,52.0,5.300448430493274
CH Morris,South Africa,2015,2,12,13,3,0,2,59,59,0,97,1,92.3076923076923,6.0
CH Morris,South Africa,2015/16,5,71,57,4,4,5,227,229,2,345,3,124.56140350877195,5.9475982532751095
CH Morris,South Africa,2016,3,56,66,3,2,3,105,150,2,238,1,84.84848484848484,4.2
CH Morris,South Africa,2016/17,8,80,77,8,2,13,317,426,1,654,6,103.89610389610388,4.464788732394366
CH Morris,South Africa,2017,6,92,101,8,2,4,243,271,0,350,2,91.0891089108911,5.380073800738008
CH Morris,South Africa,2017/18,5,69,72,6,2,2,203,216,1,237,1,95.83333333333334,5.638888888888889
CH Morris,South Africa,2019,6,74,63,4,3,10,322,352,2,516,2,117.46031746031747,5.488636363636364
CJ Anderson,New Zealand,2013,1,30,25,2,1,0,4,6,0,52,0,120.0,4.0
CJ Anderson,New Zealand,2013/14,11,394,247,26,30,19,436,477,0,1461,4,159.51417004048582,5.484276729559748
CJ Anderson,New Zealand,2014/15,21,487,486,47,17,29,711,707,5,1889,14,100.20576131687243,6.033946251768034
CJ Anderson,New Zealand,2015/16,5,98,146,2,5,5,102,162,2,356,4,67.12328767123287,3.7777777777777777
CJ Anderson,New Zealand,2016/17,4,31,61,4,0,0,27,24,1,60,1,50.81967213114754,6.75
CJ Anderson,New Zealand,2017,5,62,79,4,2,5,121,131,2,271,1,78.48101265822784,5.541984732824428
CJ Bowes,New Zealand,2022/23,2,15,20,2,0,0,0,0,2,39,2,75.0,0.0
CJ Bowes,New Zealand,2023,4,84,101,13,0,0,0,0,2,164,1,83.16831683168317,0.0
CJ Chibhabha,Zimbabwe,2005,1,0,3,0,0,0,0,0,1,5,0,0.0,0.0
CJ Chibhabha,Zimbabwe,2006,2,122,203,13,0,2,61,84,1,285,0,60.09852216748769,4.357142857142857
CJ Chibhabha,Zimbabwe,2006/07,13,241,500,22,2,1,132,123,4,459,0,48.199999999999996,6.439024390243903
CJ Chibhabha,Zimbabwe,2007/08,8,178,245,13,1,7,271,220,4,533,1,72.6530612244898,7.3909090909090915
CJ Chibhabha,Zimbabwe,2008/09,5,82,119,5,0,0,0,0,3,145,1,68.90756302521008,0.0
CJ Chibhabha,Zimbabwe,2009,2,15,27,2,0,2,97,73,1,105,0,55.55555555555556,7.972602739726028
CJ Chibhabha,Zimbabwe,2009/10,6,91,147,11,1,6,214,229,3,404,1,61.904761904761905,5.606986899563319
CJ Chibhabha,Zimbabwe,2010,1,58,84,4,1,0,40,24,0,100,1,69.04761904761905,10.0
CJ Chibhabha,Zimbabwe,2010/11,6,77,117,7,2,0,54,54,1,147,1,65.8119658119658,6.0
CJ Chibhabha,Zimbabwe,2011,3,72,109,8,0,0,10,12,1,128,0,66.05504587155964,5.0
CJ Chibhabha,Zimbabwe,2011/12,1,6,20,1,0,0,4,6,0,8,0,30.0,4.0
CJ Chibhabha,Zimbabwe,2012/13,2,54,79,4,2,0,25,24,0,94,0,68.35443037974683,6.25
CJ Chibhabha,Zimbabwe,2014/15,4,98,155,16,0,0,0,0,0,174,0,63.2258064516129,0.0
CJ Chibhabha,Zimbabwe,2015,8,411,515,45,2,6,183,245,0,941,1,79.80582524271844,4.481632653061224
CJ Chibhabha,Zimbabwe,2015/16,9,233,346,26,1,2,117,165,3,517,3,67.34104046242774,4.254545454545455
CJ Chibhabha,Zimbabwe,2016,3,61,140,4,0,1,58,115,0,157,0,43.57142857142857,3.026086956521739
CJ Chibhabha,Zimbabwe,2016/17,4,60,106,8,0,1,18,12,1,129,1,56.60377358490566,9.0
CJ Chibhabha,Zimbabwe,2018,3,43,85,4,0,0,22,18,1,73,0,50.588235294117645,7.333333333333333
CJ Chibhabha,Zimbabwe,2019/20,1,10,22,1,0,0,0,0,0,12,0,45.45454545454545,0.0
CJ Chibhabha,Zimbabwe,2020/21,3,19,25,4,0,0,15,13,0,36,0,76.0,6.923076923076923
CJ Chibhabha,Zimbabwe,2022/23,2,56,83,7,0,0,0,0,1,96,0,67.46987951807229,0.0
CJ Dala,South Africa,2018,2,8,6,1,0,1,115,108,1,80,0,133.33333333333331,6.388888888888889
CJ Ferguson,Australia,2008/09,9,284,314,29,0,0,0,0,4,494,4,90.44585987261146,0.0
CJ Ferguson,Australia,2009,11,286,349,26,0,0,0,0,2,438,9,81.9484240687679,0.0
CJ Ferguson,Australia,2009/10,4,29,59,3,0,0,0,0,0,47,3,49.152542372881356,0.0
CJ Ferguson,Australia,2010/11,3,61,67,6,0,0,0,0,1,99,3,91.04477611940298,0.0
CJ Ferguson,Australia,2011,1,3,6,0,0,0,0,0,0,3,1,50.0,0.0
CJ Jordan,England,2013,1,14,26,1,0,3,45,66,0,117,0,53.84615384615385,4.090909090909091
CJ Jordan,England,2013/14,7,16,22,1,0,6,299,357,2,325,2,72.72727272727273,5.025210084033613
CJ Jordan,England,2014,7,80,75,8,3,13,294,371,4,631,3,106.66666666666667,4.754716981132075
CJ Jordan,England,2014/15,7,22,33,2,0,13,335,388,6,538,2,66.66666666666666,5.18041237113402
CJ Jordan,England,2015,2,5,6,0,0,2,126,89,3,106,1,83.33333333333334,8.49438202247191
CJ Jordan,England,2015/16,4,17,15,0,1,1,137,111,3,108,3,113.33333333333333,7.405405405405405
CJ Jordan,England,2016,4,15,18,0,1,3,167,212,1,180,2,83.33333333333334,4.726415094339623
CJ Jordan,England,2019,2,0,0,0,0,0,0,0,2,16,2,0.0,0.0
CJ Jordan,England,2019/20,3,1,5,0,0,2,86,90,0,81,1,20.0,5.733333333333333
CJ Jordan,England,2022/23,2,14,18,0,0,1,47,44,1,61,0,77.77777777777779,6.409090909090909
CJ McKay,Australia,2009/10,10,2,7,0,0,22,389,536,0,809,9,28.57142857142857,4.354477611940299
CJ McKay,Australia,2010,2,4,5,0,0,0,94,97,0,35,1,80.0,5.814432989690721
CJ McKay,Australia,2010/11,3,6,8,0,0,8,125,167,1,297,1,75.0,4.491017964071856
CJ McKay,Australia,2011/12,13,74,108,6,1,22,491,652,1,957,6,68.51851851851852,4.51840490797546
CJ McKay,Australia,2012,4,13,21,2,0,5,138,219,0,240,0,61.904761904761905,3.780821917808219
CJ McKay,Australia,2012/13,10,6,30,0,0,17,352,498,1,657,7,20.0,4.240963855421687
CJ McKay,Australia,2013,7,46,110,2,0,12,250,352,0,513,2,41.81818181818181,4.261363636363637
CJ McKay,Australia,2013/14,9,39,54,5,1,9,425,462,1,452,5,72.22222222222221,5.51948051948052
CJ Nevin,New Zealand,2003,3,53,88,7,0,0,0,0,1,91,3,60.22727272727273,0.0
CJ Nevin,New Zealand,2003/04,4,30,63,3,0,0,0,0,0,40,1,47.61904761904761,0.0
CJ Smith,Bermuda,2006/07,5,27,48,2,2,0,0,0,1,49,1,56.25,0.0
CJA Amini,Papua New Guinea,2017/18,4,60,99,5,1,6,113,162,1,304,1,60.60606060606061,4.185185185185185
CJA Amini,Papua New Guinea,2019,9,175,271,13,0,8,358,476,6,674,1,64.57564575645756,4.512605042016807
CJA Amini,Papua New Guinea,2021,6,87,132,7,0,4,193,286,2,345,0,65.9090909090909,4.048951048951049
CJA Amini,Papua New Guinea,2021/22,6,243,344,22,1,4,170,227,1,581,3,70.63953488372093,4.493392070484581
CJA Amini,Papua New Guinea,2022,8,225,390,18,0,6,252,327,2,619,1,57.692307692307686,4.623853211009174
CJA Amini,Papua New Guinea,2022/23,8,71,176,6,0,2,120,105,3,195,2,40.340909090909086,6.857142857142857
CJA Amini,Papua New Guinea,2023,4,91,133,7,2,0,48,37,1,155,0,68.42105263157895,7.783783783783783
CJO Smith,Scotland,2006/07,4,87,137,13,0,0,0,0,2,177,1,63.503649635036496,0.0
CJO Smith,Scotland,2007,1,4,9,1,0,0,0,0,0,8,0,44.44444444444444,0.0
CJO Smith,Scotland,2008,3,23,33,3,0,0,0,0,3,77,1,69.6969696969697,0.0
CJO Smith,Scotland,2009,2,43,61,6,0,0,0,0,1,88,0,70.49180327868852,0.0
CK Coventry,Zimbabwe,2003,1,3,11,0,0,0,0,0,1,11,0,27.27272727272727,0.0
CK Coventry,Zimbabwe,2005,3,109,123,9,5,0,0,0,0,194,0,88.6178861788618,0.0
CK Coventry,Zimbabwe,2006,1,0,7,0,0,0,0,0,1,5,0,0.0,0.0
CK Coventry,Zimbabwe,2009,5,296,281,22,12,0,0,0,4,597,1,105.33807829181494,0.0
CK Coventry,Zimbabwe,2009/10,6,128,198,11,3,0,0,0,1,213,1,64.64646464646465,0.0
CK Coventry,Zimbabwe,2010,5,81,71,5,4,0,0,0,2,149,3,114.08450704225352,0.0
CK Coventry,Zimbabwe,2010/11,3,18,38,1,1,0,0,0,0,25,1,47.368421052631575,0.0
CK Coventry,Zimbabwe,2015,1,10,8,0,1,0,0,0,1,24,0,125.0,0.0
CK Holder,West Indies,2020/21,1,0,3,0,0,0,24,20,0,3,0,0.0,7.199999999999999
CK Hooper,Canada,2007/08,1,4,2,1,0,1,61,52,0,48,0,200.0,7.038461538461539
CK Hooper,Canada,2010,1,0,1,0,0,0,20,20,0,3,0,0.0,6.0
CK Kapugedera,Sri Lanka,2005/06,10,153,186,13,5,0,0,0,3,276,4,82.25806451612904,0.0
CK Kapugedera,Sri Lanka,2006,1,1,6,0,0,0,0,0,1,9,1,16.666666666666664,0.0
CK Kapugedera,Sri Lanka,2006/07,1,10,17,0,0,0,0,0,0,10,1,58.82352941176471,0.0
CK Kapugedera,Sri Lanka,2007,1,7,34,0,0,0,0,0,1,9,1,20.588235294117645,0.0
CK Kapugedera,Sri Lanka,2007/08,9,221,351,16,3,2,161,204,2,474,1,62.96296296296296,4.735294117647059
CK Kapugedera,Sri Lanka,2008,11,322,423,24,6,0,25,30,2,541,7,76.12293144208037,5.0
CK Kapugedera,Sri Lanka,2008/09,13,211,264,10,8,0,0,0,6,365,7,79.92424242424242,0.0
CK Kapugedera,Sri Lanka,2009,7,163,237,14,1,0,0,0,3,269,4,68.77637130801688,0.0
CK Kapugedera,Sri Lanka,2009/10,3,17,31,0,0,0,0,0,1,25,1,54.83870967741935,0.0
CK Kapugedera,Sri Lanka,2010,11,199,299,10,4,0,8,12,5,341,7,66.5551839464883,4.0
CK Kapugedera,Sri Lanka,2010/11,5,20,26,0,0,0,17,19,3,56,2,76.92307692307693,5.368421052631579
CK Kapugedera,Sri Lanka,2011/12,3,69,114,4,0,0,7,6,1,104,0,60.526315789473685,7.0
CK Kapugedera,Sri Lanka,2012,1,9,7,1,0,0,0,0,0,13,0,128.57142857142858,0.0
CK Kapugedera,Sri Lanka,2015/16,4,30,42,3,1,0,0,0,1,52,1,71.42857142857143,0.0
CK Kapugedera,Sri Lanka,2017,4,55,90,3,0,0,0,0,1,76,0,61.111111111111114,0.0
CK Kapugedera,Sri Lanka,2017/18,1,18,30,2,0,0,0,0,0,26,0,60.0,0.0
CK Kruger,Hong Kong,2008,2,3,21,0,0,0,0,0,0,0,0,14.285714285714285,0.0
CK Langeveldt,South Africa,2002/03,1,0,0,0,0,0,23,31,0,12,1,0.0,4.451612903225806
CK Langeveldt,South Africa,2003,1,0,0,0,0,0,24,37,0,14,1,0.0,3.8918918918918917
CK Langeveldt,South Africa,2004,2,2,2,0,0,3,69,92,0,121,0,100.0,4.5
CK Langeveldt,South Africa,2004/05,2,0,0,0,0,2,69,120,0,108,2,0.0,3.45
CK Langeveldt,South Africa,2005,2,0,0,0,0,2,58,81,1,88,2,0.0,4.296296296296297
CK Langeveldt,South Africa,2005/06,10,2,7,0,0,11,456,533,0,482,6,28.57142857142857,5.133208255159475
CK Langeveldt,South Africa,2006/07,17,16,58,1,0,23,654,818,5,966,12,27.586206896551722,4.797066014669927
CK Langeveldt,South Africa,2007,2,0,0,0,0,2,99,110,0,92,1,0.0,5.4
CK Langeveldt,South Africa,2007/08,11,18,24,1,0,19,437,572,2,756,8,75.0,4.583916083916084
CK Langeveldt,South Africa,2009/10,6,22,22,4,0,6,249,314,0,321,2,100.0,4.75796178343949
CK Langeveldt,South Africa,2010,3,6,5,1,0,5,133,142,0,181,3,120.0,5.619718309859155
CK Langeveldt,South Africa,2010/11,4,4,2,1,0,7,226,242,1,281,3,200.0,5.6033057851239665
CK Tshuma,Zimbabwe,2019/20,2,0,1,0,0,1,82,67,0,44,0,0.0,7.343283582089553
CKB Kulasekara,Sri Lanka,2011/12,4,38,73,0,0,0,79,79,1,67,0,52.054794520547944,6.0
CL Cairns,New Zealand,2002/03,10,259,322,20,6,2,49,53,4,523,6,80.43478260869566,5.547169811320754
CL Cairns,New Zealand,2003,3,45,65,6,0,0,0,0,0,69,3,69.23076923076923,0.0
CL Cairns,New Zealand,2003/04,8,243,250,19,11,5,293,347,2,702,2,97.2,5.066282420749279
CL Cairns,New Zealand,2004,4,8,17,0,0,2,57,111,4,142,3,47.05882352941176,3.081081081081081
CL Cairns,New Zealand,2004/05,5,186,191,10,9,6,184,245,0,558,2,97.38219895287958,4.506122448979592
CL Cairns,New Zealand,2005/06,4,49,49,4,2,5,168,192,1,279,3,100.0,5.25
CL Hooper,West Indies,2002/03,5,93,118,3,1,2,163,202,5,280,2,78.8135593220339,4.841584158415842
CL White,Australia,2005/06,3,0,0,0,0,0,25,25,3,32,3,0.0,6.0
CL White,Australia,2006/07,11,157,138,7,9,3,129,135,1,393,7,113.76811594202898,5.733333333333333
CL White,Australia,2008,5,79,83,5,1,5,73,91,3,290,5,95.18072289156626,4.813186813186813
CL White,Australia,2008/09,6,79,116,4,1,2,67,61,4,207,3,68.10344827586206,6.59016393442623
CL White,Australia,2009,7,260,305,30,2,0,0,0,3,482,6,85.24590163934425,0.0
CL White,Australia,2009/10,24,861,1108,57,21,0,0,0,12,1482,18,77.70758122743683,0.0
CL White,Australia,2010,6,187,243,17,2,0,0,0,1,303,3,76.95473251028807,0.0
CL White,Australia,2010/11,18,375,483,21,8,0,0,0,5,592,11,77.63975155279503,0.0
CL White,Australia,2011,1,20,50,1,0,0,6,6,0,24,1,40.0,6.0
CL White,Australia,2014/15,1,0,2,0,0,0,0,0,0,-3,1,0.0,0.0
CL White,Australia,2017/18,3,35,55,3,0,0,0,0,0,47,1,63.63636363636363,0.0
CM McBride,Scotland,2022,3,18,49,2,0,1,24,54,1,82,3,36.734693877551024,2.6666666666666665
CM McBride,Scotland,2022/23,7,218,294,30,0,1,15,24,0,389,4,74.14965986394559,3.75
CM McBride,Scotland,2023,7,150,205,17,2,1,47,67,4,331,5,73.17073170731707,4.208955223880597
CM Wright,Scotland,2006/07,3,20,45,1,0,2,95,114,1,124,1,44.44444444444444,5.0
CM Wright,Scotland,2007,1,37,35,2,1,1,45,61,0,108,0,105.71428571428572,4.426229508196721
CM Wright,Scotland,2008,1,0,0,0,0,1,13,44,0,57,0,0.0,1.7727272727272727
CM Wright,Scotland,2009,2,24,65,1,0,3,59,98,0,157,0,36.92307692307693,3.612244897959184
CMW Read,England,2003,8,84,122,7,0,0,0,0,13,234,4,68.85245901639344,0.0
CMW Read,England,2003/04,6,11,22,0,0,0,0,0,9,94,3,50.0,0.0
CMW Read,England,2006,4,55,61,5,1,0,0,0,4,120,1,90.1639344262295,0.0
CMW Read,England,2006/07,3,6,16,0,0,0,0,0,1,17,1,37.5,0.0
CN Ackermann,Netherlands,2021/22,1,0,0,0,0,0,18,24,0,8,0,0.0,4.5
CN Ackermann,Netherlands,2022/23,3,115,163,8,0,1,132,153,4,284,1,70.5521472392638,5.176470588235294
CN Ackermann,Netherlands,2023/24,8,187,236,23,0,4,221,267,3,524,2,79.23728813559322,4.966292134831461
CN Ackermann,Netherlands,2024/25,2,24,35,1,1,5,62,109,0,227,1,68.57142857142857,3.4128440366972477
CN Greaves,Scotland,2022,10,153,191,14,3,5,157,170,6,478,7,80.10471204188482,5.541176470588235
CN Greaves,Scotland,2022/23,5,37,49,2,1,4,130,142,1,209,3,75.51020408163265,5.492957746478873
CN Greaves,Scotland,2023,7,117,115,12,3,14,223,250,1,654,5,101.7391304347826,5.352
CN Greaves,Scotland,2023/24,2,4,11,0,0,2,51,83,0,93,1,36.36363636363637,3.686746987951807
CN Greaves,Scotland,2024,3,42,42,3,1,0,0,0,2,82,3,100.0,0.0
CO Browne,West Indies,2004,2,35,56,2,0,0,0,0,4,107,2,62.5,0.0
CO Browne,West Indies,2004/05,4,36,36,4,0,0,0,0,8,132,0,100.0,0.0
CO Browne,West Indies,2005,4,73,79,8,2,0,0,0,4,150,0,92.40506329113924,0.0
CO Obuya,Kenya,2002/03,11,85,143,3,2,16,429,595,2,779,4,59.44055944055944,4.326050420168067
CO Obuya,Kenya,2006,3,26,59,2,1,0,4,1,2,54,0,44.06779661016949,24.0
CO Obuya,Kenya,2006/07,4,81,112,3,1,0,8,18,2,131,1,72.32142857142857,2.6666666666666665
CO Obuya,Kenya,2007/08,5,102,142,12,1,0,16,28,3,215,5,71.83098591549296,3.4285714285714284
CO Obuya,Kenya,2008/09,1,55,63,4,1,0,48,61,1,117,0,87.3015873015873,4.721311475409836
CO Obuya,Kenya,2009,1,6,5,1,0,0,0,0,0,10,0,120.0,0.0
CO Obuya,Kenya,2010/11,6,243,351,21,7,1,76,74,1,475,0,69.23076923076923,6.162162162162162
CO Obuya,Kenya,2011/12,2,39,61,3,0,3,43,62,1,156,1,63.934426229508205,4.161290322580645
CO Obuya,Kenya,2012/13,1,34,35,4,0,0,21,21,1,69,1,97.14285714285714,6.0
CO Obuya,Kenya,2013/14,2,66,69,5,2,0,0,0,0,112,1,95.65217391304348,0.0
CP Rizwan,United Arab Emirates,2018/19,2,61,106,7,0,0,10,4,1,102,0,57.54716981132076,15.0
CP Rizwan,United Arab Emirates,2019,2,45,91,1,0,0,0,0,0,48,0,49.45054945054945,0.0
CP Rizwan,United Arab Emirates,2019/20,3,26,56,2,0,0,0,0,0,32,1,46.42857142857143,0.0
CP Rizwan,United Arab Emirates,2020/21,2,110,157,9,1,0,0,0,1,200,1,70.06369426751591,0.0
CP Rizwan,United Arab Emirates,2021/22,10,186,376,7,0,0,10,12,2,257,6,49.46808510638298,5.0
CP Rizwan,United Arab Emirates,2022,7,261,346,22,1,1,18,31,1,450,2,75.43352601156069,3.4838709677419355
CP Rizwan,United Arab Emirates,2022/23,12,194,410,15,0,0,9,14,3,288,4,47.3170731707317,3.8571428571428568
CP Rizwan,United Arab Emirates,2023/24,1,18,31,1,0,0,0,0,0,22,0,58.06451612903226,0.0
CP Tremain,Australia,2016/17,4,23,39,2,1,7,246,249,1,295,0,58.97435897435898,5.927710843373494
CR Brathwaite,West Indies,2011/12,1,11,20,1,0,0,0,0,0,15,0,55.00000000000001,0.0
CR Brathwaite,West Indies,2014/15,3,16,34,0,1,0,111,149,0,79,1,47.05882352941176,4.469798657718121
CR Brathwaite,West Indies,2015/16,3,44,33,4,2,3,101,103,2,196,0,133.33333333333331,5.883495145631067
CR Brathwaite,West Indies,2016,7,86,134,6,3,9,311,348,1,504,3,64.17910447761194,5.362068965517241
CR Brathwaite,West Indies,2016/17,9,113,126,6,4,9,450,466,4,591,1,89.68253968253968,5.793991416309012
CR Brathwaite,West Indies,2017/18,3,35,43,1,1,5,87,153,1,264,3,81.3953488372093,3.411764705882353
CR Brathwaite,West Indies,2018/19,4,66,63,4,3,5,181,204,1,326,2,104.76190476190477,5.323529411764706
CR Brathwaite,West Indies,2019,8,156,160,12,8,8,340,302,1,590,1,97.5,6.754966887417218
CR Ervine,Zimbabwe,2010,3,83,108,6,0,0,0,0,0,113,1,76.85185185185185,0.0
CR Ervine,Zimbabwe,2010/11,12,416,558,36,3,0,0,0,0,641,3,74.55197132616487,0.0
CR Ervine,Zimbabwe,2011,3,26,44,1,1,0,0,0,1,35,3,59.09090909090909,0.0
CR Ervine,Zimbabwe,2012/13,1,41,54,4,1,0,0,0,1,75,0,75.92592592592592,0.0
CR Ervine,Zimbabwe,2014/15,6,159,182,12,5,0,0,0,5,303,1,87.36263736263736,0.0
CR Ervine,Zimbabwe,2015,3,174,171,16,6,0,0,0,1,348,1,101.75438596491229,0.0
CR Ervine,Zimbabwe,2015/16,5,210,290,21,2,0,0,0,3,386,2,72.41379310344827,0.0
CR Ervine,Zimbabwe,2016,1,21,48,1,0,0,0,0,0,23,0,43.75,0.0
CR Ervine,Zimbabwe,2016/17,5,147,191,12,0,0,0,0,2,238,1,76.96335078534031,0.0
CR Ervine,Zimbabwe,2017,7,157,205,16,1,0,0,0,2,260,4,76.58536585365854,0.0
CR Ervine,Zimbabwe,2017/18,9,153,217,13,2,0,0,0,4,260,3,70.50691244239631,0.0
CR Ervine,Zimbabwe,2018/19,4,34,97,2,0,0,0,0,2,43,0,35.051546391752574,0.0
CR Ervine,Zimbabwe,2019,8,331,399,39,5,0,0,0,2,611,3,82.95739348370927,0.0
CR Ervine,Zimbabwe,2020/21,3,45,93,6,0,0,0,0,3,97,0,48.38709677419355,0.0
CR Ervine,Zimbabwe,2021,2,121,163,14,1,0,0,0,2,223,1,74.23312883435584,0.0
CR Ervine,Zimbabwe,2021/22,3,100,120,10,0,0,0,0,2,175,1,83.33333333333334,0.0
CR Ervine,Zimbabwe,2022/23,5,136,166,16,0,0,0,0,1,226,3,81.92771084337349,0.0
CR Ervine,Zimbabwe,2023,6,259,302,38,1,0,0,0,2,495,4,85.76158940397352,0.0
CR Ervine,Zimbabwe,2023/24,3,82,113,9,1,0,0,0,2,158,0,72.56637168141593,0.0
CR Ervine,Zimbabwe,2024/25,3,75,110,7,1,0,0,0,0,121,1,68.18181818181817,0.0
CR Foggo,Bermuda,2008,1,6,5,0,0,0,0,0,0,6,1,120.0,0.0
CR Woakes,England,2010/11,3,20,40,0,0,7,141,162,1,280,0,50.0,5.222222222222222
CR Woakes,England,2011,1,19,13,2,0,0,19,37,0,47,1,146.15384615384613,3.081081081081081
CR Woakes,England,2012,1,33,44,3,0,0,34,37,0,61,0,75.0,5.513513513513513
CR Woakes,England,2012/13,5,20,27,3,0,8,255,286,3,361,3,74.07407407407408,5.34965034965035
CR Woakes,England,2013,2,49,68,3,0,0,92,80,1,97,0,72.05882352941177,6.8999999999999995
CR Woakes,England,2014,5,54,77,2,1,5,194,194,3,297,2,70.12987012987013,6.0
CR Woakes,England,2014/15,17,205,248,15,0,27,834,861,7,1341,5,82.66129032258065,5.811846689895471
CR Woakes,England,2015,3,20,24,1,1,0,114,128,3,99,1,83.33333333333334,5.34375
CR Woakes,England,2015/16,6,66,92,4,0,9,230,288,2,449,3,71.73913043478261,4.791666666666667
CR Woakes,England,2016,9,129,118,7,1,14,389,482,3,772,6,109.32203389830508,4.842323651452283
CR Woakes,England,2016/17,9,179,171,18,4,15,404,470,1,890,6,104.67836257309942,5.157446808510638
CR Woakes,England,2017,5,40,41,1,1,9,183,213,2,377,5,97.5609756097561,5.154929577464789
CR Woakes,England,2017/18,9,200,181,17,8,15,390,488,2,948,6,110.49723756906079,4.795081967213115
CR Woakes,England,2018/19,6,5,14,0,0,7,303,281,3,288,5,35.714285714285715,6.469750889679715
CR Woakes,England,2019,14,146,177,9,3,26,601,672,6,1191,9,82.48587570621469,5.366071428571429
CR Woakes,England,2019/20,2,40,44,2,0,1,57,78,0,105,0,90.9090909090909,4.384615384615385
CR Woakes,England,2020,3,89,90,11,0,6,136,181,0,371,1,98.88888888888889,4.50828729281768
CR Woakes,England,2021,2,0,0,0,0,6,43,123,1,244,1,0.0,2.097560975609756
CR Woakes,England,2022/23,6,71,96,6,0,5,269,302,1,341,2,73.95833333333334,5.344370860927152
CR Woakes,England,2023,2,7,14,0,0,3,55,93,0,123,1,50.0,3.5483870967741935
CR Woakes,England,2023/24,7,122,135,14,2,10,252,311,2,599,3,90.37037037037037,4.861736334405144
CRD Fernando,Sri Lanka,2002/03,13,30,35,5,0,13,403,540,1,589,6,85.71428571428571,4.477777777777778
CRD Fernando,Sri Lanka,2004,2,0,1,0,0,2,44,76,0,80,2,0.0,3.473684210526316
CRD Fernando,Sri Lanka,2004/05,2,0,0,0,0,3,43,85,0,119,2,0.0,3.035294117647059
CRD Fernando,Sri Lanka,2005,3,3,7,0,0,3,89,151,0,151,2,42.857142857142854,3.5364238410596025
CRD Fernando,Sri Lanka,2005/06,12,23,34,1,1,14,582,670,0,637,3,67.64705882352942,5.2119402985074625
CRD Fernando,Sri Lanka,2006,4,10,9,1,0,6,217,208,0,245,4,111.11111111111111,6.259615384615385
CRD Fernando,Sri Lanka,2006/07,17,19,42,2,0,15,543,726,3,736,10,45.23809523809524,4.487603305785124
CRD Fernando,Asia XI,2007,1,0,0,0,0,4,34,61,0,128,1,0.0,3.3442622950819674
CRD Fernando,Sri Lanka,2007,3,0,4,0,0,6,66,155,0,241,3,0.0,2.5548387096774197
CRD Fernando,Sri Lanka,2007/08,4,35,49,3,0,11,123,216,0,441,2,71.42857142857143,3.4166666666666665
CRD Fernando,Sri Lanka,2008,5,12,13,2,0,5,181,229,2,245,3,92.3076923076923,4.742358078602621
CRD Fernando,Sri Lanka,2008/09,3,30,34,3,1,3,148,168,1,198,1,88.23529411764706,5.285714285714286
CRD Fernando,Sri Lanka,2009,1,0,0,0,0,1,62,60,0,49,1,0.0,6.2
CRD Fernando,Sri Lanka,2009/10,1,0,0,0,0,2,60,56,0,68,0,0.0,6.428571428571428
CRD Fernando,Sri Lanka,2010,5,6,14,0,0,7,180,246,1,280,2,42.857142857142854,4.390243902439025
CRD Fernando,Sri Lanka,2010/11,2,2,6,0,0,4,79,118,0,148,1,33.33333333333333,4.016949152542373
CRD Fernando,Sri Lanka,2011/12,6,0,5,0,0,7,269,332,0,301,1,0.0,4.86144578313253
CS Baugh,West Indies,2003,1,7,8,1,0,0,0,0,0,11,0,87.5,0.0
CS Baugh,West Indies,2003/04,1,2,6,0,0,0,0,0,1,16,0,33.33333333333333,0.0
CS Baugh,West Indies,2006,5,66,46,7,3,0,0,0,4,166,4,143.47826086956522,0.0
CS Baugh,West Indies,2006/07,9,40,85,4,0,0,0,0,6,144,5,47.05882352941176,0.0
CS Baugh,West Indies,2008/09,2,8,16,0,0,0,0,0,3,44,0,50.0,0.0
CS Baugh,West Indies,2010/11,2,77,94,5,0,0,0,0,3,141,0,81.91489361702128,0.0
CS Baugh,West Indies,2011,9,118,196,6,0,0,0,0,11,312,4,60.204081632653065,0.0
CS Baugh,West Indies,2011/12,5,64,112,7,1,0,0,0,6,187,2,57.14285714285714,0.0
CS MacLeod,Scotland,2009,2,2,4,0,0,3,60,100,0,128,0,50.0,3.5999999999999996
CS MacLeod,Scotland,2011,1,2,14,0,0,0,0,0,0,2,1,14.285714285714285,0.0
CS MacLeod,Scotland,2013,1,21,49,2,0,1,17,37,1,80,0,42.857142857142854,2.7567567567567566
CS MacLeod,Scotland,2013/14,2,192,166,15,6,1,18,35,0,414,2,115.66265060240963,3.085714285714286
CS MacLeod,Scotland,2014,4,154,184,22,0,0,33,32,2,312,1,83.69565217391305,6.1875
CS MacLeod,Scotland,2014/15,6,48,64,8,0,0,0,0,4,108,0,75.0,0.0
CS MacLeod,Scotland,2016,4,253,281,19,5,0,18,20,1,463,3,90.0355871886121,5.3999999999999995
CS MacLeod,Scotland,2016/17,2,12,24,2,0,0,15,21,1,35,0,50.0,4.285714285714286
CS MacLeod,Scotland,2017,2,71,101,9,0,0,21,30,0,131,1,70.29702970297029,4.2
CS MacLeod,Scotland,2017/18,9,237,304,26,2,0,185,186,4,481,3,77.96052631578947,5.967741935483871
CS MacLeod,Scotland,2019,5,57,113,8,0,1,30,55,5,176,3,50.442477876106196,3.272727272727273
CS MacLeod,Scotland,2019/20,3,165,201,13,3,0,38,45,3,309,1,82.08955223880598,5.066666666666666
CS MacLeod,Scotland,2021,6,115,245,10,0,1,9,30,2,211,4,46.93877551020408,1.8
CS MacLeod,Scotland,2022,15,686,820,73,10,1,114,183,20,1486,10,83.65853658536585,3.737704918032787
CS Martin,New Zealand,2007/08,10,2,3,0,0,7,398,518,4,435,6,66.66666666666666,4.61003861003861
CT Mumba,Zimbabwe,2016/17,1,1,5,0,0,0,31,24,1,17,0,20.0,7.75
CT Mumba,Zimbabwe,2017,1,2,2,0,0,0,34,40,0,15,0,100.0,5.1
CT Mumba,Zimbabwe,2019/20,3,17,18,1,1,6,172,162,0,228,0,94.44444444444444,6.37037037037037
CT Mumba,Zimbabwe,2020/21,2,12,31,0,0,1,78,57,0,50,0,38.70967741935484,8.210526315789474
CT Mutombodzi,Zimbabwe,2012/13,1,13,14,1,1,2,33,62,1,105,0,92.85714285714286,3.193548387096774
CT Mutombodzi,Zimbabwe,2013,2,12,12,0,1,0,87,80,0,42,0,100.0,6.5249999999999995
CT Mutombodzi,Zimbabwe,2015/16,4,32,44,2,0,2,53,79,1,138,2,72.72727272727273,4.025316455696203
CT Mutombodzi,Zimbabwe,2019/20,3,65,79,9,0,1,79,61,3,182,0,82.27848101265823,7.770491803278689
CT Tremlett,England,2005,2,8,18,0,0,1,77,98,0,67,1,44.44444444444444,4.714285714285714
CT Tremlett,England,2006/07,3,8,22,1,0,1,140,185,0,111,0,36.36363636363637,4.54054054054054
CT Tremlett,England,2007,2,19,10,1,1,2,122,110,1,120,1,190.0,6.654545454545455
CT Tremlett,England,2008,1,3,15,0,0,1,21,63,1,71,0,20.0,2.0
CT Tremlett,England,2010/11,6,12,26,0,1,6,277,313,2,290,2,46.15384615384615,5.3099041533546325
CW Perchard,Jersey,2023,4,31,35,1,2,6,163,216,0,279,1,88.57142857142857,4.527777777777778
CZ Harris,New Zealand,2002/03,7,117,178,10,0,2,128,211,1,311,3,65.73033707865169,3.6398104265402846
CZ Harris,New Zealand,2003,3,9,25,0,0,1,59,104,2,100,3,36.0,3.403846153846154
CZ Harris,New Zealand,2003/04,7,41,114,4,0,1,77,93,3,137,1,35.96491228070175,4.967741935483871
CZ Harris,New Zealand,2004,3,27,56,1,0,3,110,162,0,180,2,48.214285714285715,4.074074074074074
CZ Harris,New Zealand,2004/05,2,9,29,0,0,1,19,32,0,40,1,31.03448275862069,3.5625
Chirag Suri,United Arab Emirates,2017/18,3,47,89,4,0,0,0,0,1,72,0,52.80898876404494,0.0
Chirag Suri,United Arab Emirates,2018,1,65,93,7,1,0,0,0,0,111,1,69.89247311827957,0.0
Chirag Suri,United Arab Emirates,2018/19,3,4,35,1,0,0,0,0,1,10,1,11.428571428571429,0.0
Chirag Suri,United Arab Emirates,2019,3,58,105,4,1,0,0,0,1,92,0,55.23809523809524,0.0
Chirag Suri,United Arab Emirates,2019/20,6,159,258,13,3,0,0,0,0,239,3,61.627906976744185,0.0
Chirag Suri,United Arab Emirates,2021/22,11,390,559,43,7,0,0,0,4,740,7,69.76744186046511,0.0
Chirag Suri,United Arab Emirates,2022,7,196,318,22,1,0,0,0,3,344,2,61.63522012578616,0.0
Chirag Suri,United Arab Emirates,2022/23,2,5,15,1,0,0,0,0,0,6,1,33.33333333333333,0.0
D Bau,Papua New Guinea,2016/17,3,50,80,5,1,0,0,0,2,108,1,62.5,0.0
D Bau,Papua New Guinea,2017,2,46,92,3,0,0,0,0,1,67,1,50.0,0.0
D Bau,Papua New Guinea,2021/22,2,16,20,0,0,0,0,0,2,44,0,80.0,0.0
D Bau,Papua New Guinea,2022,2,18,30,2,0,0,0,0,0,26,0,60.0,0.0
D Birrell,Jersey,2023,2,0,1,0,0,1,48,66,1,54,1,0.0,4.363636363636363
D Bishoo,West Indies,2010/11,3,6,15,1,0,3,106,150,0,137,0,40.0,4.24
D Bishoo,West Indies,2011,8,4,12,1,0,13,299,443,1,498,2,33.33333333333333,4.049661399548533
D Bishoo,West Indies,2011/12,3,0,0,0,0,1,65,79,2,69,3,0.0,4.936708860759494
D Bishoo,West Indies,2016/17,4,22,34,3,0,6,155,196,1,261,0,64.70588235294117,4.744897959183674
D Bishoo,West Indies,2017,10,58,98,5,0,5,404,509,1,401,2,59.183673469387756,4.7622789783889985
D Bishoo,West Indies,2017/18,1,0,0,0,0,0,73,60,0,18,1,0.0,7.3
D Bishoo,West Indies,2018,3,29,42,3,0,2,126,187,1,171,1,69.04761904761905,4.042780748663102
D Bishoo,West Indies,2018/19,9,45,64,4,1,2,405,432,2,274,2,70.3125,5.625
D Cleaver,New Zealand,2022,1,32,37,3,0,0,0,0,2,64,1,86.48648648648648,0.0
D Daesrath,Canada,2013,2,31,59,3,1,0,0,0,2,69,0,52.54237288135594,0.0
D Elgar,South Africa,2012,4,93,160,4,0,2,65,98,3,231,2,58.12500000000001,3.979591836734694
D Elgar,South Africa,2015,1,0,0,0,0,0,0,0,1,8,1,0.0,0.0
D Elgar,South Africa,2015/16,1,5,2,1,0,0,0,0,0,9,1,250.0,0.0
D Elgar,South Africa,2018/19,2,6,19,1,0,0,0,0,1,18,2,31.57894736842105,0.0
D Foxcroft,New Zealand,2023,1,0,1,0,0,0,0,0,0,-3,1,0.0,0.0
D Gamage,Sri Lanka,2003,2,3,11,0,0,1,50,70,1,65,1,27.27272727272727,4.285714285714286
D Ganga,West Indies,2005/06,5,111,197,15,0,0,0,0,3,205,1,56.34517766497462,0.0
D Ganga,West Indies,2006/07,2,41,105,2,0,0,0,0,0,43,0,39.04761904761905,0.0
D Gough,England,2003,8,14,30,1,0,13,265,458,0,573,5,46.666666666666664,3.4716157205240177
D Gough,England,2003/04,2,3,2,0,0,1,81,85,1,66,0,150.0,5.7176470588235295
D Gough,England,2004,11,30,62,2,1,14,372,572,5,707,6,48.38709677419355,3.902097902097902
D Gough,England,2004/05,9,13,25,0,0,18,305,518,1,706,4,52.0,3.532818532818533
D Gough,England,2005,6,58,60,7,0,8,259,297,0,404,2,96.66666666666667,5.232323232323233
D Gough,England,2006,2,19,19,2,0,0,66,74,0,51,0,100.0,5.351351351351351
D Heyliger,Canada,2023,2,7,8,1,0,1,42,80,0,74,1,87.5,3.15
D Heyliger,Canada,2023/24,6,16,12,3,0,10,271,352,0,411,4,133.33333333333331,4.619318181818182
D Heyliger,Canada,2024,8,151,143,13,7,16,262,388,1,876,4,105.5944055944056,4.051546391752577
D Joseph,Canada,2002/03,4,13,27,1,0,5,154,202,0,229,1,48.148148148148145,4.574257425742575
D Keulder,Namibia,2002/03,6,132,221,11,0,0,0,0,3,211,0,59.72850678733032,0.0
D Khanal,Nepal,2021/22,2,72,93,4,3,0,6,6,1,125,0,77.41935483870968,6.0
D Khanal,Nepal,2022,8,181,302,13,1,0,14,12,5,305,2,59.93377483443708,7.0
D Khanal,Nepal,2023/24,5,76,87,7,2,0,0,0,4,169,3,87.35632183908046,0.0
D Lakshan,Sri Lanka,2021,1,2,9,0,0,0,12,12,0,6,0,22.22222222222222,6.0
D Langford-Smith,Ireland,2006,1,12,11,0,0,3,59,64,0,108,0,109.09090909090908,5.53125
D Langford-Smith,Ireland,2006/07,9,67,73,6,2,7,262,425,2,479,2,91.78082191780823,3.698823529411765
D Madushanka,Sri Lanka,2022/23,2,4,2,1,0,2,97,88,1,93,0,200.0,6.613636363636364
D Madushanka,Sri Lanka,2023,4,1,5,0,0,8,106,192,2,305,4,20.0,3.3125
D Madushanka,Sri Lanka,2023/24,13,31,69,4,0,27,577,617,3,1000,5,44.927536231884055,5.611021069692058
D Madushanka,Sri Lanka,2024/25,3,0,0,0,0,4,112,66,0,116,1,0.0,10.181818181818182
D Mohammed,West Indies,2006,2,0,0,0,0,5,73,115,0,185,2,0.0,3.808695652173913
D Mohammed,West Indies,2006/07,2,0,2,0,0,2,92,121,1,97,1,0.0,4.56198347107438
D Mongia,India,2002/03,13,134,247,9,1,5,132,196,6,422,9,54.25101214574899,4.040816326530613
D Mongia,India,2004/05,2,33,32,0,2,0,77,70,0,71,0,103.125,6.6000000000000005
D Mongia,India,2006/07,4,123,220,11,0,2,92,135,0,283,0,55.90909090909091,4.088888888888889
D Mongia,India,2007,2,34,41,4,0,2,106,108,0,134,2,82.92682926829268,5.888888888888889
D Murphy,Scotland,2013,2,9,28,0,0,0,0,0,3,57,0,32.142857142857146,0.0
D Myers,Zimbabwe,2021,4,93,146,9,0,0,0,0,2,149,1,63.6986301369863,0.0
D Myers,Zimbabwe,2024/25,3,45,48,8,0,0,0,0,1,91,1,93.75,0.0
D Olivier,South Africa,2018/19,2,0,0,0,0,3,121,117,0,113,1,0.0,6.205128205128205
D Padikkal,India,2021,1,0,0,0,0,0,0,0,2,16,1,0.0,0.0
D Parashar,United Arab Emirates,2024/25,4,58,89,4,2,5,93,192,0,320,1,65.1685393258427,2.90625
D Paterson,South Africa,2017/18,3,0,0,0,0,4,178,163,2,166,3,0.0,6.552147239263803
D Paterson,South Africa,2018/19,1,0,0,0,0,0,35,50,0,22,1,0.0,4.199999999999999
D Pretorius,South Africa,2016/17,9,86,82,7,3,12,301,389,3,632,7,104.8780487804878,4.6426735218509
D Pretorius,South Africa,2017,1,0,0,0,0,1,61,60,0,51,0,0.0,6.1
D Pretorius,South Africa,2017/18,2,0,1,0,0,4,93,123,0,139,2,0.0,4.536585365853658
D Pretorius,South Africa,2018/19,7,46,61,2,1,7,258,318,2,371,5,75.40983606557377,4.867924528301887
D Pretorius,South Africa,2019,3,3,8,0,0,5,92,140,1,206,2,37.5,3.942857142857143
D Pretorius,South Africa,2021/22,2,40,55,4,1,2,71,69,1,143,1,72.72727272727273,6.173913043478261
D Pretorius,South Africa,2022,2,17,25,1,0,4,61,55,4,175,1,68.0,6.654545454545455
D Ramdin,West Indies,2005,3,53,71,5,0,0,0,0,2,105,1,74.64788732394366,0.0
D Ramdin,West Indies,2005/06,5,92,98,10,0,0,0,0,7,236,1,93.87755102040816,0.0
D Ramdin,West Indies,2006,4,42,68,3,0,0,0,0,5,104,4,61.76470588235294,0.0
D Ramdin,West Indies,2006/07,14,164,202,18,1,0,0,0,20,452,5,81.1881188118812,0.0
D Ramdin,West Indies,2007,4,2,5,0,0,0,0,0,7,61,2,40.0,0.0
D Ramdin,West Indies,2007/08,8,50,63,3,0,0,0,0,13,207,2,79.36507936507937,0.0
D Ramdin,West Indies,2008,4,60,83,2,0,0,0,0,7,132,0,72.28915662650603,0.0
D Ramdin,West Indies,2008/09,7,53,81,5,0,0,0,0,4,115,2,65.4320987654321,0.0
D Ramdin,West Indies,2009,5,96,108,5,2,0,0,0,9,230,1,88.88888888888889,0.0
D Ramdin,West Indies,2009/10,9,125,198,9,0,0,0,0,13,275,3,63.13131313131313,0.0
D Ramdin,West Indies,2010,4,34,55,2,0,0,0,0,5,92,0,61.81818181818181,0.0
D Ramdin,West Indies,2011/12,8,168,223,16,0,0,0,0,10,354,3,75.33632286995515,0.0
D Ramdin,West Indies,2012,5,38,84,0,0,0,0,0,6,116,2,45.23809523809524,0.0
D Ramdin,West Indies,2012/13,1,24,27,2,0,0,0,0,0,32,1,88.88888888888889,0.0
D Ramdin,West Indies,2013,4,24,37,3,0,0,0,0,6,84,3,64.86486486486487,0.0
D Ramdin,West Indies,2013/14,8,168,183,16,5,0,0,0,12,430,4,91.80327868852459,0.0
D Ramdin,West Indies,2014,3,277,249,15,12,0,0,0,5,565,3,111.24497991967873,0.0
D Ramdin,West Indies,2014/15,15,313,384,23,5,0,0,0,19,667,5,81.51041666666666,0.0
D Ramdin,West Indies,2015/16,2,13,17,1,0,0,0,0,4,49,0,76.47058823529412,0.0
D Ramdin,West Indies,2016,7,197,284,11,5,0,0,0,7,375,3,69.36619718309859,0.0
D Ramdin,West Indies,2016/17,3,79,116,4,1,0,0,0,3,135,0,68.10344827586206,0.0
D Ravu,Papua New Guinea,2017/18,2,5,15,0,0,0,57,84,0,33,1,33.33333333333333,4.071428571428571
D Ravu,Papua New Guinea,2019,4,44,58,2,2,0,83,102,1,113,1,75.86206896551724,4.882352941176471
D Ravu,Papua New Guinea,2021,7,61,92,5,2,5,247,309,0,350,0,66.30434782608695,4.796116504854369
D Ravu,Papua New Guinea,2022,3,18,28,2,0,3,76,113,0,148,1,64.28571428571429,4.035398230088496
D Soraine,Canada,2007/08,2,3,10,0,0,1,35,55,1,55,0,30.0,3.8181818181818183
D Wiese,South Africa,2015,3,34,48,1,2,5,142,122,0,207,2,70.83333333333334,6.983606557377049
D Wiese,South Africa,2015/16,3,68,70,6,3,4,170,176,0,282,3,97.14285714285714,5.795454545454546
D Wiese,Namibia,2021/22,5,165,169,12,4,3,218,251,1,448,2,97.63313609467455,5.211155378486056
D Wiese,Namibia,2022,3,61,88,2,1,3,92,140,1,220,2,69.31818181818183,3.942857142857143
D la Cock,Namibia,2022,7,166,238,22,2,0,9,12,5,330,6,69.74789915966386,4.5
D la Cock,Namibia,2022/23,8,147,237,16,4,0,0,0,3,271,5,62.0253164556962,0.0
DA Gunawardene,Sri Lanka,2002/03,6,152,257,14,0,0,0,0,1,222,2,59.143968871595334,0.0
DA Gunawardene,Sri Lanka,2004,8,166,314,16,1,0,0,0,2,267,6,52.86624203821656,0.0
DA Gunawardene,Sri Lanka,2004/05,1,1,3,0,0,0,0,0,0,1,0,33.33333333333333,0.0
DA Gunawardene,Sri Lanka,2005/06,1,3,17,0,0,0,0,0,0,3,0,17.647058823529413,0.0
DA Marillier,Zimbabwe,2002/03,8,246,337,23,2,4,212,284,2,631,3,72.99703264094956,4.478873239436619
DA Marillier,Zimbabwe,2003,2,3,18,0,0,1,48,85,0,57,1,16.666666666666664,3.388235294117647
DA Miller,South Africa,2010,3,54,46,1,3,0,0,0,1,98,3,117.3913043478261,0.0
DA Miller,South Africa,2010/11,8,132,111,11,4,0,0,0,3,265,5,118.91891891891892,0.0
DA Miller,South Africa,2011/12,3,81,86,6,1,0,0,0,0,123,1,94.18604651162791,0.0
DA Miller,South Africa,2012/13,4,116,144,10,1,0,0,0,1,188,2,80.55555555555556,0.0
DA Miller,South Africa,2013,8,235,238,13,11,0,0,0,2,414,2,98.73949579831933,0.0
DA Miller,South Africa,2013/14,11,193,223,16,4,0,0,0,5,352,7,86.54708520179372,0.0
DA Miller,South Africa,2014,10,115,110,8,4,0,0,0,9,266,8,104.54545454545455,0.0
DA Miller,South Africa,2014/15,18,711,671,56,22,0,0,0,7,1306,9,105.9612518628912,0.0
DA Miller,South Africa,2015,5,108,139,9,0,0,0,0,3,178,2,77.6978417266187,0.0
DA Miller,South Africa,2015/16,6,74,90,8,0,0,0,0,7,167,4,82.22222222222221,0.0
DA Miller,South Africa,2016/17,10,401,347,33,14,0,0,0,7,789,8,115.56195965417868,0.0
DA Miller,South Africa,2017,5,176,193,7,7,0,0,0,4,318,1,91.19170984455958,0.0
DA Miller,South Africa,2017/18,6,107,134,8,3,0,0,0,2,186,2,79.8507462686567,0.0
DA Miller,South Africa,2018,4,85,83,6,2,0,0,0,3,159,3,102.40963855421687,0.0
DA Miller,South Africa,2018/19,11,334,350,28,6,0,0,0,6,624,8,95.42857142857143,0.0
DA Miller,South Africa,2019,4,136,160,8,1,0,0,0,0,190,0,85.0,0.0
DA Miller,South Africa,2019/20,5,173,158,11,5,0,0,0,2,299,4,109.49367088607596,0.0
DA Miller,South Africa,2021,4,124,112,9,3,0,0,0,1,216,1,110.71428571428572,0.0
DA Miller,South Africa,2021/22,5,148,152,13,5,0,0,0,2,278,2,97.36842105263158,0.0
DA Miller,South Africa,2022,2,36,27,6,0,0,0,0,3,84,1,133.33333333333331,0.0
DA Miller,South Africa,2022/23,8,349,292,23,14,0,0,0,2,633,5,119.52054794520548,0.0
DA Miller,South Africa,2023/24,17,546,530,40,27,0,0,0,13,1093,10,103.01886792452831,0.0
DA Miller,South Africa,2024/25,2,32,45,1,1,0,0,0,4,78,0,71.11111111111111,0.0
DA Minors,Bermuda,2006/07,8,104,176,10,4,0,0,0,8,251,1,59.09090909090909,0.0
DA Payne,England,2022,1,0,0,0,0,1,35,57,0,56,1,0.0,3.6842105263157894
DA Warner,Australia,2008/09,6,106,138,8,3,0,0,0,1,190,1,76.81159420289855,0.0
DA Warner,Australia,2011/12,19,770,900,77,7,0,0,0,5,1356,10,85.55555555555556,0.0
DA Warner,Australia,2012,7,150,249,18,3,0,8,6,2,268,2,60.24096385542169,8.0
DA Warner,Australia,2012/13,3,74,103,7,0,0,0,0,3,138,1,71.84466019417476,0.0
DA Warner,Australia,2013,1,9,21,1,0,0,0,0,0,11,0,42.857142857142854,0.0
DA Warner,Australia,2013/14,3,154,160,14,3,0,0,0,0,258,3,96.25,0.0
DA Warner,Australia,2014/15,19,582,605,68,11,0,0,0,12,1137,16,96.19834710743802,0.0
DA Warner,Australia,2015,3,144,148,13,3,0,0,0,1,260,3,97.2972972972973,0.0
DA Warner,Australia,2015/16,6,346,325,35,8,0,0,0,2,644,3,106.46153846153845,0.0
DA Warner,Australia,2016,8,309,358,27,3,0,0,0,4,561,6,86.31284916201118,0.0
DA Warner,Australia,2016/17,14,1100,992,123,18,0,0,0,11,2228,8,110.88709677419355,0.0
DA Warner,Australia,2017,3,79,85,8,1,0,0,0,1,129,0,92.94117647058823,0.0
DA Warner,Australia,2017/18,10,318,348,34,5,0,0,0,6,598,2,91.37931034482759,0.0
DA Warner,Australia,2019,9,558,624,58,8,0,0,0,4,1066,6,89.42307692307693,0.0
DA Warner,Australia,2019/20,7,277,287,35,4,0,0,0,2,545,2,96.51567944250871,0.0
DA Warner,Australia,2020,3,36,59,3,0,0,0,0,1,56,2,61.016949152542374,0.0
DA Warner,Australia,2020/21,2,152,156,13,3,0,0,0,0,260,2,97.43589743589743,0.0
DA Warner,Australia,2022,10,344,398,47,4,0,0,0,5,657,6,86.4321608040201,0.0
DA Warner,Australia,2022/23,4,231,238,21,3,0,0,0,1,409,4,97.05882352941177,0.0
DA Warner,Australia,2023/24,18,884,780,91,38,0,0,0,9,1841,11,113.33333333333333,0.0
DAJ Bracewell,New Zealand,2011/12,5,9,22,0,0,6,221,278,0,278,4,40.909090909090914,4.76978417266187
DAJ Bracewell,New Zealand,2012,1,5,9,0,0,1,57,61,0,58,0,55.55555555555556,5.606557377049181
DAJ Bracewell,New Zealand,2013,1,0,0,0,0,1,54,49,1,53,1,0.0,6.612244897959184
DAJ Bracewell,New Zealand,2015,2,13,19,1,0,4,82,123,0,166,1,68.42105263157895,4.0
DAJ Bracewell,New Zealand,2015/16,4,32,40,2,0,5,126,166,0,244,3,80.0,4.554216867469879
DAJ Bracewell,New Zealand,2016/17,2,15,48,0,0,1,43,49,1,68,1,31.25,5.26530612244898
DAJ Bracewell,New Zealand,2017/18,2,5,2,1,0,4,71,81,1,155,2,250.0,5.2592592592592595
DAJ Bracewell,New Zealand,2018/19,3,79,79,7,3,1,122,143,0,220,0,100.0,5.118881118881119
DAJ Bracewell,New Zealand,2021/22,2,63,60,3,4,3,38,89,1,237,2,105.0,2.561797752808989
DAJ Bracewell,New Zealand,2022/23,1,0,0,0,0,0,0,0,1,8,1,0.0,0.0
DAS Gunaratne,Sri Lanka,2016/17,12,319,369,31,4,10,288,370,4,949,4,86.44986449864498,4.6702702702702705
DAS Gunaratne,Sri Lanka,2017,8,153,194,11,2,7,266,307,1,536,3,78.8659793814433,5.198697068403909
DAS Gunaratne,Sri Lanka,2017/18,6,86,148,7,0,4,108,115,1,257,2,58.108108108108105,5.634782608695652
DAS Gunaratne,Sri Lanka,2018/19,2,17,32,1,0,0,45,54,0,37,0,53.125,5.0
DB Kotze,Namibia,2002/03,6,82,135,3,1,2,253,285,3,275,0,60.74074074074074,5.326315789473684
DBL Powell,West Indies,2003,1,0,0,0,0,0,34,57,0,21,1,0.0,3.5789473684210527
DBL Powell,West Indies,2005,4,6,12,0,0,2,128,213,1,152,1,50.0,3.6056338028169015
DBL Powell,West Indies,2006/07,13,57,63,2,3,19,538,742,3,915,6,90.47619047619048,4.350404312668464
DBL Powell,West Indies,2007,4,1,8,0,0,8,155,227,1,310,2,12.5,4.096916299559471
DBL Powell,West Indies,2007/08,9,1,3,0,0,10,343,485,1,456,3,33.33333333333333,4.243298969072165
DBL Powell,West Indies,2008,4,33,41,2,2,3,176,218,2,230,0,80.48780487804879,4.844036697247706
DBL Powell,West Indies,2008/09,4,7,12,0,0,7,144,194,2,280,0,58.333333333333336,4.45360824742268
DC Drakes,West Indies,2023,3,11,18,0,0,2,54,125,1,135,2,61.111111111111114,2.592
DC Thomas,West Indies,2009,2,29,37,2,0,2,9,9,3,122,0,78.37837837837837,6.0
DC Thomas,West Indies,2010/11,7,41,79,3,0,0,0,0,7,150,3,51.89873417721519,0.0
DC Thomas,West Indies,2012,2,57,75,4,1,0,0,0,2,117,2,76.0,0.0
DC Thomas,West Indies,2012/13,10,111,188,10,1,0,0,0,11,259,2,59.04255319148937,0.0
DCC Borden,Bermuda,2006/07,4,23,84,2,0,2,86,82,0,97,0,27.380952380952383,6.2926829268292686
DD Ebrahim,Zimbabwe,2002/03,9,124,227,7,0,0,5,2,3,181,3,54.62555066079295,15.0
DD Ebrahim,Zimbabwe,2003,4,75,156,8,0,0,0,0,2,125,1,48.07692307692308,0.0
DD Ebrahim,Zimbabwe,2003/04,3,71,98,5,0,0,0,0,0,95,1,72.44897959183673,0.0
DD Ebrahim,Zimbabwe,2004,6,78,176,4,0,0,0,0,2,118,0,44.31818181818182,0.0
DD Ebrahim,Zimbabwe,2004/05,7,207,393,12,0,0,0,0,2,280,1,52.67175572519084,0.0
DDP D'Silva,United Arab Emirates,2019/20,6,53,123,8,0,6,106,194,1,334,3,43.08943089430895,3.2783505154639174
DE Bernard,West Indies,2003,3,7,14,0,0,1,23,29,1,56,2,50.0,4.758620689655173
DE Bernard,West Indies,2009,6,80,117,6,0,6,227,301,3,391,1,68.37606837606837,4.524916943521595
DE Bernard,West Indies,2009/10,5,41,85,3,0,3,125,189,0,228,2,48.23529411764706,3.9682539682539684
DE Bernard,West Indies,2010,2,13,9,1,0,0,53,56,2,51,0,144.44444444444443,5.678571428571428
DE Bollinger,Australia,2009,3,0,0,0,0,5,93,161,0,208,2,0.0,3.4658385093167703
DE Bollinger,Australia,2009/10,17,1,3,0,0,28,580,859,3,1146,13,33.33333333333333,4.051222351571595
DE Bollinger,Australia,2010,6,3,3,0,0,9,196,318,0,366,3,100.0,3.69811320754717
DE Bollinger,Australia,2010/11,6,36,34,4,0,8,261,316,2,397,5,105.88235294117648,4.955696202531646
DE Bollinger,Australia,2011,4,4,9,0,0,9,131,211,3,348,3,44.44444444444444,3.7251184834123223
DE Bollinger,Australia,2011/12,3,6,5,1,0,3,125,150,1,150,2,120.0,5.0
DE Budge,Scotland,2019/20,2,51,62,3,0,1,25,37,0,108,0,82.25806451612904,4.0540540540540535
DE Budge,Scotland,2021,5,102,135,8,0,0,19,30,5,204,4,75.55555555555556,3.8
DE Budge,Scotland,2022,8,84,114,6,1,0,65,86,3,177,6,73.68421052631578,4.534883720930233
DES Maxwell,Canada,2006/07,3,54,45,2,3,0,0,0,0,94,2,120.0,0.0
DF Watts,Scotland,2006/07,3,91,141,9,2,0,0,0,0,147,1,64.53900709219859,0.0
DF Watts,Scotland,2007,2,25,72,2,0,0,0,0,0,25,0,34.72222222222222,0.0
DF Watts,Scotland,2008,2,14,25,2,0,0,0,0,0,19,1,56.00000000000001,0.0
DF Watts,Scotland,2011,1,0,2,0,0,0,0,0,0,-3,1,0.0,0.0
DG Blampied,Jersey,2023,3,7,13,1,0,0,76,79,0,38,1,53.84615384615385,5.772151898734178
DG Brownlie,New Zealand,2011/12,2,21,30,2,0,0,0,0,1,37,2,70.0,0.0
DG Brownlie,New Zealand,2012,2,1,14,0,0,0,0,0,1,9,1,7.142857142857142,0.0
DG Brownlie,New Zealand,2014/15,6,181,236,24,1,0,0,0,3,319,3,76.69491525423729,0.0
DG Brownlie,New Zealand,2016/17,6,158,220,20,0,0,0,0,2,280,3,71.81818181818181,0.0
DI Allan,Kenya,2011/12,2,18,48,2,0,0,13,18,1,38,1,37.5,4.333333333333333
DI Joyce,Ireland,2006,1,0,5,0,0,0,0,0,1,5,0,0.0,0.0
DI Joyce,Ireland,2007,2,29,56,4,0,0,0,0,0,43,0,51.78571428571429,0.0
DJ Bravo,West Indies,2003/04,1,33,43,3,0,0,24,31,0,59,1,76.74418604651163,4.64516129032258
DJ Bravo,West Indies,2004,11,29,85,2,0,15,417,576,4,677,9,34.11764705882353,4.34375
DJ Bravo,West Indies,2004/05,3,46,55,3,1,3,121,125,2,202,0,83.63636363636363,5.808000000000001
DJ Bravo,West Indies,2005,4,98,162,5,0,2,117,128,1,224,0,60.49382716049383,5.484375
DJ Bravo,West Indies,2005/06,2,41,52,2,0,0,0,0,0,53,1,78.84615384615384,0.0
DJ Bravo,West Indies,2006,8,159,156,11,1,12,220,337,4,736,8,101.92307692307692,3.9169139465875373
DJ Bravo,West Indies,2006/07,22,352,486,34,4,27,746,899,8,1662,12,72.42798353909465,4.9788654060066735
DJ Bravo,West Indies,2007,3,71,59,10,0,3,72,110,1,250,2,120.33898305084745,3.9272727272727277
DJ Bravo,West Indies,2007/08,11,167,211,11,5,15,306,397,4,828,4,79.14691943127961,4.624685138539043
DJ Bravo,West Indies,2008,5,87,127,7,1,5,258,291,2,368,0,68.50393700787401,5.319587628865979
DJ Bravo,West Indies,2008/09,5,122,144,9,4,8,165,218,4,521,2,84.72222222222221,4.541284403669724
DJ Bravo,West Indies,2009,5,98,123,9,3,8,184,218,2,459,1,79.67479674796748,5.064220183486238
DJ Bravo,West Indies,2009/10,3,30,34,2,0,7,76,162,0,301,3,88.23529411764706,2.814814814814815
DJ Bravo,West Indies,2010,5,174,194,9,4,8,247,279,0,551,0,89.69072164948454,5.311827956989247
DJ Bravo,West Indies,2010/11,3,111,140,3,5,3,97,105,0,282,0,79.28571428571428,5.542857142857143
DJ Bravo,West Indies,2011,7,84,117,2,2,4,220,282,1,329,2,71.7948717948718,4.680851063829787
DJ Bravo,West Indies,2011/12,5,94,130,8,2,6,193,228,3,402,2,72.3076923076923,5.078947368421052
DJ Bravo,West Indies,2012,7,161,234,14,3,4,218,246,4,487,4,68.80341880341881,5.317073170731708
DJ Bravo,West Indies,2012/13,7,146,174,10,4,8,271,292,1,546,2,83.9080459770115,5.568493150684931
DJ Bravo,West Indies,2013,10,184,242,18,4,13,389,394,7,836,3,76.03305785123968,5.9238578680203045
DJ Bravo,West Indies,2013/14,11,432,478,40,10,18,452,528,9,1476,5,90.3765690376569,5.136363636363637
DJ Bravo,West Indies,2014,3,14,17,2,0,5,58,78,0,182,3,82.35294117647058,4.461538461538462
DJ Bravo,West Indies,2014/15,3,27,43,5,0,3,122,128,1,170,1,62.7906976744186,5.71875
DJ Cullen,Australia,2005/06,3,0,0,0,0,1,95,167,2,118,3,0.0,3.413173652694611
DJ Cullen,Australia,2006/07,1,0,0,0,0,0,30,40,0,19,0,0.0,4.5
DJ Hooda,India,2021/22,2,55,59,4,0,1,21,25,1,122,2,93.22033898305084,5.04
DJ Hooda,India,2022,5,86,109,6,1,2,92,129,1,237,5,78.89908256880734,4.27906976744186
DJ Hooda,India,2022/23,2,12,26,0,0,0,0,0,1,18,0,46.15384615384615,0.0
DJ Hussey,Australia,2008,5,137,121,5,7,1,35,42,4,299,5,113.22314049586777,5.0
DJ Hussey,Australia,2008/09,15,340,460,26,0,1,181,207,4,613,5,73.91304347826086,5.246376811594203
DJ Hussey,Australia,2009,2,10,22,0,0,0,0,0,4,40,2,45.45454545454545,0.0
DJ Hussey,Australia,2010/11,9,288,317,21,5,9,165,194,4,803,7,90.85173501577287,5.103092783505154
DJ Hussey,Australia,2011,5,54,68,6,1,2,63,81,1,173,3,79.41176470588235,4.666666666666667
DJ Hussey,Australia,2011/12,16,548,585,40,7,4,106,129,8,1064,8,93.67521367521367,4.930232558139535
DJ Hussey,Australia,2012,7,167,207,11,3,0,93,108,3,304,2,80.67632850241546,5.166666666666667
DJ Hussey,Australia,2012/13,5,128,132,13,1,0,24,30,1,230,2,96.96969696969697,4.8
DJ Malan,England,2019,1,24,30,3,0,0,0,0,0,36,1,80.0,0.0
DJ Malan,England,2020/21,2,66,76,7,0,0,0,0,0,106,1,86.8421052631579,0.0
DJ Malan,England,2021,3,68,85,8,0,0,0,0,3,130,3,80.0,0.0
DJ Malan,England,2022,3,161,170,10,4,1,5,4,2,336,3,94.70588235294117,7.5
DJ Malan,England,2022/23,9,450,498,37,15,0,12,11,2,859,3,90.36144578313254,6.545454545454546
DJ Malan,England,2023,3,277,270,35,4,0,0,0,0,541,2,102.5925925925926,0.0
DJ Malan,England,2023/24,8,372,375,46,9,0,0,0,4,754,3,99.2,0.0
DJ Mitchell,New Zealand,2020/21,2,112,99,11,2,0,32,31,0,220,2,113.13131313131312,6.193548387096774
DJ Mitchell,New Zealand,2022,7,250,295,24,4,1,13,24,3,461,3,84.7457627118644,3.25
DJ Mitchell,New Zealand,2022/23,10,170,229,9,4,10,131,163,6,603,5,74.235807860262,4.822085889570552
DJ Mitchell,New Zealand,2023,8,493,503,36,12,2,73,76,5,988,1,98.01192842942345,5.7631578947368425
DJ Mitchell,New Zealand,2023/24,9,551,504,48,22,0,12,9,9,1136,4,109.32539682539681,8.0
DJ Mitchell,New Zealand,2024/25,2,40,43,3,1,0,13,12,2,84,1,93.02325581395348,6.5
DJ Reekers,Netherlands,2006/07,4,38,36,8,0,3,124,143,1,222,2,105.55555555555556,5.202797202797203
DJ Reekers,Netherlands,2008,1,0,2,0,0,0,0,0,1,5,0,0.0,0.0
DJ Willey,England,2015,6,27,29,2,1,12,273,296,1,471,3,93.10344827586206,5.533783783783783
DJ Willey,England,2015/16,7,31,38,0,1,7,247,291,3,352,5,81.57894736842105,5.092783505154639
DJ Willey,England,2016,7,17,35,0,0,10,335,381,3,452,4,48.57142857142857,5.275590551181103
DJ Willey,England,2016/17,5,24,43,1,1,3,156,181,6,217,2,55.81395348837209,5.171270718232044
DJ Willey,England,2017,5,28,43,3,0,3,165,147,2,179,4,65.11627906976744,6.73469387755102
DJ Willey,England,2017/18,3,13,16,1,0,1,75,124,1,110,2,81.25,3.629032258064516
DJ Willey,England,2018,7,98,88,12,2,12,283,328,2,616,6,111.36363636363636,5.176829268292683
DJ Willey,England,2019,4,34,50,3,1,4,215,219,1,239,4,68.0,5.890410958904109
DJ Willey,England,2020,3,98,89,8,5,8,140,180,1,483,2,110.1123595505618,4.666666666666667
DJ Willey,England,2021,3,0,0,0,0,9,130,176,1,311,2,0.0,4.431818181818182
DJ Willey,England,2022,8,101,113,7,4,11,240,325,1,579,5,89.38053097345133,4.430769230769231
DJ Willey,England,2022/23,4,60,65,8,0,4,187,201,2,278,0,92.3076923076923,5.582089552238806
DJ Willey,England,2023,3,47,24,4,3,5,88,109,0,255,2,195.83333333333331,4.844036697247706
DJ Willey,England,2023/24,6,78,69,7,6,11,251,314,1,558,2,113.04347826086956,4.796178343949045
DJ Worrall,Australia,2016/17,4,6,4,1,0,1,167,162,2,102,1,150.0,6.185185185185185
DJG Sammy,West Indies,2004,1,0,0,0,0,1,17,38,3,69,1,0.0,2.6842105263157894
DJG Sammy,West Indies,2007/08,8,88,93,4,4,3,348,401,3,379,2,94.6236559139785,5.2069825436408985
DJG Sammy,West Indies,2008,4,48,69,3,0,4,86,120,0,207,0,69.56521739130434,4.3
DJG Sammy,West Indies,2008/09,5,24,34,1,0,1,172,236,4,189,2,70.58823529411765,4.372881355932203
DJG Sammy,West Indies,2009,4,105,103,11,2,4,135,208,3,375,0,101.94174757281553,3.8942307692307696
DJG Sammy,West Indies,2009/10,10,132,168,11,5,14,339,549,4,838,4,78.57142857142857,3.7049180327868854
DJG Sammy,West Indies,2010,5,93,69,4,8,0,133,141,1,226,0,134.7826086956522,5.659574468085107
DJG Sammy,West Indies,2010/11,10,82,78,5,4,8,305,393,3,523,3,105.12820512820514,4.656488549618321
DJG Sammy,West Indies,2011,10,80,93,7,4,7,395,509,4,541,4,86.02150537634408,4.656188605108055
DJG Sammy,West Indies,2011/12,12,210,158,18,13,7,328,391,4,760,4,132.91139240506328,5.033248081841432
DJG Sammy,West Indies,2012,7,98,93,5,5,5,235,350,7,487,4,105.3763440860215,4.0285714285714285
DJG Sammy,West Indies,2012/13,10,165,235,14,5,11,295,403,5,740,2,70.2127659574468,4.392059553349876
DJG Sammy,West Indies,2013,11,170,165,11,11,5,321,507,7,711,3,103.03030303030303,3.798816568047337
DJG Sammy,West Indies,2013/14,8,237,208,17,14,3,206,234,2,610,4,113.9423076923077,5.282051282051282
DJG Sammy,West Indies,2014,1,10,10,1,0,0,0,0,3,42,1,100.0,0.0
DJG Sammy,West Indies,2014/15,14,311,350,32,9,4,388,411,5,831,5,88.85714285714286,5.664233576642336
DJM Short,Australia,2018,4,83,101,7,1,0,59,42,2,151,0,82.17821782178217,8.428571428571429
DJM Short,Australia,2018/19,1,0,2,0,0,0,0,0,0,-3,0,0.0,0.0
DJM Short,Australia,2019/20,4,128,171,9,0,0,55,48,1,202,1,74.85380116959064,6.875
DK Butler,West Indies,2005,2,13,21,3,0,2,56,108,0,129,1,61.904761904761905,3.111111111111111
DK Butler,West Indies,2005/06,2,3,3,0,0,0,91,99,0,34,0,100.0,5.515151515151516
DL Blake,United States of America,2004,2,0,2,0,0,0,7,6,1,7,0,0.0,7.0
DL Chahar,India,2019/20,2,6,8,0,0,1,90,104,0,73,1,75.0,5.1923076923076925
DL Chahar,India,2021,2,69,88,7,1,4,85,95,1,262,2,78.4090909090909,5.368421052631579
DL Chahar,India,2021/22,2,92,76,9,4,4,86,104,0,312,1,121.05263157894737,4.961538461538462
DL Chahar,India,2022,2,1,1,0,0,5,99,105,0,162,2,100.0,5.6571428571428575
DL Chahar,India,2022/23,3,23,31,0,3,1,72,98,0,101,0,74.19354838709677,4.408163265306123
DL Hemp,Bermuda,2006/07,8,248,332,30,3,0,70,63,1,460,1,74.69879518072288,6.666666666666667
DL Hemp,Bermuda,2007/08,3,20,66,2,0,0,0,0,0,19,0,30.303030303030305,0.0
DL Vettori,New Zealand,2002/03,12,61,113,6,0,3,334,519,2,380,9,53.98230088495575,3.861271676300578
DL Vettori,New Zealand,2003,3,0,0,0,0,7,64,174,1,293,3,0.0,2.206896551724138
DL Vettori,New Zealand,2003/04,9,37,50,3,0,9,290,338,3,406,3,74.0,5.14792899408284
DL Vettori,New Zealand,2004,4,35,51,1,0,9,95,183,0,369,3,68.62745098039215,3.1147540983606556
DL Vettori,New Zealand,2004/05,4,45,54,3,0,8,104,205,0,345,2,83.33333333333334,3.0439024390243903
DL Vettori,New Zealand,2005,2,47,48,3,0,3,77,121,0,184,2,97.91666666666666,3.818181818181818
DL Vettori,ICC World XI,2005/06,2,10,13,0,0,1,87,121,0,76,0,76.92307692307693,4.314049586776859
DL Vettori,New Zealand,2005/06,11,74,104,5,0,11,370,621,6,677,7,71.15384615384616,3.57487922705314
DL Vettori,New Zealand,2006/07,26,222,282,21,0,34,1011,1478,7,1836,14,78.72340425531915,4.104194857916102
DL Vettori,New Zealand,2007/08,13,90,92,7,1,18,411,705,1,916,7,97.82608695652173,3.497872340425532
DL Vettori,New Zealand,2008,5,32,47,4,0,5,158,255,4,313,3,68.08510638297872,3.7176470588235295
DL Vettori,New Zealand,2008/09,11,41,32,3,0,9,337,495,5,544,4,128.125,4.084848484848485
DL Vettori,New Zealand,2009,2,35,58,1,0,3,64,108,0,158,0,60.3448275862069,3.5555555555555554
DL Vettori,New Zealand,2009/10,14,363,369,28,5,23,480,773,5,1515,9,98.3739837398374,3.725743855109961
DL Vettori,New Zealand,2010/11,15,210,281,14,1,14,505,796,5,1002,4,74.73309608540926,3.8065326633165832
DL Vettori,New Zealand,2013,3,5,17,0,0,2,66,126,1,123,1,29.411764705882355,3.142857142857143
DL Vettori,New Zealand,2014/15,18,143,134,19,1,16,698,978,8,1075,12,106.71641791044777,4.282208588957055
DLS van Bunge,Netherlands,2002/03,4,134,249,14,1,5,64,61,1,367,0,53.81526104417671,6.2950819672131155
DLS van Bunge,Netherlands,2006/07,6,104,138,10,3,1,114,93,2,257,3,75.36231884057972,7.354838709677419
DLS van Bunge,Netherlands,2008,1,34,91,1,1,0,0,0,0,44,0,37.362637362637365,0.0
DLS van Bunge,Netherlands,2013,2,21,41,2,0,0,0,0,0,27,0,51.21951219512195,0.0
DM Bravo,West Indies,2009,2,40,31,5,0,0,0,0,1,68,0,129.03225806451613,0.0
DM Bravo,West Indies,2009/10,1,14,36,1,0,0,0,0,0,14,1,38.88888888888889,0.0
DM Bravo,West Indies,2010,3,63,85,3,1,0,0,0,1,95,0,74.11764705882354,0.0
DM Bravo,West Indies,2010/11,10,265,384,21,8,0,0,0,0,427,3,69.01041666666666,0.0
DM Bravo,West Indies,2011,7,252,388,15,8,0,0,0,1,404,3,64.94845360824742,0.0
DM Bravo,West Indies,2011/12,11,168,291,19,0,0,0,0,4,288,5,57.73195876288659,0.0
DM Bravo,West Indies,2012,1,8,13,1,0,0,0,0,0,12,0,61.53846153846154,0.0
DM Bravo,West Indies,2012/13,12,481,680,44,7,0,0,0,4,837,4,70.73529411764706,0.0
DM Bravo,West Indies,2013,12,294,481,28,2,0,0,0,7,509,4,61.12266112266113,0.0
DM Bravo,West Indies,2013/14,8,206,281,22,5,0,0,0,4,392,4,73.30960854092527,0.0
DM Bravo,West Indies,2014,3,184,231,10,9,0,0,0,0,330,3,79.65367965367966,0.0
DM Bravo,West Indies,2014/15,5,143,227,13,1,0,0,0,3,241,2,62.99559471365639,0.0
DM Bravo,West Indies,2015/16,3,63,104,4,1,0,0,0,0,89,0,60.57692307692307,0.0
DM Bravo,West Indies,2016,7,222,347,25,5,0,0,0,1,408,3,63.976945244956774,0.0
DM Bravo,West Indies,2016/17,3,90,146,5,4,0,0,0,2,158,0,61.64383561643836,0.0
DM Bravo,West Indies,2018/19,7,189,274,10,9,0,0,0,1,311,3,68.97810218978103,0.0
DM Bravo,West Indies,2019,8,55,75,3,2,0,0,0,3,100,3,73.33333333333333,0.0
DM Bravo,West Indies,2019/20,3,63,89,4,2,0,0,0,1,103,0,70.78651685393258,0.0
DM Bravo,West Indies,2020/21,3,149,192,7,6,0,0,0,0,263,3,77.60416666666666,0.0
DM Bravo,West Indies,2021,3,20,51,0,1,0,0,0,0,21,1,39.21568627450981,0.0
DM Bravo,West Indies,2021/22,3,38,69,6,0,0,0,0,1,70,0,55.072463768115945,0.0
DM Dupavillon,South Africa,2019/20,1,0,0,0,0,1,20,37,0,41,1,0.0,3.243243243243243
DM Dupavillon,South Africa,2021,1,17,10,2,1,0,30,30,0,41,0,170.0,6.0
DM Richards,West Indies,2009,3,21,43,3,0,0,0,0,3,57,0,48.837209302325576,0.0
DM Richards,West Indies,2009/10,1,1,4,0,0,0,0,0,0,1,0,25.0,0.0
DM Richards,West Indies,2010,4,157,213,18,3,0,0,0,3,299,0,73.70892018779342,0.0
DM de Silva,Sri Lanka,2016,5,131,187,15,0,3,97,114,0,330,1,70.05347593582889,5.105263157894737
DM de Silva,Sri Lanka,2016/17,10,200,268,23,0,1,105,114,6,442,3,74.6268656716418,5.526315789473684
DM de Silva,Sri Lanka,2017,1,1,6,0,0,0,3,6,1,11,0,16.666666666666664,3.0
DM de Silva,Sri Lanka,2018,4,124,124,11,4,4,114,123,6,407,2,100.0,5.560975609756097
DM de Silva,Sri Lanka,2018/19,9,199,274,19,3,6,232,265,4,581,1,72.62773722627736,5.252830188679246
DM de Silva,Sri Lanka,2019,10,133,200,11,0,7,300,375,2,496,6,66.5,4.8
DM de Silva,Sri Lanka,2019/20,3,81,85,9,0,0,29,48,1,159,3,95.29411764705881,3.625
DM de Silva,Sri Lanka,2021,11,304,432,28,0,6,228,275,7,758,4,70.37037037037037,4.974545454545455
DM de Silva,Sri Lanka,2022,4,126,137,13,1,4,114,150,2,374,3,91.97080291970804,4.56
DM de Silva,Sri Lanka,2022/23,4,60,65,11,0,2,41,49,1,181,0,92.3076923076923,5.020408163265307
DM de Silva,Sri Lanka,2023,12,225,296,20,3,2,225,302,3,553,10,76.01351351351352,4.470198675496689
DM de Silva,Sri Lanka,2023/24,7,126,160,12,4,0,149,130,4,285,2,78.75,6.8769230769230765
DN Wellalage,Sri Lanka,2022,5,43,73,2,1,9,198,225,3,380,3,58.9041095890411,5.28
DN Wellalage,Sri Lanka,2022/23,3,35,51,3,1,0,76,61,1,80,0,68.62745098039215,7.475409836065574
DN Wellalage,Sri Lanka,2023,5,53,72,3,1,7,141,230,1,357,3,73.61111111111111,3.678260869565217
DN Wellalage,Sri Lanka,2023/24,5,28,62,1,0,2,270,275,2,183,1,45.16129032258064,5.890909090909091
DN Wellalage,Sri Lanka,2024,3,108,105,8,4,7,107,121,1,429,2,102.85714285714285,5.305785123966942
DN Wellalage,Sri Lanka,2024/25,3,18,17,3,0,1,100,128,2,117,3,105.88235294117648,4.6875
DNT Zoysa,Sri Lanka,2003/04,1,1,5,0,0,1,37,51,2,65,0,20.0,4.352941176470588
DNT Zoysa,Sri Lanka,2004,7,24,29,1,0,13,199,383,0,551,5,82.75862068965517,3.117493472584856
DNT Zoysa,Sri Lanka,2004/05,3,0,0,0,0,2,61,113,0,103,2,0.0,3.2389380530973453
DNT Zoysa,Sri Lanka,2005,1,9,15,2,0,0,41,50,0,33,0,60.0,4.92
DNT Zoysa,Sri Lanka,2005/06,4,2,6,0,0,5,151,153,0,174,1,33.33333333333333,5.921568627450981
DO Leicher,Namibia,2024,1,32,31,2,2,1,52,57,1,114,0,103.2258064516129,5.473684210526316
DO Obuya,Kenya,2002/03,6,80,140,8,1,0,0,0,7,177,1,57.14285714285714,0.0
DO Obuya,Kenya,2006/07,3,34,49,2,1,0,0,0,1,60,1,69.38775510204081,0.0
DO Obuya,Kenya,2007/08,5,43,91,6,0,0,0,0,2,81,5,47.25274725274725,0.0
DO Obuya,Kenya,2008,1,13,19,2,0,0,0,0,0,21,0,68.42105263157895,0.0
DO Obuya,Kenya,2008/09,1,35,64,0,1,0,0,0,0,45,0,54.6875,0.0
DO Obuya,Kenya,2009,1,2,8,0,0,0,0,0,0,2,0,25.0,0.0
DO Obuya,Kenya,2010/11,4,65,134,5,0,0,0,0,2,108,0,48.507462686567166,0.0
DO Obuya,Kenya,2011/12,2,30,78,2,0,0,0,0,3,58,1,38.46153846153847,0.0
DOD Rikhi,United States of America,2021,1,3,6,0,0,0,0,0,1,11,0,50.0,0.0
DP Conway,New Zealand,2020/21,3,225,260,26,0,0,0,0,3,431,3,86.53846153846155,0.0
DP Conway,New Zealand,2022,6,138,212,15,1,0,0,0,0,214,2,65.09433962264151,0.0
DP Conway,New Zealand,2022/23,8,370,394,42,10,0,0,0,6,769,3,93.90862944162437,0.0
DP Conway,New Zealand,2023,4,141,180,17,1,0,0,0,2,271,1,78.33333333333333,0.0
DP Conway,New Zealand,2023/24,9,352,364,51,4,0,0,0,6,735,4,96.7032967032967,0.0
DP Hyatt,West Indies,2011,2,2,10,0,0,0,0,0,0,2,1,20.0,0.0
DP Hyatt,West Indies,2011/12,7,110,179,8,6,0,0,0,1,197,3,61.452513966480446,0.0
DPMD Jayawardene,Sri Lanka,2002/03,13,160,245,10,0,0,7,13,4,249,5,65.3061224489796,3.230769230769231
DPMD Jayawardene,Sri Lanka,2003,4,119,242,3,0,0,0,0,3,163,1,49.17355371900827,0.0
DPMD Jayawardene,Sri Lanka,2003/04,4,124,204,8,0,0,0,0,3,200,2,60.78431372549019,0.0
DPMD Jayawardene,Sri Lanka,2004,9,190,266,16,1,0,15,19,9,347,7,71.42857142857143,4.736842105263158
DPMD Jayawardene,Sri Lanka,2004/05,2,67,80,5,0,0,0,0,0,91,1,83.75,0.0
DPMD Jayawardene,Asia XI,2005,1,0,4,0,0,0,0,0,1,5,0,0.0,0.0
DPMD Jayawardene,Sri Lanka,2005,3,88,85,12,1,0,0,0,1,166,2,103.5294117647059,0.0
DPMD Jayawardene,Sri Lanka,2005/06,23,613,793,56,1,0,15,12,11,1032,7,77.30138713745272,7.5
DPMD Jayawardene,Sri Lanka,2006,5,328,341,34,2,0,0,0,3,614,5,96.18768328445748,0.0
DPMD Jayawardene,Sri Lanka,2006/07,24,812,1033,77,11,0,0,0,13,1454,15,78.60600193610843,0.0
DPMD Jayawardene,Asia XI,2007,3,217,213,20,4,0,15,17,1,394,3,101.87793427230048,5.294117647058823
DPMD Jayawardene,Sri Lanka,2007,3,29,54,2,0,0,0,0,4,65,3,53.70370370370371,0.0
DPMD Jayawardene,Sri Lanka,2007/08,14,289,442,24,2,0,0,0,11,529,3,65.38461538461539,0.0
DPMD Jayawardene,Sri Lanka,2008,11,362,481,35,1,0,0,0,12,670,7,75.25987525987526,0.0
DPMD Jayawardene,Sri Lanka,2008/09,13,212,322,9,1,0,0,0,5,313,7,65.83850931677019,0.0
DPMD Jayawardene,Sri Lanka,2009,8,236,287,23,3,0,0,0,3,419,5,82.22996515679442,0.0
DPMD Jayawardene,Sri Lanka,2009/10,10,424,477,40,3,0,0,0,3,740,4,88.88888888888889,0.0
DPMD Jayawardene,Sri Lanka,2010,9,301,391,30,2,0,0,0,3,513,6,76.98209718670077,0.0
DPMD Jayawardene,Sri Lanka,2010/11,13,420,460,41,1,0,0,0,10,793,9,91.30434782608695,0.0
DPMD Jayawardene,Sri Lanka,2011,10,426,577,39,1,0,0,0,4,736,4,73.83015597920277,0.0
DPMD Jayawardene,Sri Lanka,2011/12,21,683,853,53,6,0,0,0,7,1121,6,80.07033997655334,0.0
DPMD Jayawardene,Sri Lanka,2012,7,176,210,18,0,0,0,0,2,285,3,83.80952380952381,0.0
DPMD Jayawardene,Sri Lanka,2012/13,7,120,151,14,0,0,0,0,3,208,3,79.47019867549669,0.0
DPMD Jayawardene,Sri Lanka,2013,13,462,581,44,4,0,0,0,6,804,7,79.51807228915662,0.0
DPMD Jayawardene,Sri Lanka,2013/14,6,144,187,18,1,0,0,0,1,255,5,77.00534759358288,0.0
DPMD Jayawardene,Sri Lanka,2014,11,325,464,30,0,0,0,0,4,521,6,70.04310344827587,0.0
DPMD Jayawardene,Sri Lanka,2014/15,22,713,789,79,7,0,5,11,12,1347,9,90.36755386565272,2.7272727272727275
DR Briggs,England,2011/12,1,0,0,0,0,2,38,61,0,72,1,0.0,3.737704918032787
DR Brown,Scotland,2006/07,4,72,115,6,0,3,156,140,1,224,1,62.60869565217392,6.685714285714286
DR Chumney,Canada,2002/03,5,68,112,8,2,0,0,0,0,112,1,60.71428571428571,0.0
DR Chumney,Canada,2006/07,6,151,224,11,4,0,0,0,1,243,3,67.41071428571429,0.0
DR Flynn,New Zealand,2007/08,1,0,3,0,0,0,0,0,1,5,1,0.0,0.0
DR Flynn,New Zealand,2008,5,83,136,7,0,0,0,0,3,143,3,61.029411764705884,0.0
DR Flynn,New Zealand,2008/09,1,23,36,3,0,0,0,0,0,35,1,63.888888888888886,0.0
DR Flynn,New Zealand,2012,4,61,72,9,1,0,19,18,0,110,1,84.72222222222221,6.333333333333333
DR Martyn,Australia,2002/03,12,468,636,34,2,1,78,90,8,843,11,73.58490566037736,5.2
DR Martyn,Australia,2003,3,93,59,15,1,0,0,0,2,208,3,157.6271186440678,0.0
DR Martyn,Australia,2003/04,16,361,440,31,3,0,0,0,1,575,12,82.04545454545455,0.0
DR Martyn,Australia,2004,6,257,350,26,0,0,0,0,1,409,4,73.42857142857143,0.0
DR Martyn,Australia,2004/05,7,163,213,15,0,0,0,0,3,271,4,76.52582159624414,0.0
DR Martyn,Australia,2005,7,225,324,16,0,0,0,0,1,337,4,69.44444444444444,0.0
DR Martyn,Australia,2005/06,16,356,459,25,1,0,0,0,8,590,10,77.5599128540305,0.0
DR Martyn,Australia,2006/07,8,316,489,40,1,0,0,0,4,566,6,64.62167689161554,0.0
DR Mousley,England,2024/25,3,69,88,5,1,0,16,13,1,119,1,78.4090909090909,7.384615384615385
DR Smith,West Indies,2003/04,4,31,24,4,1,0,30,30,1,71,2,129.16666666666669,6.0
DR Smith,West Indies,2004,7,97,118,7,2,6,158,200,3,406,5,82.20338983050848,4.739999999999999
DR Smith,West Indies,2005,6,106,133,11,4,4,135,194,1,360,1,79.69924812030075,4.175257731958762
DR Smith,West Indies,2005/06,5,76,54,3,6,9,208,244,2,475,1,140.74074074074073,5.114754098360656
DR Smith,West Indies,2006,7,38,32,0,3,6,97,167,5,322,6,118.75,3.4850299401197606
DR Smith,West Indies,2006/07,19,127,128,13,7,13,528,753,4,912,9,99.21875,4.207171314741036
DR Smith,West Indies,2007,4,17,22,2,1,2,166,191,3,175,2,77.27272727272727,5.214659685863874
DR Smith,West Indies,2009/10,6,134,175,9,5,7,230,255,2,499,0,76.57142857142857,5.411764705882353
DR Smith,West Indies,2012,7,173,211,17,7,0,21,19,1,325,4,81.99052132701422,6.631578947368421
DR Smith,West Indies,2012/13,3,4,17,0,0,3,66,86,0,105,2,23.52941176470588,4.604651162790698
DR Smith,West Indies,2013/14,4,93,99,10,4,1,41,47,0,211,2,93.93939393939394,5.23404255319149
DR Smith,West Indies,2014/15,14,365,417,44,8,1,90,71,4,734,5,87.52997601918466,7.605633802816901
DR Tuffey,New Zealand,2002/03,7,24,33,2,0,10,198,416,1,508,4,72.72727272727273,2.855769230769231
DR Tuffey,New Zealand,2003,3,0,0,0,0,6,70,180,1,287,3,0.0,2.3333333333333335
DR Tuffey,New Zealand,2003/04,8,15,36,1,0,10,351,412,3,468,2,41.66666666666667,5.1116504854368925
DR Tuffey,New Zealand,2004,1,0,0,0,0,0,34,53,0,19,1,0.0,3.8490566037735845
DR Tuffey,New Zealand,2004/05,1,0,0,0,0,0,16,21,0,7,0,0.0,4.571428571428571
DR Tuffey,New Zealand,2006/07,4,8,8,1,0,1,206,213,0,111,4,100.0,5.802816901408451
DR Tuffey,New Zealand,2009,1,2,7,0,0,1,35,54,0,47,0,28.57142857142857,3.888888888888889
DR Tuffey,New Zealand,2009/10,8,116,94,7,5,10,379,401,0,590,5,123.40425531914893,5.670822942643392
DR Tuffey,New Zealand,2010,3,19,15,2,1,4,108,130,0,184,1,126.66666666666666,4.984615384615385
DR Tuffey,New Zealand,2010/11,2,4,7,0,0,4,83,89,0,134,0,57.14285714285714,5.595505617977528
DS Airee,Nepal,2018,1,40,64,2,0,0,26,36,1,78,0,62.5,4.333333333333333
DS Airee,Nepal,2018/19,3,16,29,2,0,0,6,12,1,33,2,55.172413793103445,3.0
DS Airee,Nepal,2019/20,4,51,75,7,2,1,28,36,1,136,2,68.0,4.666666666666667
DS Airee,Nepal,2021/22,6,132,195,11,0,5,202,337,4,507,2,67.6923076923077,3.596439169139466
DS Airee,Nepal,2022,8,82,131,7,0,6,213,296,0,381,2,62.59541984732825,4.3175675675675675
DS Airee,Nepal,2022/23,18,294,423,26,4,16,412,716,10,1281,12,69.50354609929079,3.452513966480447
DS Airee,Nepal,2023,9,200,222,17,4,6,261,304,3,633,3,90.09009009009009,5.151315789473684
DS Airee,Nepal,2023/24,3,7,29,0,0,2,68,134,1,139,1,24.137931034482758,3.0447761194029854
DS Airee,Nepal,2024,1,8,10,0,0,0,33,30,0,24,0,80.0,6.6
DS Airee,Nepal,2024/25,2,31,39,1,1,0,11,18,2,67,1,79.48717948717949,3.6666666666666665
DS Bajwa,Canada,2023/24,2,19,21,2,1,1,13,19,1,76,1,90.47619047619048,4.105263157894737
DS Bajwa,Canada,2024,4,55,102,6,0,0,12,6,0,85,0,53.92156862745098,12.0
DS Kulkarni,India,2014,1,0,0,0,0,0,34,43,1,22,1,0.0,4.7441860465116275
DS Kulkarni,India,2014/15,3,0,0,0,0,8,137,172,0,269,3,0.0,4.77906976744186
DS Kulkarni,India,2015,4,2,2,0,0,5,159,214,1,213,3,100.0,4.4579439252336455
DS Kulkarni,India,2016,3,0,0,0,0,5,87,155,0,214,3,0.0,3.367741935483871
DS Kulkarni,India,2016/17,1,25,29,2,1,1,58,43,0,84,0,86.20689655172413,8.093023255813954
DS Lehmann,Australia,2002/03,10,233,288,21,3,4,124,182,2,573,10,80.90277777777779,4.0879120879120885
DS Lehmann,Australia,2003,4,205,251,15,1,4,51,42,0,450,2,81.67330677290838,7.285714285714286
DS Lehmann,Australia,2004,7,133,167,11,1,6,107,159,2,432,5,79.64071856287424,4.037735849056604
DS Lehmann,Australia,2004/05,6,116,164,9,0,6,194,207,1,406,4,70.73170731707317,5.6231884057971016
DS Smith,West Indies,2003,1,26,38,2,0,0,0,0,0,38,0,68.42105263157895,0.0
DS Smith,West Indies,2004,3,93,163,7,1,0,0,0,2,151,2,57.05521472392638,0.0
DS Smith,West Indies,2006/07,5,156,221,18,0,0,0,0,1,266,2,70.58823529411765,0.0
DS Smith,West Indies,2007,3,34,41,5,0,0,0,0,2,70,2,82.92682926829268,0.0
DS Smith,West Indies,2007/08,7,117,150,12,3,0,0,0,1,212,3,78.0,0.0
DS Smith,West Indies,2009,3,113,158,5,1,0,0,0,0,155,0,71.51898734177216,0.0
DS Smith,West Indies,2009/10,3,56,71,9,0,0,0,0,0,92,0,78.87323943661971,0.0
DS Smith,West Indies,2010/11,7,300,398,32,2,0,5,5,0,519,3,75.37688442211056,6.0
DS Smith,West Indies,2011,3,33,57,4,1,0,11,13,1,70,0,57.89473684210527,5.0769230769230775
DS Smith,West Indies,2013,6,45,82,5,1,0,0,0,2,89,1,54.87804878048781,0.0
DS Weerakkody,Sri Lanka,2016/17,3,73,67,9,1,0,0,0,2,145,0,108.95522388059702,0.0
DSK Madushanka,Sri Lanka,2017/18,2,7,6,1,0,3,24,39,1,117,2,116.66666666666667,3.6923076923076925
DT Christian,Australia,2011/12,14,227,262,20,2,15,388,506,7,998,7,86.64122137404581,4.600790513833992
DT Christian,Australia,2012,3,23,31,2,0,2,130,158,0,133,2,74.19354838709677,4.936708860759494
DT Christian,Australia,2013/14,2,23,20,1,1,3,64,75,2,151,1,114.99999999999999,5.12
DT Hondo,Zimbabwe,2002/03,12,12,70,0,0,9,404,490,2,424,4,17.142857142857142,4.946938775510204
DT Hondo,Zimbabwe,2003,4,12,13,3,0,4,78,144,0,200,0,92.3076923076923,3.25
DT Hondo,Zimbabwe,2003/04,6,1,3,0,0,2,199,204,3,147,1,33.33333333333333,5.852941176470588
DT Hondo,Zimbabwe,2004,6,2,10,0,0,7,239,330,1,314,0,20.0,4.345454545454546
DT Hondo,Zimbabwe,2004/05,4,8,17,1,0,8,183,225,0,292,1,47.05882352941176,4.88
DT Johnston,Ireland,2006,1,5,4,1,0,0,58,61,1,45,0,125.0,5.704918032786885
DT Johnston,Ireland,2006/07,8,129,150,8,5,8,247,313,4,577,2,86.0,4.73482428115016
DT Johnston,Ireland,2007,2,43,60,1,2,0,41,67,1,97,0,71.66666666666667,3.6716417910447765
DT Johnston,Ireland,2008/09,1,12,49,2,0,2,37,62,0,86,0,24.489795918367346,3.5806451612903225
DT Johnston,Ireland,2009,2,20,15,2,0,4,55,123,1,216,1,133.33333333333331,2.682926829268293
DT Johnston,Ireland,2010,5,14,28,1,0,6,109,195,2,277,2,50.0,3.353846153846154
DT Johnston,Ireland,2010/11,5,42,48,4,1,8,237,263,2,377,2,87.5,5.406844106463878
DT Johnston,Ireland,2011,2,25,27,2,0,4,51,95,0,186,2,92.5925925925926,3.221052631578947
DT Johnston,Ireland,2011/12,2,17,28,0,0,2,34,71,0,112,1,60.71428571428571,2.873239436619718
DT Johnston,Ireland,2013,5,54,64,6,0,3,184,258,2,274,2,84.375,4.27906976744186
DT Tiripano,Zimbabwe,2014,1,3,12,0,0,2,34,36,0,69,1,25.0,5.666666666666667
DT Tiripano,Zimbabwe,2015,3,20,29,3,0,3,134,156,0,162,0,68.96551724137932,5.153846153846154
DT Tiripano,Zimbabwe,2016,1,2,17,0,0,0,12,33,0,23,0,11.76470588235294,2.1818181818181817
DT Tiripano,Zimbabwe,2016/17,4,58,100,2,1,2,56,67,0,148,1,57.99999999999999,5.014925373134329
DT Tiripano,Zimbabwe,2017,2,0,1,0,0,0,51,42,0,9,1,0.0,7.285714285714286
DT Tiripano,Zimbabwe,2018,4,69,124,7,0,2,241,214,1,226,0,55.64516129032258,6.757009345794393
DT Tiripano,Zimbabwe,2018/19,5,46,65,7,0,4,179,226,2,278,0,70.76923076923077,4.7522123893805315
DT Tiripano,Zimbabwe,2019,6,72,126,6,0,7,210,291,1,409,2,57.14285714285714,4.329896907216495
DT Tiripano,Zimbabwe,2019/20,3,72,59,2,7,3,171,143,0,258,0,122.03389830508475,7.174825174825175
DT Tiripano,Zimbabwe,2020/21,1,1,1,0,0,2,37,44,0,65,0,100.0,5.045454545454546
DT Tiripano,Zimbabwe,2021,1,0,1,0,0,2,54,48,0,63,0,0.0,6.75
DW Steyn,Africa XI,2005,2,4,16,0,0,2,35,68,0,102,1,25.0,3.0882352941176467
DW Steyn,South Africa,2005/06,2,0,0,0,0,1,77,61,0,43,0,0.0,7.5737704918032795
DW Steyn,South Africa,2007,3,0,0,0,0,5,127,141,0,177,2,0.0,5.404255319148936
DW Steyn,South Africa,2007/08,7,1,2,0,0,6,252,345,2,332,6,50.0,4.3826086956521735
DW Steyn,South Africa,2008,4,14,21,1,0,3,178,184,0,159,0,66.66666666666666,5.804347826086956
DW Steyn,South Africa,2008/09,11,1,3,0,0,22,399,580,3,850,8,33.33333333333333,4.127586206896551
DW Steyn,South Africa,2009/10,9,64,49,3,4,11,456,507,2,584,4,130.6122448979592,5.396449704142012
DW Steyn,South Africa,2010,3,2,8,0,0,4,109,156,0,166,3,25.0,4.1923076923076925
DW Steyn,South Africa,2010/11,13,50,92,4,0,23,437,633,3,928,8,54.347826086956516,4.14218009478673
DW Steyn,South Africa,2011/12,9,6,11,1,0,10,355,456,4,469,7,54.54545454545454,4.671052631578948
DW Steyn,South Africa,2012,3,4,11,0,0,5,98,159,0,201,1,36.36363636363637,3.69811320754717
DW Steyn,South Africa,2012/13,6,13,39,1,0,4,213,365,3,305,3,33.33333333333333,3.5013698630136987
DW Steyn,South Africa,2013,1,0,0,0,0,2,28,37,1,70,0,0.0,4.54054054054054
DW Steyn,South Africa,2013/14,6,17,36,1,1,21,158,320,0,762,4,47.22222222222222,2.9625
DW Steyn,South Africa,2014,8,38,88,5,0,12,312,385,1,522,6,43.18181818181818,4.862337662337662
DW Steyn,South Africa,2014/15,17,45,64,7,1,27,670,871,3,1144,11,70.3125,4.615384615384616
DW Steyn,South Africa,2015,3,2,9,0,0,3,123,168,0,140,2,22.22222222222222,4.392857142857143
DW Steyn,South Africa,2015/16,5,31,33,2,2,10,261,288,1,415,3,93.93939393939394,5.4375
DW Steyn,South Africa,2016/17,4,6,5,1,0,5,251,221,0,208,4,120.0,6.8144796380090495
DW Steyn,South Africa,2018/19,10,67,105,9,1,16,282,443,2,722,8,63.8095238095238,3.8194130925507905
Danish Aziz,Pakistan,2021,2,12,22,2,0,0,27,30,0,30,1,54.54545454545454,5.4
Danish Kaneria,Pakistan,2002/03,3,0,0,0,0,4,84,152,0,176,3,0.0,3.3157894736842106
Danish Kaneria,Pakistan,2003,1,0,5,0,0,0,29,62,0,33,0,0.0,2.8064516129032255
Danish Kaneria,Pakistan,2003/04,3,1,2,0,0,0,156,185,0,68,2,50.0,5.059459459459459
Danish Kaneria,Pakistan,2004,1,0,0,0,0,1,25,51,0,54,1,0.0,2.9411764705882355
Danish Kaneria,Pakistan,2004/05,1,0,0,0,0,0,28,19,0,6,1,0.0,8.842105263157896
Danish Kaneria,Pakistan,2005/06,2,2,4,0,0,1,74,73,1,56,0,50.0,6.082191780821918
Danish Kaneria,Pakistan,2006/07,2,6,4,1,0,2,90,81,0,97,1,150.0,6.666666666666667
Dhiman Ghosh,Bangladesh,2007/08,8,92,155,8,0,0,0,0,5,195,0,59.354838709677416,0.0
Dhiman Ghosh,Bangladesh,2008,3,32,50,1,1,0,0,0,1,72,0,64.0,0.0
Dolar Mahmud,Bangladesh,2008,4,20,14,1,1,3,158,110,0,135,1,142.85714285714286,8.618181818181819
Dolar Mahmud,Bangladesh,2009,1,0,0,0,0,4,26,50,0,128,1,0.0,3.1199999999999997
Dolar Mahmud,Bangladesh,2009/10,2,41,30,4,3,1,56,63,0,130,1,136.66666666666666,5.333333333333333
E Chigumbura,Zimbabwe,2004,5,194,234,24,3,4,131,130,2,516,0,82.90598290598291,6.046153846153846
E Chigumbura,Zimbabwe,2004/05,9,126,139,8,6,5,296,259,3,452,1,90.64748201438849,6.857142857142858
E Chigumbura,Zimbabwe,2006,6,36,78,3,1,0,0,0,4,89,0,46.15384615384615,0.0
E Chigumbura,Zimbabwe,2006/07,13,256,406,17,8,9,272,325,3,786,0,63.05418719211823,5.021538461538462
E Chigumbura,Africa XI,2007,3,51,49,6,1,6,215,176,0,291,0,104.08163265306123,7.329545454545455
E Chigumbura,Zimbabwe,2007,3,76,96,7,2,3,119,153,0,260,0,79.16666666666666,4.666666666666667
E Chigumbura,Zimbabwe,2007/08,8,160,213,6,1,9,286,382,5,630,1,75.11737089201877,4.492146596858639
E Chigumbura,Zimbabwe,2008/09,8,158,228,12,4,7,177,252,1,536,3,69.2982456140351,4.214285714285714
E Chigumbura,Zimbabwe,2009,5,139,103,8,10,7,224,261,0,531,1,134.95145631067962,5.149425287356322
E Chigumbura,Zimbabwe,2009/10,12,286,364,30,5,11,283,356,4,938,2,78.57142857142857,4.769662921348314
E Chigumbura,Zimbabwe,2010,5,51,52,5,0,0,85,90,0,117,3,98.07692307692307,5.666666666666667
E Chigumbura,Zimbabwe,2010/11,12,170,244,15,3,2,176,152,3,395,3,69.67213114754098,6.947368421052632
E Chigumbura,Zimbabwe,2011,8,116,154,6,3,7,238,337,2,495,3,75.32467532467533,4.2373887240356085
E Chigumbura,Zimbabwe,2011/12,6,164,200,15,4,3,275,275,0,428,1,82.0,6.0
E Chigumbura,Zimbabwe,2013,11,161,221,17,2,4,173,248,1,456,3,72.85067873303167,4.185483870967742
E Chigumbura,Zimbabwe,2014,7,220,347,20,2,1,63,60,6,442,1,63.40057636887608,6.3
E Chigumbura,Zimbabwe,2014/15,9,191,203,16,4,1,137,188,6,448,1,94.08866995073892,4.372340425531915
E Chigumbura,Zimbabwe,2015,7,274,265,24,6,0,0,0,2,510,1,103.39622641509433,0.0
E Chigumbura,Zimbabwe,2015/16,9,276,359,16,6,1,60,68,3,480,3,76.88022284122563,5.294117647058823
E Chigumbura,Zimbabwe,2016,3,41,68,1,0,0,44,41,0,56,0,60.29411764705882,6.439024390243903
E Chigumbura,Zimbabwe,2016/17,2,9,15,0,0,0,0,0,0,9,0,60.0,0.0
E Chigumbura,Zimbabwe,2018,3,71,117,3,2,0,0,0,0,103,0,60.68376068376068,0.0
E Chigumbura,Zimbabwe,2018/19,5,40,80,5,0,0,0,0,3,79,0,50.0,0.0
E Katchay,Canada,2009,1,0,0,0,0,0,23,18,0,12,1,0.0,7.666666666666667
E Lewis,West Indies,2016/17,8,253,282,30,4,0,0,0,2,476,1,89.71631205673759,0.0
E Lewis,West Indies,2017,11,343,390,28,13,0,0,0,4,659,2,87.94871794871794,0.0
E Lewis,West Indies,2017/18,7,264,356,28,5,0,0,0,4,490,5,74.15730337078652,0.0
E Lewis,West Indies,2018,3,42,83,4,2,0,0,0,1,74,1,50.602409638554214,0.0
E Lewis,West Indies,2019,7,221,238,21,9,0,0,0,0,396,0,92.85714285714286,0.0
E Lewis,West Indies,2019/20,5,259,304,28,7,0,0,0,2,497,3,85.19736842105263,0.0
E Lewis,West Indies,2020/21,3,181,229,14,6,0,0,0,0,325,3,79.03930131004367,0.0
E Lewis,West Indies,2021,3,56,84,5,3,0,0,0,3,127,1,66.66666666666666,0.0
E Lewis,West Indies,2024/25,6,284,253,21,17,0,0,0,5,588,5,112.25296442687747,0.0
E Malinga,Sri Lanka,2024/25,3,9,19,2,0,4,120,123,0,167,1,47.368421052631575,5.853658536585366
E Otieno,Kenya,2007/08,1,0,0,0,0,1,47,38,1,43,1,0.0,7.421052631578948
E Otieno,Kenya,2008/09,1,1,9,0,0,1,61,59,1,57,0,11.11111111111111,6.203389830508474
E Otieno,Kenya,2010/11,6,13,39,1,0,5,264,258,1,229,0,33.33333333333333,6.1395348837209305
E Otieno,Kenya,2012/13,1,0,0,0,0,4,28,65,0,137,1,0.0,2.5846153846153843
E Otieno,Kenya,2013/14,1,7,9,1,0,1,45,43,1,58,0,77.77777777777779,6.27906976744186
E Schiferli,Netherlands,2002/03,5,66,113,10,0,4,215,256,0,314,1,58.4070796460177,5.0390625
E Schiferli,Netherlands,2006/07,1,0,0,0,0,1,18,39,0,42,1,0.0,2.769230769230769
E Schiferli,Netherlands,2008,1,5,13,1,0,0,29,33,0,24,0,38.46153846153847,5.2727272727272725
E Schiferli,Netherlands,2013,2,8,14,1,0,2,46,60,0,92,0,57.14285714285714,4.6
EC Joyce,England,2006,3,31,51,6,0,0,0,0,3,77,3,60.78431372549019,0.0
EC Joyce,England,2006/07,14,440,675,47,2,0,0,0,3,753,8,65.18518518518519,0.0
EC Joyce,Ireland,2010/11,6,176,269,18,0,0,0,0,0,288,2,65.4275092936803,0.0
EC Joyce,Ireland,2011,3,112,145,13,1,0,0,0,0,192,2,77.24137931034483,0.0
EC Joyce,Ireland,2011/12,2,91,139,5,3,0,0,0,3,177,1,65.46762589928058,0.0
EC Joyce,Ireland,2012,1,0,2,0,0,0,0,0,0,-3,0,0.0,0.0
EC Joyce,Ireland,2013,5,182,250,17,2,0,0,0,0,304,2,72.8,0.0
EC Joyce,Ireland,2013/14,1,25,46,2,0,0,0,0,0,37,0,54.347826086956516,0.0
EC Joyce,Ireland,2014,1,0,6,0,0,0,0,0,2,13,0,0.0,0.0
EC Joyce,Ireland,2014/15,7,251,260,24,5,0,0,0,4,480,4,96.53846153846153,0.0
EC Joyce,Ireland,2015,2,67,77,4,1,0,0,0,1,105,0,87.01298701298701,0.0
EC Joyce,Ireland,2015/16,3,77,163,5,1,0,0,0,2,133,1,47.239263803680984,0.0
EC Joyce,Ireland,2016,2,18,47,1,0,0,0,0,0,18,0,38.297872340425535,0.0
EC Joyce,Ireland,2017,4,102,167,10,0,0,0,0,2,160,0,61.07784431137725,0.0
EC Joyce,Ireland,2017/18,6,273,369,29,1,0,0,0,1,468,4,73.98373983739837,0.0
EC Rainsford,Zimbabwe,2004,3,8,11,0,0,2,118,169,0,118,0,72.72727272727273,4.189349112426036
EC Rainsford,Zimbabwe,2004/05,2,5,16,1,0,2,59,91,0,94,0,31.25,3.89010989010989
EC Rainsford,Zimbabwe,2006,3,11,34,0,0,2,93,160,0,132,0,32.35294117647059,3.4875
EC Rainsford,Zimbabwe,2006/07,8,5,25,0,0,6,293,376,3,334,0,20.0,4.675531914893617
EC Rainsford,Zimbabwe,2008/09,4,1,11,0,0,4,82,161,0,192,1,9.090909090909092,3.0559006211180124
EC Rainsford,Zimbabwe,2009,2,1,6,0,0,0,95,113,0,47,0,16.666666666666664,5.04424778761062
EH Hutchinson,United States of America,2019,3,70,45,4,5,0,42,49,1,156,3,155.55555555555557,5.142857142857143
EH Hutchinson,United States of America,2019/20,2,4,15,0,0,1,36,74,1,75,0,26.666666666666668,2.918918918918919
EH Hutchinson,United States of America,2021,3,49,65,3,2,2,73,104,0,164,1,75.38461538461539,4.211538461538462
EHSN Silva,United Arab Emirates,2008,1,7,14,0,0,0,33,42,0,21,0,50.0,4.714285714285714
EJ Richardson,Ireland,2013,1,12,18,2,0,0,15,18,0,26,1,66.66666666666666,5.0
EJB Miles,Jersey,2023,3,1,7,0,0,4,115,120,0,144,1,14.285714285714285,5.75
EJG Morgan,Ireland,2006/07,9,91,185,11,1,0,0,0,7,195,2,49.18918918918919,0.0
EJG Morgan,Ireland,2007,1,37,57,5,1,0,0,0,0,67,0,64.91228070175438,0.0
EJG Morgan,England,2009,8,161,196,10,4,0,0,0,1,257,3,82.14285714285714,0.0
EJG Morgan,Ireland,2009,1,60,60,3,4,0,0,0,1,118,1,100.0,0.0
EJG Morgan,England,2009/10,10,381,428,37,9,0,0,0,7,726,7,89.01869158878505,0.0
EJG Morgan,England,2010,13,488,539,44,6,0,0,0,7,886,8,90.53803339517626,0.0
EJG Morgan,England,2010/11,9,226,276,20,1,0,0,0,1,348,2,81.88405797101449,0.0
EJG Morgan,England,2011,6,217,211,18,3,0,0,0,5,395,4,102.84360189573461,0.0
EJG Morgan,England,2011/12,4,66,86,3,2,0,0,0,1,102,4,76.74418604651163,0.0
EJG Morgan,England,2012,9,298,291,26,6,0,0,0,3,523,7,102.40549828178693,0.0
EJG Morgan,England,2012/13,7,134,148,10,7,0,0,0,3,253,3,90.54054054054053,0.0
EJG Morgan,England,2013,13,426,484,33,9,0,0,0,8,758,6,88.01652892561982,0.0
EJG Morgan,England,2013/14,6,283,283,19,11,0,0,0,1,509,2,100.0,0.0
EJG Morgan,England,2014,9,187,292,13,4,0,0,0,5,321,3,64.04109589041096,0.0
EJG Morgan,England,2014/15,17,303,404,24,9,0,0,0,9,578,5,75.0,0.0
EJG Morgan,England,2015,10,600,564,46,23,0,0,0,2,1101,5,106.38297872340425,0.0
EJG Morgan,England,2015/16,9,218,288,22,4,0,0,0,2,384,5,75.69444444444444,0.0
EJG Morgan,England,2016,8,264,294,26,7,0,0,0,3,470,6,89.79591836734694,0.0
EJG Morgan,England,2016/17,6,298,305,21,12,0,0,0,0,548,4,97.70491803278688,0.0
EJG Morgan,England,2017,12,483,505,45,14,0,0,0,3,896,10,95.64356435643563,0.0
EJG Morgan,England,2017/18,10,230,312,16,7,0,0,0,4,392,7,73.71794871794873,0.0
EJG Morgan,England,2018,7,311,303,31,9,0,0,0,1,562,6,102.64026402640265,0.0
EJG Morgan,England,2018/19,8,451,442,42,16,0,0,0,1,837,5,102.03619909502262,0.0
EJG Morgan,England,2019,13,387,404,33,12,0,0,0,6,710,9,95.79207920792079,0.0
EJG Morgan,England,2019/20,2,20,33,2,0,0,0,0,0,28,1,60.60606060606061,0.0
EJG Morgan,England,2020,6,230,234,30,7,0,0,0,3,465,3,98.29059829059828,0.0
EJG Morgan,England,2020/21,1,22,30,1,1,0,0,0,1,40,0,73.33333333333333,0.0
EJG Morgan,England,2021,2,81,105,9,1,0,0,0,0,147,2,77.14285714285715,0.0
EJG Morgan,England,2022,2,0,8,0,0,0,0,0,0,-6,2,0.0,0.0
EMDY Munaweera,Sri Lanka,2017,2,15,29,2,0,0,0,0,2,37,0,51.724137931034484,0.0
EP Thompson,New Zealand,2008/09,1,0,0,0,0,0,40,26,0,8,0,0.0,9.230769230769232
ES Szwarczynski,Netherlands,2006/07,3,34,64,6,0,0,0,0,2,68,1,53.125,0.0
ES Szwarczynski,Netherlands,2008,1,53,72,7,0,0,0,0,0,93,0,73.61111111111111,0.0
ES Szwarczynski,Netherlands,2010,1,2,8,0,0,0,0,0,0,2,0,25.0,0.0
ES Szwarczynski,Netherlands,2010/11,3,57,109,4,1,0,0,0,0,85,0,52.293577981651374,0.0
ES Szwarczynski,Netherlands,2013,2,3,13,0,0,0,0,0,0,0,0,23.076923076923077,0.0
ES Szwarczynski,Netherlands,2013/14,2,132,216,12,0,0,0,0,1,224,1,61.111111111111114,0.0
Ebadat Hossain,Bangladesh,2022,1,0,1,0,0,2,31,55,0,73,1,0.0,3.381818181818182
Ebadat Hossain,Bangladesh,2022/23,6,1,11,0,0,17,262,306,1,554,5,9.090909090909092,5.137254901960785
Ebadat Hossain,Bangladesh,2023,3,2,6,0,0,2,121,144,0,107,2,33.33333333333333,5.041666666666667
Ehsan Adil,Pakistan,2013,2,5,10,0,0,1,48,61,0,52,1,50.0,4.721311475409836
Ehsan Adil,Pakistan,2014/15,4,22,33,2,0,3,171,168,0,158,1,66.66666666666666,6.107142857142857
Ehsan Khan,Hong Kong,2016,2,9,20,0,0,3,80,85,1,124,0,45.0,5.647058823529412
Ehsan Khan,Hong Kong,2016/17,5,29,82,2,0,8,166,298,0,390,3,35.36585365853659,3.342281879194631
Ehsan Khan,Hong Kong,2017/18,4,40,100,6,0,8,163,219,0,334,1,40.0,4.465753424657534
Ehsan Khan,Hong Kong,2018,2,22,27,0,0,4,98,109,0,157,0,81.48148148148148,5.394495412844036
Ehsan Nawaz,Hong Kong,2014,1,0,1,0,0,1,23,58,0,51,0,0.0,2.3793103448275863
Ehsan Nawaz,Hong Kong,2016/17,2,11,40,0,0,0,43,63,0,34,1,27.500000000000004,4.095238095238095
Ehsan Nawaz,Hong Kong,2017/18,4,7,18,1,0,9,166,201,1,320,1,38.88888888888889,4.955223880597015
Ehsan Nawaz,Hong Kong,2018,2,11,24,1,0,1,73,76,0,62,0,45.83333333333333,5.7631578947368425
Ehsanul Haque,Bangladesh,2002/03,3,28,76,4,0,2,33,61,0,110,0,36.84210526315789,3.2459016393442623
Elias Sunny,Bangladesh,2011/12,2,1,6,0,0,2,79,99,0,82,0,16.666666666666664,4.787878787878788
Elias Sunny,Bangladesh,2012/13,2,1,5,0,0,2,79,108,0,96,1,20.0,4.388888888888889
Enamul Haque jnr,Bangladesh,2004/05,2,0,0,0,0,2,72,124,2,116,1,0.0,3.4838709677419355
Enamul Haque jnr,Bangladesh,2009,4,8,12,0,0,4,190,234,0,189,3,66.66666666666666,4.871794871794871
Enamul Haque jnr,Bangladesh,2009/10,3,0,4,0,0,6,100,164,1,231,3,0.0,3.658536585365854
Ethan D'Souza,United Arab Emirates,2023,4,9,21,1,0,0,0,0,4,45,0,42.857142857142854,0.0
F Behardien,South Africa,2012/13,7,169,192,12,3,1,28,36,4,328,4,88.02083333333334,4.666666666666667
F Behardien,South Africa,2013,3,3,30,0,0,3,58,69,0,95,1,10.0,5.043478260869565
F Behardien,South Africa,2014/15,14,220,164,20,6,6,278,330,5,677,9,134.14634146341464,5.054545454545455
F Behardien,South Africa,2015,6,173,186,15,4,0,48,49,2,315,3,93.01075268817203,5.877551020408164
F Behardien,South Africa,2015/16,10,202,226,10,5,2,212,202,5,442,6,89.38053097345133,6.297029702970297
F Behardien,South Africa,2016,5,101,152,8,1,0,3,6,4,192,2,66.44736842105263,3.0
F Behardien,South Africa,2016/17,9,148,100,10,6,0,41,24,7,329,9,148.0,10.25
F Behardien,South Africa,2017,1,17,26,0,0,0,0,0,0,17,0,65.38461538461539,0.0
F Behardien,South Africa,2017/18,3,41,38,4,0,0,0,0,1,73,2,107.89473684210526,0.0
F Hand,Ireland,2024/25,1,0,1,0,0,1,43,49,0,38,1,0.0,5.26530612244898
F Kasteni,Zimbabwe,2006/07,2,9,24,0,0,0,0,0,0,2,0,37.5,0.0
F Mutizwa,Zimbabwe,2008/09,1,38,29,3,2,0,0,0,1,78,1,131.0344827586207,0.0
F Mutizwa,Zimbabwe,2009/10,2,5,18,0,0,0,0,0,1,16,0,27.77777777777778,0.0
F Mutizwa,Zimbabwe,2011,4,65,113,5,0,0,0,0,0,91,2,57.52212389380531,0.0
F Mutizwa,Zimbabwe,2011/12,3,75,122,3,1,0,0,0,4,132,1,61.47540983606557,0.0
F du Plessis,South Africa,2010/11,9,228,277,13,3,1,62,68,3,407,6,82.31046931407943,5.470588235294118
F du Plessis,South Africa,2011/12,11,308,332,34,1,0,49,56,7,586,7,92.7710843373494,5.25
F du Plessis,South Africa,2012,4,27,36,2,0,1,8,12,1,72,2,75.0,4.0
F du Plessis,South Africa,2012/13,6,166,170,16,3,0,19,18,3,310,3,97.6470588235294,6.333333333333333
F du Plessis,South Africa,2013,9,176,248,16,1,0,0,0,5,306,2,70.96774193548387,0.0
F du Plessis,South Africa,2013/14,5,135,237,14,0,0,0,0,4,235,4,56.9620253164557,0.0
F du Plessis,South Africa,2014,9,618,661,47,12,0,0,0,4,1110,8,93.4947049924357,0.0
F du Plessis,South Africa,2014/15,19,623,827,49,7,0,42,43,15,1114,11,75.33252720677146,5.8604651162790695
F du Plessis,South Africa,2015,3,110,157,10,0,0,0,0,0,166,1,70.06369426751591,0.0
F du Plessis,South Africa,2015/16,10,491,514,46,10,0,0,0,1,866,6,95.52529182879378,0.0
F du Plessis,South Africa,2016,3,139,135,11,2,0,0,0,3,249,1,102.96296296296296,0.0
F du Plessis,South Africa,2016/17,16,860,974,78,7,0,0,0,6,1510,14,88.29568788501027,0.0
F du Plessis,South Africa,2017,6,225,259,19,0,0,0,0,3,373,2,86.87258687258688,0.0
F du Plessis,South Africa,2017/18,4,211,184,21,3,0,0,0,2,396,3,114.67391304347827,0.0
F du Plessis,South Africa,2018,3,106,113,13,2,0,0,0,1,188,3,93.80530973451327,0.0
F du Plessis,South Africa,2018/19,13,635,727,68,6,0,0,0,10,1187,11,87.34525447042641,0.0
F du Plessis,South Africa,2019,8,387,437,36,4,0,0,0,8,720,2,88.558352402746,0.0
FA Allen,West Indies,2018/19,4,25,52,2,1,0,131,138,0,85,1,48.07692307692308,5.695652173913044
FA Allen,West Indies,2019,7,64,51,9,1,4,203,204,3,313,1,125.49019607843137,5.970588235294118
FA Allen,West Indies,2019/20,2,54,29,4,4,0,37,36,1,118,0,186.20689655172413,6.166666666666667
FA Allen,West Indies,2020/21,3,15,7,1,1,1,124,150,3,132,3,214.28571428571428,4.96
FA Allen,West Indies,2021/22,3,42,68,2,1,2,106,120,1,155,0,61.76470588235294,5.3
FDM Karunaratne,Sri Lanka,2011,1,4,7,1,0,0,0,0,0,8,0,57.14285714285714,0.0
FDM Karunaratne,Sri Lanka,2013/14,4,20,25,1,0,0,11,10,1,35,1,80.0,6.6
FDM Karunaratne,Sri Lanka,2014/15,6,83,134,6,0,0,0,0,3,141,1,61.940298507462686,0.0
FDM Karunaratne,Sri Lanka,2019,10,366,495,37,0,0,7,6,3,609,6,73.93939393939394,7.0
FDM Karunaratne,Sri Lanka,2019/20,3,97,121,12,0,0,0,0,2,177,3,80.16528925619835,0.0
FDM Karunaratne,Sri Lanka,2020/21,3,84,110,5,1,0,0,0,1,134,0,76.36363636363637,0.0
FDM Karunaratne,Sri Lanka,2023,10,390,470,38,0,0,0,0,2,656,9,82.97872340425532,0.0
FDM Karunaratne,Sri Lanka,2023/24,1,0,1,0,0,0,0,0,0,-3,0,0.0,0.0
FH Allen,New Zealand,2022,8,308,339,37,9,0,0,0,3,600,6,90.85545722713864,0.0
FH Allen,New Zealand,2022/23,9,225,234,32,5,0,0,0,3,445,4,96.15384615384616,0.0
FH Allen,New Zealand,2023,4,49,64,9,0,0,0,0,3,110,2,76.5625,0.0
FH Edwards,West Indies,2003/04,2,0,0,0,0,8,70,103,0,269,2,0.0,4.077669902912621
FH Edwards,West Indies,2004,2,4,11,0,0,4,38,95,0,145,2,36.36363636363637,2.4
FH Edwards,West Indies,2005,1,0,0,0,0,0,19,13,0,4,0,0.0,8.76923076923077
FH Edwards,West Indies,2005/06,5,5,25,0,0,5,205,318,0,274,1,20.0,3.8679245283018866
FH Edwards,West Indies,2006,6,3,3,0,0,4,141,291,2,273,6,100.0,2.9072164948453607
FH Edwards,West Indies,2006/07,3,4,14,0,0,1,97,114,0,69,1,28.57142857142857,5.105263157894737
FH Edwards,West Indies,2007,4,2,10,0,0,11,108,208,1,393,2,20.0,3.1153846153846154
FH Edwards,West Indies,2007/08,6,22,30,3,0,6,248,291,0,295,2,73.33333333333333,5.11340206185567
FH Edwards,West Indies,2008,4,8,12,1,0,6,183,177,0,220,0,66.66666666666666,6.203389830508475
FH Edwards,West Indies,2008/09,6,18,41,1,0,4,153,203,1,211,2,43.90243902439025,4.522167487684729
FH Edwards,West Indies,2009,1,4,8,0,0,0,42,37,0,16,0,50.0,6.8108108108108105
FJ Klaassen,Netherlands,2019,2,6,8,0,0,4,78,124,2,171,2,75.0,3.7741935483870965
FJ Klaassen,Netherlands,2021,3,4,16,0,0,4,53,181,1,206,2,25.0,1.7569060773480663
FJ Klaassen,Netherlands,2021/22,4,12,22,1,0,7,154,216,1,287,0,54.54545454545454,4.277777777777778
FJ Klaassen,Netherlands,2022,1,3,4,0,0,0,37,47,0,18,0,75.0,4.723404255319149
FJ Klaassen,Netherlands,2022/23,5,12,16,0,1,7,232,280,1,295,1,75.0,4.9714285714285715
FL Reifer,West Indies,2009,3,50,100,3,1,0,0,0,2,94,0,50.0,0.0
FL Reifer,West Indies,2009/10,3,36,90,3,0,0,0,0,0,44,0,40.0,0.0
FRJ Coleman,Scotland,2013,1,10,24,2,0,0,0,0,0,16,0,41.66666666666667,0.0
FRJ Coleman,Scotland,2013/14,2,43,43,6,0,0,0,0,0,73,2,100.0,0.0
FRJ Coleman,Scotland,2014,2,30,55,3,1,0,0,0,0,48,0,54.54545454545454,0.0
FRJ Coleman,Scotland,2014/15,3,77,98,7,0,0,0,0,5,158,0,78.57142857142857,0.0
FY Fazal,India,2016,2,55,65,7,1,0,0,0,1,109,2,84.61538461538461,0.0
Fahad Alhashmi,United Arab Emirates,2008,2,0,6,0,0,2,49,71,0,75,0,0.0,4.140845070422535
Fahad Alhashmi,United Arab Emirates,2014/15,1,0,0,0,0,0,44,45,0,15,0,0.0,5.866666666666666
Fahad Nawaz,United Arab Emirates,2018/19,2,2,10,0,0,0,0,0,0,-1,1,20.0,0.0
Faheem Ashraf,Pakistan,2017,1,15,15,1,1,2,34,41,0,88,1,100.0,4.975609756097561
Faheem Ashraf,Pakistan,2017/18,8,63,78,4,4,5,218,267,3,350,3,80.76923076923077,4.898876404494382
Faheem Ashraf,Pakistan,2018,6,21,45,2,0,11,103,216,2,436,5,46.666666666666664,2.861111111111111
Faheem Ashraf,Pakistan,2018/19,6,47,48,5,1,1,232,277,0,200,2,97.91666666666666,5.025270758122744
Faheem Ashraf,Pakistan,2019,2,16,16,1,0,1,139,119,0,82,0,100.0,7.008403361344539
Faheem Ashraf,Pakistan,2020/21,2,23,18,3,0,1,87,102,0,104,2,127.77777777777777,5.117647058823529
Faheem Ashraf,Pakistan,2021,6,33,50,2,1,2,226,243,3,207,2,66.0,5.580246913580247
Faheem Ashraf,Pakistan,2023,2,4,12,0,0,1,99,104,2,79,1,33.33333333333333,5.711538461538462
Faisal Akram,Pakistan,2024/25,3,0,0,0,0,5,80,117,1,180,2,0.0,4.102564102564102
Faisal Athar,Pakistan,2003,1,9,39,1,0,0,0,0,0,7,0,23.076923076923077,0.0
Faisal Hossain,Bangladesh,2004,2,18,45,2,0,0,0,0,1,28,0,40.0,0.0
Faisal Hossain,Bangladesh,2010,2,8,9,0,0,1,53,73,1,69,1,88.88888888888889,4.356164383561644
Faisal Iqbal,Pakistan,2002/03,3,61,98,4,0,0,0,0,0,81,3,62.244897959183675,0.0
Faisal Iqbal,Pakistan,2003,2,21,80,2,0,0,0,0,1,36,1,26.25,0.0
Faisal Iqbal,Pakistan,2003/04,2,22,33,2,0,0,0,0,0,27,0,66.66666666666666,0.0
Faisal Iqbal,Pakistan,2006/07,1,30,49,3,0,0,0,0,1,54,0,61.224489795918366,0.0
Fakhar Zaman,Pakistan,2017,4,252,233,33,5,0,25,21,2,515,4,108.15450643776825,7.142857142857143
Fakhar Zaman,Pakistan,2017/18,9,298,371,31,7,1,19,18,6,593,5,80.3234501347709,6.333333333333333
Fakhar Zaman,Pakistan,2018,9,571,556,68,8,0,36,60,4,1126,6,102.6978417266187,3.6
Fakhar Zaman,Pakistan,2018/19,8,321,368,43,1,0,8,12,0,567,3,87.22826086956522,4.0
Fakhar Zaman,Pakistan,2019,12,386,400,41,9,0,23,24,6,750,4,96.5,5.75
Fakhar Zaman,Pakistan,2019/20,2,130,156,13,2,0,0,0,2,246,2,83.33333333333334,0.0
Fakhar Zaman,Pakistan,2020/21,2,3,3,0,0,0,0,0,1,11,1,100.0,0.0
Fakhar Zaman,Pakistan,2021,6,365,408,35,13,0,0,0,2,725,2,89.4607843137255,0.0
Fakhar Zaman,Pakistan,2021/22,3,102,94,13,2,0,0,0,2,196,2,108.51063829787233,0.0
Fakhar Zaman,Pakistan,2022,6,201,264,25,1,0,0,0,4,387,6,76.13636363636364,0.0
Fakhar Zaman,Pakistan,2022/23,3,157,203,17,1,0,0,0,2,296,1,77.33990147783251,0.0
Fakhar Zaman,Pakistan,2023,10,428,483,50,7,0,0,0,6,856,6,88.6128364389234,0.0
Fakhar Zaman,Pakistan,2023/24,4,220,182,14,18,0,0,0,3,500,3,120.87912087912088,0.0
Farhad Reza,Bangladesh,2006,4,90,106,17,1,0,66,91,2,223,4,84.90566037735849,4.351648351648352
Farhad Reza,Bangladesh,2006/07,7,46,71,4,1,0,139,129,4,157,3,64.7887323943662,6.465116279069767
Farhad Reza,Bangladesh,2007,3,37,43,0,3,2,77,112,0,153,0,86.04651162790698,4.125
Farhad Reza,Bangladesh,2007/08,9,108,203,11,1,7,298,297,1,443,0,53.20197044334976,6.02020202020202
Farhad Reza,Bangladesh,2008,5,13,62,0,0,5,178,189,1,207,0,20.967741935483872,5.650793650793651
Farhad Reza,Bangladesh,2011/12,3,22,37,2,0,0,2,12,2,54,0,59.45945945945946,1.0
Fawad Ahmed,Australia,2013,2,4,2,1,0,2,106,84,0,88,2,200.0,7.571428571428571
Fawad Alam,Pakistan,2007/08,6,65,62,6,1,0,186,229,3,219,6,104.83870967741935,4.873362445414847
Fawad Alam,Pakistan,2008,4,65,85,3,0,2,127,131,1,192,3,76.47058823529412,5.816793893129772
Fawad Alam,Pakistan,2008/09,1,26,27,1,0,0,15,6,0,36,1,96.29629629629629,15.0
Fawad Alam,Pakistan,2009,3,54,118,3,0,0,0,0,1,72,0,45.76271186440678,0.0
Fawad Alam,Pakistan,2009/10,3,117,175,6,0,0,0,0,1,169,0,66.85714285714286,0.0
Fawad Alam,Pakistan,2010,5,153,201,8,0,0,0,0,2,221,2,76.11940298507463,0.0
Fawad Alam,Pakistan,2010/11,5,123,164,6,0,0,0,0,2,179,2,75.0,0.0
Fawad Alam,Pakistan,2013/14,2,188,208,12,5,0,12,12,0,324,1,90.38461538461539,6.0
Fawad Alam,Pakistan,2014,3,130,177,13,0,0,10,6,0,206,1,73.44632768361582,10.0
Fawad Alam,Pakistan,2014/15,3,27,68,1,0,1,23,18,0,53,0,39.705882352941174,7.666666666666667
Fawad Alam,Pakistan,2015,3,18,36,1,0,0,0,0,1,27,0,50.0,0.0
Fayyaz Ahmed,United Arab Emirates,2014,1,37,82,5,0,0,16,42,0,83,1,45.1219512195122,2.2857142857142856
Fayyaz Ahmed,United Arab Emirates,2016,1,4,16,0,0,0,53,60,0,24,0,25.0,5.3
Fayyaz Butt,Oman,2019,5,33,43,2,0,3,161,202,2,205,3,76.74418604651163,4.782178217821783
Fayyaz Butt,Oman,2021/22,3,9,7,0,1,5,136,173,0,200,2,128.57142857142858,4.716763005780347
Fayyaz Butt,Oman,2022,8,38,46,4,0,8,259,310,2,389,4,82.6086956521739,5.012903225806451
Fayyaz Butt,Oman,2023,7,52,66,6,1,12,395,351,1,513,2,78.78787878787878,6.752136752136752
Fayyaz Butt,Oman,2024,7,69,122,5,1,7,250,313,3,419,2,56.557377049180324,4.7923322683706076
Fazle Mahmud,Bangladesh,2018/19,2,0,9,0,0,0,14,20,1,8,2,0.0,4.2
G Bajwa,Canada,2024,1,0,0,0,0,0,34,38,0,12,1,0.0,5.368421052631579
G Chapple,England,2006,1,14,7,1,1,0,14,24,0,32,1,200.0,3.5
G Coetzee,South Africa,2022/23,2,1,3,0,0,5,101,125,0,169,1,33.33333333333333,4.848
G Coetzee,South Africa,2023/24,11,56,87,4,1,22,541,507,3,811,8,64.36781609195403,6.402366863905326
G Gambhir,India,2003,1,11,34,1,0,0,0,0,0,11,0,32.35294117647059,0.0
G Gambhir,India,2005/06,10,247,289,37,2,0,11,8,6,518,7,85.46712802768167,8.25
G Gambhir,India,2006/07,1,0,7,0,0,0,0,0,0,-3,0,0.0,0.0
G Gambhir,India,2007,10,405,538,41,2,0,0,0,1,690,7,75.27881040892194,0.0
G Gambhir,India,2007/08,17,563,743,56,2,0,0,0,2,931,8,75.77388963660835,0.0
G Gambhir,India,2008,13,504,521,61,3,0,0,0,4,923,8,96.73704414587331,0.0
G Gambhir,India,2008/09,14,550,623,60,2,0,0,0,6,996,11,88.28250401284109,0.0
G Gambhir,India,2009,3,57,56,2,1,0,0,0,1,88,2,101.78571428571428,0.0
G Gambhir,India,2009/10,17,554,629,58,3,0,0,0,6,1008,9,88.07631160572336,0.0
G Gambhir,India,2010,4,203,252,17,1,0,0,0,0,325,3,80.55555555555556,0.0
G Gambhir,India,2010/11,14,722,785,81,0,0,0,0,2,1275,12,91.97452229299363,0.0
G Gambhir,India,2011/12,20,746,895,70,1,0,0,0,3,1218,13,83.35195530726257,0.0
G Gambhir,India,2012,5,258,309,21,0,0,0,0,1,425,4,83.49514563106796,0.0
G Gambhir,India,2012/13,8,161,252,22,0,0,0,0,0,265,4,63.888888888888886,0.0
G Goudie,Scotland,2011,1,0,0,0,0,3,18,42,1,105,1,0.0,2.5714285714285716
G Hoey,Ireland,2024/25,2,24,30,2,1,1,114,102,1,103,0,80.0,6.705882352941177
G Kirsten,South Africa,2002/03,6,186,228,24,2,0,0,0,2,349,3,81.57894736842105,0.0
G Malla,Nepal,2018,1,4,4,1,0,0,0,0,0,8,0,100.0,0.0
G Malla,Nepal,2018/19,3,75,102,9,0,0,0,0,1,124,2,73.52941176470588,0.0
G Malla,Nepal,2019/20,4,79,134,10,1,0,0,0,1,145,2,58.95522388059702,0.0
G Malla,Nepal,2021,5,141,191,9,5,0,0,0,2,237,4,73.82198952879581,0.0
G Malla,Nepal,2021/22,3,62,134,4,0,1,5,13,2,133,1,46.26865671641791,2.307692307692308
G Malla,Nepal,2022/23,15,372,544,42,9,0,12,6,5,690,9,68.38235294117648,12.0
G Malla,Nepal,2023,2,20,36,3,0,0,0,0,1,40,1,55.55555555555556,0.0
G Motie,West Indies,2022,4,15,27,1,0,8,131,223,0,329,0,55.55555555555556,3.5246636771300452
G Motie,West Indies,2023,3,39,37,4,3,6,99,161,0,293,1,105.40540540540539,3.68944099378882
G Motie,West Indies,2023/24,6,16,38,2,0,8,194,285,3,346,2,42.10526315789473,4.08421052631579
G Motie,West Indies,2024/25,9,94,94,9,3,11,383,491,5,681,6,100.0,4.680244399185336
G Onions,England,2009,1,0,0,0,0,1,25,57,0,52,1,0.0,2.6315789473684212
G Onions,England,2009/10,3,1,2,0,0,3,145,158,1,134,2,50.0,5.506329113924051
G Singh,United States of America,2021,1,9,28,0,0,0,0,0,0,5,1,32.142857142857146,0.0
G Singh,United States of America,2022,15,399,487,39,4,1,5,12,7,738,6,81.93018480492813,2.5
G Singh,United States of America,2022/23,4,133,171,13,3,0,0,0,1,225,3,77.77777777777779,0.0
G Singh,United States of America,2023,11,397,469,34,10,5,90,101,6,903,4,84.64818763326227,5.346534653465347
G Snyman,Namibia,2002/03,5,5,9,1,0,6,255,314,0,272,0,55.55555555555556,4.872611464968153
G Toka,Papua New Guinea,2019,6,103,198,7,0,0,0,0,4,153,0,52.02020202020202,0.0
G Toka,Papua New Guinea,2021,6,78,118,8,1,2,97,96,1,200,0,66.10169491525424,6.0625
G Toka,Papua New Guinea,2022/23,6,61,111,4,1,0,10,6,1,87,1,54.95495495495496,10.0
G Toka,Papua New Guinea,2023,3,26,69,2,0,0,0,0,1,41,0,37.68115942028986,0.0
GA Lamb,Zimbabwe,2009/10,5,60,175,1,0,4,124,242,0,256,1,34.285714285714285,3.074380165289256
GA Lamb,Zimbabwe,2010,4,74,127,1,0,2,127,170,0,198,2,58.26771653543307,4.482352941176471
GA Lamb,Zimbabwe,2010/11,5,62,86,4,1,3,156,217,0,242,2,72.09302325581395,4.313364055299539
GA Lamb,Zimbabwe,2011,1,1,1,0,0,0,37,30,0,9,0,100.0,7.4
GA Manou,Australia,2009/10,2,7,6,0,0,0,0,0,5,63,2,116.66666666666667,0.0
GA Rogers,Scotland,2006/07,3,32,50,5,0,2,113,111,1,147,0,64.0,6.108108108108108
GA Rogers,Scotland,2008,1,0,0,0,0,1,23,43,0,53,1,0.0,3.2093023255813953
GB Brent,Zimbabwe,2003,2,0,0,0,0,0,4,6,1,16,1,0.0,4.0
GB Brent,Zimbabwe,2003/04,5,24,32,4,0,3,176,227,0,213,3,75.0,4.651982378854625
GB Brent,Zimbabwe,2006/07,7,41,98,1,1,13,229,367,3,559,0,41.83673469387755,3.7438692098092643
GB Brent,Zimbabwe,2007,3,62,86,4,2,3,129,162,0,255,0,72.09302325581395,4.777777777777778
GB Brent,Zimbabwe,2007/08,7,65,89,4,0,3,291,378,2,333,1,73.03370786516854,4.619047619047619
GB Hogg,Australia,2002/03,17,131,161,12,1,23,606,840,3,1138,16,81.36645962732919,4.328571428571428
GB Hogg,Australia,2003,6,57,66,4,0,5,165,307,1,359,4,86.36363636363636,3.224755700325733
GB Hogg,Australia,2003/04,7,37,43,2,0,8,210,315,0,384,4,86.04651162790698,4.0
GB Hogg,Australia,2004,3,43,41,2,0,5,86,104,0,222,2,104.8780487804878,4.961538461538462
GB Hogg,Australia,2004/05,5,74,100,3,0,8,227,233,0,365,3,74.0,5.845493562231759
GB Hogg,Australia,2005,5,18,28,1,0,6,123,182,1,254,2,64.28571428571429,4.054945054945055
GB Hogg,Australia,2005/06,15,57,83,4,0,19,480,693,5,856,11,68.67469879518072,4.1558441558441555
GB Hogg,Australia,2006/07,21,145,158,10,4,22,601,877,6,1191,14,91.77215189873418,4.111744583808438
GB Hogg,Australia,2007/08,16,85,138,2,0,21,560,764,2,949,11,61.59420289855072,4.397905759162303
GB Murgatroyd,Namibia,2002/03,6,90,148,7,1,0,0,0,0,126,0,60.810810810810814,0.0
GC Smith,South Africa,2002/03,3,121,147,16,0,0,10,6,2,221,1,82.31292517006803,10.0
GC Smith,South Africa,2003,5,120,173,16,0,0,0,0,3,216,3,69.36416184971098,0.0
GC Smith,South Africa,2003/04,8,281,403,34,0,0,6,6,1,483,3,69.72704714640199,6.0
GC Smith,South Africa,2004,3,116,165,12,0,1,40,46,0,216,0,70.3030303030303,5.217391304347826
GC Smith,South Africa,2004/05,9,477,616,39,4,0,32,40,5,849,6,77.43506493506493,4.8
GC Smith,Africa XI,2005,1,0,6,0,0,0,0,0,0,-3,0,0.0,0.0
GC Smith,South Africa,2005,1,6,8,1,0,0,7,6,2,28,1,75.0,7.0
GC Smith,South Africa,2005/06,19,624,725,79,5,6,302,389,6,1433,10,86.06896551724138,4.658097686375322
GC Smith,South Africa,2006/07,23,737,744,95,11,8,288,348,20,1822,15,99.05913978494624,4.9655172413793105
GC Smith,South Africa,2007,3,170,193,22,2,0,0,0,1,320,3,88.08290155440415,0.0
GC Smith,South Africa,2007/08,16,720,952,78,4,0,0,0,13,1322,13,75.63025210084034,0.0
GC Smith,South Africa,2008,2,30,37,3,0,0,0,0,0,42,0,81.08108108108108,0.0
GC Smith,South Africa,2008/09,5,140,167,17,0,0,0,0,0,224,3,83.8323353293413,0.0
GC Smith,South Africa,2009/10,8,362,364,47,3,0,0,0,5,720,4,99.45054945054946,0.0
GC Smith,South Africa,2010,5,119,162,8,1,0,0,0,4,203,5,73.4567901234568,0.0
GC Smith,South Africa,2010/11,18,548,765,55,2,0,0,0,13,966,13,71.63398692810458,0.0
GC Smith,South Africa,2011/12,9,318,420,27,5,0,0,0,3,566,5,75.71428571428571,0.0
GC Smith,South Africa,2012,4,100,161,9,0,0,0,0,1,160,2,62.11180124223602,0.0
GC Smith,South Africa,2012/13,7,244,322,27,1,0,0,0,5,454,3,75.77639751552795,0.0
GC Smith,South Africa,2013/14,4,47,83,3,0,0,0,0,2,79,1,56.62650602409639,0.0
GC Tonge,West Indies,2009,2,1,1,0,0,0,105,123,0,49,0,100.0,5.121951219512195
GC Tonge,West Indies,2009/10,3,9,15,1,0,5,112,184,0,233,0,60.0,3.652173913043478
GC Wilson,Ireland,2007,1,13,24,2,0,0,0,0,0,21,0,54.166666666666664,0.0
GC Wilson,Ireland,2008,2,51,71,6,0,0,0,0,1,92,1,71.83098591549296,0.0
GC Wilson,Ireland,2008/09,1,0,6,0,0,0,0,0,1,5,0,0.0,0.0
GC Wilson,Ireland,2009,1,14,27,2,0,0,0,0,1,30,1,51.85185185185185,0.0
GC Wilson,Ireland,2010,3,112,125,13,1,0,0,0,3,222,1,89.60000000000001,0.0
GC Wilson,Ireland,2010/11,4,122,145,12,4,0,0,0,0,218,2,84.13793103448276,0.0
GC Wilson,Ireland,2011,3,113,124,8,2,0,0,0,3,203,2,91.12903225806451,0.0
GC Wilson,Ireland,2011/12,2,44,81,3,0,0,0,0,1,80,1,54.32098765432099,0.0
GC Wilson,Ireland,2012,1,0,4,0,0,0,0,0,0,-3,0,0.0,0.0
GC Wilson,Ireland,2013,5,21,47,1,0,0,0,0,3,61,2,44.680851063829785,0.0
GC Wilson,Ireland,2013/14,1,62,96,3,0,0,0,0,2,114,0,64.58333333333334,0.0
GC Wilson,Ireland,2014,1,3,2,0,0,0,0,0,2,19,0,150.0,0.0
GC Wilson,Ireland,2014/15,7,162,180,19,1,0,0,0,7,335,4,90.0,0.0
GC Wilson,Ireland,2015,2,4,12,0,0,0,0,0,0,4,0,33.33333333333333,0.0
GC Wilson,Ireland,2015/16,3,154,174,13,3,0,0,0,2,278,1,88.50574712643679,0.0
GC Wilson,Ireland,2016,2,32,47,3,0,0,0,0,2,60,0,68.08510638297872,0.0
GC Wilson,Ireland,2016/17,3,50,87,0,1,0,0,0,1,66,1,57.47126436781609,0.0
GC Wilson,Ireland,2017,6,80,123,8,0,0,0,0,2,140,0,65.04065040650406,0.0
GC Wilson,Ireland,2017/18,7,141,200,8,2,0,0,0,3,225,5,70.5,0.0
GC Wilson,Ireland,2019,4,54,78,4,0,0,0,0,4,104,0,69.23076923076923,0.0
GD Drummond,Scotland,2008,3,10,9,1,0,1,79,104,0,80,1,111.11111111111111,4.557692307692308
GD Drummond,Scotland,2011,1,0,0,0,0,0,44,55,1,26,1,0.0,4.800000000000001
GD Elliott,New Zealand,2008,4,103,149,6,1,5,40,78,1,323,3,69.12751677852349,3.076923076923077
GD Elliott,New Zealand,2008/09,10,274,330,20,1,4,197,210,2,595,3,83.03030303030303,5.628571428571429
GD Elliott,New Zealand,2009,2,63,116,2,0,0,9,12,0,79,0,54.310344827586206,4.5
GD Elliott,New Zealand,2009/10,5,126,176,9,1,4,44,77,0,332,3,71.5909090909091,3.4285714285714284
GD Elliott,New Zealand,2010,2,18,56,1,0,0,0,0,0,16,1,32.142857142857146,0.0
GD Elliott,New Zealand,2010/11,6,88,177,9,0,2,87,116,1,240,0,49.717514124293785,4.5
GD Elliott,New Zealand,2012/13,6,172,245,17,0,0,46,56,2,288,3,70.20408163265306,4.928571428571428
GD Elliott,New Zealand,2013,2,27,44,2,0,1,13,12,0,68,2,61.36363636363637,6.5
GD Elliott,New Zealand,2013/14,5,98,140,7,2,0,20,18,0,154,1,70.0,6.666666666666667
GD Elliott,New Zealand,2014/15,14,577,577,48,12,9,210,207,4,1300,12,100.0,6.086956521739131
GD Elliott,New Zealand,2015,11,254,236,23,7,7,249,269,2,709,5,107.62711864406779,5.5539033457249065
GD Elliott,New Zealand,2015/16,5,113,148,5,3,3,147,177,2,325,4,76.35135135135135,4.983050847457627
GD McGrath,Australia,2002/03,12,3,2,0,0,22,342,624,2,934,12,150.0,3.2884615384615383
GD McGrath,Australia,2003,2,0,0,0,0,1,63,84,0,59,1,0.0,4.5
GD McGrath,Australia,2004,6,0,1,0,0,4,178,307,3,269,5,0.0,3.478827361563518
GD McGrath,Australia,2004/05,6,1,4,0,0,11,166,330,2,467,5,25.0,3.018181818181818
GD McGrath,Australia,2005,6,2,9,0,0,6,177,299,0,309,3,22.22222222222222,3.551839464882943
GD McGrath,Australia,2005/06,5,2,7,0,0,5,153,256,2,264,4,28.57142857142857,3.5859375
GD McGrath,Australia,2006/07,28,10,21,0,0,49,908,1382,2,1884,21,47.61904761904761,3.9421128798842258
GD Phillips,New Zealand,2022,6,157,167,13,6,3,81,74,4,394,5,94.01197604790418,6.5675675675675675
GD Phillips,New Zealand,2022/23,9,194,227,13,8,1,47,49,4,409,4,85.46255506607929,5.755102040816327
GD Phillips,New Zealand,2023,4,99,113,7,2,1,106,103,3,238,1,87.61061946902655,6.174757281553398
GD Phillips,New Zealand,2023/24,9,214,182,18,10,6,217,225,4,634,4,117.58241758241759,5.786666666666667
GD Phillips,New Zealand,2024/25,5,46,60,3,1,1,76,96,3,142,2,76.66666666666667,4.75
GE Mathurin,West Indies,2011/12,1,0,0,0,0,0,0,0,1,8,1,0.0,0.0
GEF Barnett,Canada,2006/07,2,47,81,6,0,0,0,0,0,75,0,58.0246913580247,0.0
GEF Barnett,Canada,2008,1,1,3,0,0,0,0,0,0,1,0,33.33333333333333,0.0
GEF Barnett,Canada,2009,1,21,40,2,0,0,0,0,0,29,1,52.5,0.0
GEF Barnett,Canada,2010,1,26,61,2,0,0,0,0,0,36,0,42.62295081967213,0.0
GF Linde,South Africa,2021,2,27,31,3,0,3,71,91,1,158,1,87.09677419354838,4.681318681318682
GH Bodi,South Africa,2007,2,83,136,9,1,0,8,6,1,155,2,61.029411764705884,8.0
GH Dockrell,Ireland,2010,4,7,8,0,0,3,83,183,0,182,2,87.5,2.721311475409836
GH Dockrell,Ireland,2010/11,6,42,55,6,0,7,196,286,3,381,2,76.36363636363637,4.111888111888112
GH Dockrell,Ireland,2011,3,13,10,1,1,3,79,146,1,174,2,130.0,3.2465753424657535
GH Dockrell,Ireland,2011/12,2,3,7,0,0,3,47,74,0,106,1,42.857142857142854,3.8108108108108105
GH Dockrell,Ireland,2013,5,8,7,0,0,5,195,280,1,257,2,114.28571428571428,4.178571428571429
GH Dockrell,Ireland,2013/14,1,1,3,0,0,1,48,58,0,55,0,33.33333333333333,4.9655172413793105
GH Dockrell,Ireland,2014,1,18,27,0,0,1,41,62,1,77,0,66.66666666666666,3.9677419354838706
GH Dockrell,Ireland,2014/15,7,54,87,2,3,5,312,322,2,335,4,62.06896551724138,5.813664596273292
GH Dockrell,Ireland,2015/16,3,24,28,3,0,1,108,182,1,161,1,85.71428571428571,3.5604395604395607
GH Dockrell,Ireland,2016/17,4,29,50,3,0,5,146,213,0,258,2,57.99999999999999,4.112676056338028
GH Dockrell,Ireland,2017,6,70,118,4,1,1,221,248,2,226,0,59.32203389830508,5.346774193548387
GH Dockrell,Ireland,2017/18,6,24,43,2,0,5,263,351,1,292,5,55.81395348837209,4.495726495726496
GH Dockrell,Ireland,2019,4,30,52,1,0,0,192,200,1,108,0,57.692307692307686,5.76
GH Dockrell,Ireland,2021,8,151,206,15,3,2,110,102,2,334,2,73.30097087378641,6.470588235294118
GH Dockrell,Ireland,2021/22,3,42,43,4,1,2,43,56,1,146,2,97.67441860465115,4.607142857142857
GH Dockrell,Ireland,2022,3,114,98,13,3,0,0,0,1,206,0,116.3265306122449,0.0
GH Dockrell,Ireland,2022/23,4,87,76,10,2,0,22,18,0,156,1,114.4736842105263,7.333333333333333
GH Dockrell,Ireland,2023,10,354,392,22,10,12,338,378,3,1027,2,90.3061224489796,5.365079365079365
GH Dockrell,Ireland,2023/24,3,8,25,0,0,0,0,0,4,40,2,32.0,0.0
GH Dockrell,Ireland,2024/25,3,38,49,5,0,0,5,6,0,60,1,77.55102040816327,5.0
GH O'Brien,Bermuda,2008,1,2,6,0,0,3,29,62,0,113,1,33.33333333333333,2.8064516129032255
GH Worker,New Zealand,2015,2,41,66,4,0,0,5,6,0,57,1,62.121212121212125,5.0
GH Worker,New Zealand,2015/16,1,0,0,0,0,0,0,0,0,6,1,0.0,0.0
GH Worker,New Zealand,2017,2,67,113,3,1,0,0,0,0,97,2,59.29203539823009,0.0
GH Worker,New Zealand,2017/18,3,117,128,12,2,0,0,0,2,219,3,91.40625,0.0
GH Worker,New Zealand,2018/19,3,47,82,4,0,0,0,0,3,95,1,57.3170731707317,0.0
GHS Garton,England,2021,1,0,0,0,0,0,0,0,1,8,1,0.0,0.0
GI Hume,Ireland,2022,1,7,11,0,0,0,60,56,0,25,0,63.63636363636363,6.428571428571428
GI Hume,Ireland,2022/23,6,5,24,0,0,11,243,261,2,396,1,20.833333333333336,5.586206896551724
GI Hume,Ireland,2023,3,15,12,1,0,3,117,130,0,136,0,125.0,5.3999999999999995
GI Hume,Ireland,2023/24,3,0,0,0,0,6,70,106,0,203,2,0.0,3.962264150943396
GI Hume,Ireland,2024/25,3,31,47,2,2,4,131,161,0,222,1,65.95744680851064,4.881987577639752
GI Maiden,Scotland,2011,1,12,14,1,0,0,0,0,3,44,1,85.71428571428571,0.0
GJ Bailey,Australia,2011/12,5,172,243,11,2,0,0,0,7,314,2,70.78189300411523,0.0
GJ Bailey,Australia,2012,7,246,317,18,3,0,0,0,3,398,2,77.60252365930599,0.0
GJ Bailey,Australia,2012/13,8,323,344,30,7,0,0,0,5,630,5,93.8953488372093,0.0
GJ Bailey,Australia,2013,7,287,340,17,7,0,0,0,4,511,2,84.41176470588235,0.0
GJ Bailey,Australia,2013/14,10,586,552,48,15,0,0,0,4,1086,5,106.15942028985508,0.0
GJ Bailey,Australia,2014,5,125,145,7,4,0,0,0,3,217,2,86.20689655172413,0.0
GJ Bailey,Australia,2014/15,12,245,394,12,4,0,0,0,5,382,11,62.182741116751274,0.0
GJ Bailey,Australia,2015,6,219,295,19,2,0,0,0,0,363,4,74.23728813559322,0.0
GJ Bailey,Australia,2015/16,8,262,300,20,3,0,0,0,3,455,5,87.33333333333333,0.0
GJ Bailey,Australia,2016,9,392,517,29,4,0,0,0,7,652,7,75.8220502901354,0.0
GJ Bailey,Australia,2016/17,9,154,225,11,4,0,0,0,7,293,4,68.44444444444444,0.0
GJ Batty,England,2003/04,2,1,3,0,0,3,72,116,1,126,1,33.33333333333333,3.724137931034483
GJ Batty,England,2004/05,1,0,0,0,0,0,36,60,1,34,1,0.0,3.6
GJ Batty,England,2008/09,3,24,55,1,0,1,72,78,0,75,1,43.63636363636363,5.538461538461538
GJ Delany,Ireland,2019/20,2,33,53,4,1,0,33,12,0,57,0,62.264150943396224,16.5
GJ Delany,Ireland,2020,3,34,51,6,0,1,40,49,1,104,1,66.66666666666666,4.8979591836734695
GJ Delany,Ireland,2020/21,2,36,25,4,0,1,35,30,1,95,1,144.0,7.0
GJ Delany,Ireland,2021/22,3,17,15,1,1,0,0,0,2,49,2,113.33333333333333,0.0
GJ Delany,Ireland,2022,1,22,16,2,1,1,50,42,0,73,0,137.5,7.142857142857143
GJ Delany,Ireland,2022/23,1,1,7,0,0,0,50,36,0,9,0,14.285714285714285,8.333333333333334
GJ Delany,Ireland,2023,6,74,61,3,3,3,160,182,5,281,3,121.31147540983606,5.274725274725275
GJ Hopkins,New Zealand,2004,1,0,0,0,0,0,0,0,3,28,1,0.0,0.0
GJ Hopkins,New Zealand,2007/08,2,9,18,1,0,0,0,0,0,16,0,50.0,0.0
GJ Hopkins,New Zealand,2008,3,32,55,2,0,0,0,0,3,74,1,58.18181818181818,0.0
GJ Hopkins,New Zealand,2009/10,6,141,172,12,2,0,0,0,2,253,2,81.97674418604652,0.0
GJ Hopkins,New Zealand,2010,3,21,40,0,0,0,0,0,6,68,1,52.5,0.0
GJ Hopkins,New Zealand,2010/11,3,33,32,4,0,0,0,0,3,77,0,103.125,0.0
GJ Maxwell,Australia,2012,3,122,105,6,6,0,85,98,1,252,2,116.1904761904762,5.204081632653062
GJ Maxwell,Australia,2012/13,7,78,75,11,2,5,190,228,3,402,6,104.0,5.0
GJ Maxwell,Australia,2013,2,61,46,6,3,0,26,30,2,151,0,132.6086956521739,5.2
GJ Maxwell,Australia,2013/14,11,358,283,30,16,4,292,330,2,905,6,126.50176678445231,5.3090909090909095
GJ Maxwell,Australia,2014,5,115,80,11,6,4,81,106,1,370,2,143.75,4.584905660377358
GJ Maxwell,Australia,2014/15,18,543,474,65,9,18,506,589,11,1771,16,114.55696202531647,5.154499151103565
GJ Maxwell,Australia,2015,6,168,135,18,5,8,221,243,5,628,4,124.44444444444444,5.45679012345679
GJ Maxwell,Australia,2015/16,7,175,153,17,4,0,169,179,5,407,5,114.37908496732025,5.664804469273744
GJ Maxwell,Australia,2016,5,53,40,6,2,3,26,44,4,221,4,132.5,3.5454545454545454
GJ Maxwell,Australia,2016/17,7,194,163,23,3,0,0,0,6,393,4,119.01840490797547,0.0
GJ Maxwell,Australia,2017,3,20,33,2,0,0,23,18,4,70,0,60.60606060606061,7.666666666666667
GJ Maxwell,Australia,2017/18,6,92,92,6,7,0,25,24,6,222,2,100.0,6.25
GJ Maxwell,Australia,2018,3,112,118,9,3,0,30,24,0,190,0,94.91525423728814,7.5
GJ Maxwell,Australia,2018/19,16,519,427,54,14,5,427,481,11,1296,10,121.5456674473068,5.326403326403326
GJ Maxwell,Australia,2019,9,173,119,18,7,0,292,297,4,436,6,145.37815126050418,5.898989898989899
GJ Maxwell,Australia,2020,3,186,160,8,11,0,39,45,4,404,2,116.25000000000001,5.2
GJ Maxwell,Australia,2020/21,3,167,94,12,11,1,114,102,2,395,2,177.6595744680851,6.705882352941177
GJ Maxwell,Australia,2022,10,252,216,23,12,7,318,401,6,842,6,116.66666666666667,4.758104738154614
GJ Maxwell,Australia,2022/23,1,8,10,1,0,0,6,13,0,16,0,80.0,2.7692307692307696
GJ Maxwell,Australia,2023/24,9,204,150,19,12,9,312,414,4,833,7,136.0,4.521739130434782
GJ Maxwell,Australia,2024,4,39,33,5,1,5,103,128,4,278,2,118.18181818181819,4.828125
GJ Maxwell,Australia,2024/25,3,16,25,0,1,0,11,18,0,28,1,64.0,3.6666666666666665
GJ McCarter,Ireland,2014,1,1,1,0,0,0,38,48,0,17,0,100.0,4.75
GJ Rennie,Zimbabwe,2002/03,4,50,128,4,0,2,56,90,2,159,2,39.0625,3.7333333333333334
GJ Whittall,Zimbabwe,2002/03,6,59,71,5,1,4,115,137,1,261,2,83.09859154929578,5.036496350364963
GJP Kruger,South Africa,2005/06,3,0,10,0,0,2,122,150,1,111,1,0.0,4.88
GLS Scrimshaw,England,2023,1,0,0,0,0,3,58,60,0,95,1,0.0,5.8
GM Ewing,Zimbabwe,2004/05,3,58,84,5,0,1,101,135,0,153,0,69.04761904761905,4.488888888888889
GM Ewing,Zimbabwe,2005,3,19,31,2,0,4,79,138,1,186,0,61.29032258064516,3.4347826086956523
GM Hamilton,Scotland,2006/07,4,69,108,2,1,0,0,0,0,95,1,63.888888888888886,0.0
GM Hamilton,Scotland,2007,1,44,81,3,0,0,0,0,0,60,0,54.32098765432099,0.0
GM Hamilton,Scotland,2008,3,52,96,7,0,0,0,0,1,84,1,54.166666666666664,0.0
GM Hamilton,Scotland,2009,2,8,20,1,0,0,0,0,0,12,0,40.0,0.0
GM Strydom,Zimbabwe,2006,5,63,111,6,2,0,24,30,0,113,0,56.75675675675676,4.8
GM Strydom,Zimbabwe,2006/07,1,4,22,0,0,0,0,0,0,-2,0,18.181818181818183,0.0
GO Jones,England,2004,10,110,136,12,2,0,0,0,21,370,5,80.88235294117648,0.0
GO Jones,England,2004/05,10,292,351,30,5,0,0,0,7,556,4,83.1908831908832,0.0
GO Jones,England,2005,6,95,147,6,3,0,0,0,17,306,2,64.62585034013605,0.0
GO Jones,England,2005/06,7,124,165,8,2,0,0,0,6,259,2,75.15151515151514,0.0
GO Jones,England,2006,6,94,84,7,2,0,0,0,8,216,1,111.90476190476191,0.0
GP Swann,England,2007/08,5,66,82,4,0,2,164,212,0,232,2,80.48780487804879,4.641509433962264
GP Swann,England,2008,5,45,73,6,0,7,157,236,2,364,1,61.64383561643836,3.991525423728813
GP Swann,England,2008/09,3,10,9,1,0,4,122,116,0,150,0,111.11111111111111,6.310344827586207
GP Swann,England,2009,8,38,52,1,0,12,255,361,2,514,4,73.07692307692307,4.238227146814404
GP Swann,England,2009/10,9,45,53,4,0,8,267,337,3,403,6,84.90566037735849,4.753709198813056
GP Swann,England,2010,10,66,65,7,1,18,368,502,3,779,6,101.53846153846153,4.398406374501992
GP Swann,England,2010/11,8,64,63,7,1,11,344,475,1,568,3,101.58730158730158,4.3452631578947365
GP Swann,England,2011,9,71,55,6,1,11,304,471,1,594,6,129.0909090909091,3.872611464968153
GP Swann,England,2011/12,7,38,40,5,1,2,281,368,2,278,3,95.0,4.581521739130435
GP Swann,England,2012,5,0,2,0,0,6,194,252,1,253,4,0.0,4.619047619047619
GP Swann,England,2012/13,3,16,12,3,0,3,164,174,1,169,2,133.33333333333331,5.655172413793103
GP Swann,England,2013,3,16,19,2,0,3,144,180,1,171,0,84.21052631578947,4.8
GR Codrington,Canada,2006/07,6,80,123,8,2,7,256,307,3,435,3,65.04065040650406,5.0032573289902285
GS Ballance,England,2013,1,0,2,0,0,0,0,0,1,5,1,0.0,0.0
GS Ballance,England,2013/14,4,132,191,9,0,0,0,0,4,226,1,69.10994764397905,0.0
GS Ballance,England,2014,6,129,183,9,1,0,0,0,2,209,2,70.49180327868852,0.0
GS Ballance,England,2014/15,4,36,74,3,0,0,0,0,1,52,1,48.64864864864865,0.0
GS Ballance,Zimbabwe,2022/23,5,157,197,16,0,0,0,0,5,289,3,79.69543147208121,0.0
GS Sandhu,Australia,2014/15,2,0,0,0,0,3,102,123,0,116,2,0.0,4.975609756097561
GSNFG Jayasuriya,Sri Lanka,2015/16,3,11,17,2,0,1,26,30,0,51,3,64.70588235294117,5.2
GSNFG Jayasuriya,Sri Lanka,2016/17,3,40,71,2,0,0,62,67,1,82,2,56.33802816901409,5.552238805970149
GSNFG Jayasuriya,Sri Lanka,2018,2,18,35,1,0,0,38,43,0,33,0,51.42857142857142,5.3023255813953485
GSNFG Jayasuriya,Sri Lanka,2019,1,13,7,1,1,0,40,36,0,35,1,185.71428571428572,6.666666666666667
GSNFG Jayasuriya,Sri Lanka,2019/20,2,99,116,7,1,1,87,102,0,220,0,85.34482758620689,5.117647058823529
GT Main,Scotland,2019,2,0,0,0,0,0,27,33,2,27,1,0.0,4.909090909090909
GT Main,Scotland,2021,4,13,11,0,0,7,125,198,2,299,3,118.18181818181819,3.787878787878788
GT Main,Scotland,2022,8,69,78,7,1,22,364,395,4,865,5,88.46153846153845,5.529113924050633
GT Main,Scotland,2024,2,0,0,0,0,4,45,69,1,145,2,0.0,3.9130434782608696
GW Aldridge,New Zealand,2011/12,2,0,0,0,0,1,95,117,0,74,1,0.0,4.871794871794871
GW Flower,Zimbabwe,2002/03,10,317,428,26,2,3,174,251,4,714,3,74.06542056074767,4.159362549800797
GW Flower,Zimbabwe,2003,5,125,227,10,0,0,40,56,6,257,1,55.06607929515418,4.285714285714286
GW Flower,Zimbabwe,2003/04,6,150,262,16,0,6,197,264,1,484,1,57.25190839694656,4.4772727272727275
GW Flower,Zimbabwe,2010/11,2,35,46,2,0,0,38,42,0,59,0,76.08695652173914,5.428571428571429
Ghulam Shabber,United Arab Emirates,2016/17,4,25,44,2,0,0,0,0,8,105,2,56.81818181818182,0.0
Ghulam Shabber,United Arab Emirates,2017,2,82,112,8,0,0,0,0,3,160,1,73.21428571428571,0.0
Ghulam Shabber,United Arab Emirates,2017/18,8,211,323,26,3,0,0,0,9,442,3,65.3250773993808,0.0
Ghulam Shabber,United Arab Emirates,2018/19,3,50,104,3,0,0,0,0,6,114,1,48.07692307692308,0.0
Ghulam Shabber,United Arab Emirates,2019,3,76,133,4,0,0,0,0,1,112,0,57.14285714285714,0.0
Gulsan Jha,Nepal,2021/22,1,0,0,0,0,0,17,9,0,3,0,0.0,11.333333333333334
Gulsan Jha,Nepal,2022/23,12,218,290,14,10,9,308,316,1,721,6,75.17241379310344,5.848101265822785
Gulsan Jha,Nepal,2023,9,242,318,18,11,9,313,343,4,779,3,76.10062893081762,5.475218658892128
Gulsan Jha,Nepal,2023/24,3,26,49,3,0,0,17,27,0,46,1,53.06122448979592,3.7777777777777777
Gulsan Jha,Nepal,2024,3,102,122,6,7,7,94,140,2,455,0,83.60655737704919,4.0285714285714285
Gulsan Jha,Nepal,2024/25,2,37,48,3,1,5,118,116,1,228,1,77.08333333333334,6.103448275862069
Gurkeerat Singh,India,2015/16,3,13,13,2,0,0,68,60,1,55,1,100.0,6.8
H Carlyon,Jersey,2023,4,125,149,13,6,2,134,183,0,365,1,83.89261744966443,4.39344262295082
H Davids,South Africa,2013/14,2,8,25,0,0,0,0,0,0,8,1,32.0,0.0
H Dhami,Nepal,2023/24,1,0,0,0,0,3,46,51,0,92,1,0.0,5.411764705882353
H Durham,Bermuda,2006/07,1,4,14,0,0,2,42,62,2,100,0,28.57142857142857,4.064516129032258
H Hiri,Papua New Guinea,2016/17,3,26,66,3,0,0,30,18,0,38,1,39.39393939393939,10.0
H Hiri,Papua New Guinea,2019,4,61,72,3,0,2,26,42,0,140,0,84.72222222222221,3.7142857142857144
H Hiri,Papua New Guinea,2021,3,19,60,1,0,0,0,0,0,19,0,31.666666666666664,0.0
H Hiri,Papua New Guinea,2021/22,4,27,66,1,0,0,15,13,1,36,2,40.909090909090914,6.923076923076923
H Hiri,Papua New Guinea,2022,6,84,152,7,0,0,18,12,0,121,1,55.26315789473685,9.0
H Hiri,Papua New Guinea,2022/23,10,206,343,14,5,0,23,18,1,324,2,60.05830903790087,7.666666666666667
H Hiri,Papua New Guinea,2023,2,12,35,1,0,0,0,0,0,10,0,34.285714285714285,0.0
H Klaasen,South Africa,2017/18,4,110,122,11,3,0,0,0,7,250,1,90.1639344262295,0.0
H Klaasen,South Africa,2018,2,20,21,2,0,0,0,0,1,36,0,95.23809523809523,0.0
H Klaasen,South Africa,2018/19,7,121,151,13,3,0,0,0,8,314,6,80.13245033112582,0.0
H Klaasen,South Africa,2019/20,3,242,230,20,5,0,19,18,1,434,3,105.21739130434781,6.333333333333333
H Klaasen,South Africa,2021,7,120,135,11,2,0,14,12,9,290,3,88.88888888888889,7.0
H Klaasen,South Africa,2022,2,45,52,3,0,0,0,0,1,75,1,86.53846153846155,0.0
H Klaasen,South Africa,2022/23,8,422,333,41,13,0,0,0,7,838,5,126.72672672672674,0.0
H Klaasen,South Africa,2023/24,17,633,460,49,35,0,0,0,11,1340,10,137.6086956521739,0.0
H Klaasen,South Africa,2024/25,3,264,215,27,8,0,0,0,2,530,0,122.79069767441861,0.0
H Masakadza,Zimbabwe,2004/05,7,127,188,15,0,1,43,56,5,290,1,67.5531914893617,4.607142857142857
H Masakadza,Zimbabwe,2005,2,0,7,0,0,0,0,0,0,-6,0,0.0,0.0
H Masakadza,Zimbabwe,2006,1,75,102,2,2,0,43,61,0,141,0,73.52941176470588,4.229508196721311
H Masakadza,Zimbabwe,2006/07,9,180,295,18,2,0,46,29,0,297,0,61.016949152542374,9.517241379310345
H Masakadza,Zimbabwe,2007,3,85,131,14,1,2,67,75,0,226,0,64.8854961832061,5.36
H Masakadza,Zimbabwe,2007/08,8,234,346,20,1,2,114,116,5,499,1,67.63005780346822,5.8965517241379315
H Masakadza,Zimbabwe,2008/09,8,227,273,32,3,0,21,18,4,441,3,83.15018315018315,7.0
H Masakadza,Zimbabwe,2009,5,161,195,10,3,3,119,109,3,397,1,82.56410256410255,6.55045871559633
H Masakadza,Zimbabwe,2009/10,12,241,338,32,3,0,0,0,6,454,2,71.30177514792899,0.0
H Masakadza,Zimbabwe,2010,5,181,240,13,4,1,20,24,2,330,3,75.41666666666667,5.0
H Masakadza,Zimbabwe,2010/11,4,44,83,5,0,1,4,6,1,99,0,53.01204819277109,4.0
H Masakadza,Zimbabwe,2011,8,285,438,20,5,1,80,106,6,536,3,65.06849315068493,4.528301886792453
H Masakadza,Zimbabwe,2011/12,5,68,136,7,0,2,64,75,1,175,1,50.0,5.12
H Masakadza,Zimbabwe,2012/13,2,10,24,1,0,1,71,67,1,67,0,41.66666666666667,6.358208955223881
H Masakadza,Zimbabwe,2013,11,353,475,40,6,1,118,171,1,700,3,74.31578947368422,4.140350877192983
H Masakadza,Zimbabwe,2014,7,211,300,18,5,0,0,0,0,337,1,70.33333333333334,0.0
H Masakadza,Zimbabwe,2014/15,11,256,332,29,6,2,163,165,4,597,1,77.10843373493977,5.927272727272728
H Masakadza,Zimbabwe,2015,9,278,387,29,4,1,86,114,4,560,1,71.83462532299741,4.526315789473684
H Masakadza,Zimbabwe,2015/16,2,22,59,2,0,0,0,0,1,30,1,37.28813559322034,0.0
H Masakadza,Zimbabwe,2016,3,31,59,4,0,0,19,15,0,50,0,52.54237288135594,7.6
H Masakadza,Zimbabwe,2016/17,2,30,51,5,0,0,0,0,1,58,1,58.82352941176471,0.0
H Masakadza,Zimbabwe,2017,7,308,351,43,4,0,0,0,2,588,4,87.74928774928775,0.0
H Masakadza,Zimbabwe,2017/18,9,245,343,29,1,0,0,0,1,411,3,71.42857142857143,0.0
H Masakadza,Zimbabwe,2018,5,132,181,12,6,0,29,18,0,236,0,72.92817679558011,9.666666666666666
H Masakadza,Zimbabwe,2018/19,6,117,196,12,1,1,3,6,1,216,0,59.693877551020414,3.0
H Masakadza,Zimbabwe,2019,5,54,116,8,0,0,14,18,0,86,0,46.55172413793103,4.666666666666667
H Osinde,Canada,2006/07,6,4,8,0,0,12,165,240,1,437,3,50.0,4.125
H Osinde,Canada,2007/08,1,0,2,0,0,1,31,45,0,39,0,0.0,4.133333333333334
H Osinde,Canada,2008,1,1,7,0,0,0,30,57,0,28,0,14.285714285714285,3.1578947368421053
H Osinde,Canada,2009,2,0,0,0,0,4,43,97,1,170,2,0.0,2.6597938144329896
H Osinde,Canada,2010,1,0,0,0,0,0,21,19,1,14,1,0.0,6.631578947368421
H Osinde,Canada,2010/11,5,6,17,0,0,6,151,231,2,278,1,35.294117647058826,3.9220779220779223
H Osinde,Canada,2012/13,1,0,0,0,0,2,32,50,0,68,0,0.0,3.84
H Patel,Canada,2009,1,7,16,0,0,0,0,0,0,7,1,43.75,0.0
H Patel,Canada,2010,2,10,11,1,1,1,15,38,2,76,1,90.9090909090909,2.368421052631579
H Patel,Canada,2010/11,2,85,84,10,4,0,19,6,0,169,0,101.19047619047619,19.0
H Patel,Canada,2011,2,40,43,7,0,0,32,31,0,78,0,93.02325581395348,6.193548387096774
H Patel,Canada,2012/13,1,0,5,0,0,1,30,32,0,32,0,0.0,5.625
H Patel,Canada,2013,2,34,39,3,1,0,0,0,0,53,0,87.17948717948718,0.0
H Shah,Nepal,2022/23,3,9,25,1,0,0,55,60,1,41,1,36.0,5.5
H Thaker,Canada,2023,4,59,124,2,2,6,110,217,1,335,2,47.58064516129033,3.0414746543778803
H Thaker,Canada,2023/24,7,298,405,19,4,8,266,340,3,840,4,73.58024691358025,4.694117647058824
H Thaker,Canada,2024,8,255,387,16,5,6,221,325,4,688,4,65.89147286821705,4.08
HA Varaiya,Kenya,2006,1,2,3,0,0,0,33,30,0,12,0,66.66666666666666,6.6
HA Varaiya,Kenya,2006/07,4,17,56,1,0,1,132,145,1,101,1,30.357142857142854,5.462068965517241
HA Varaiya,Kenya,2007/08,4,4,16,0,0,6,74,128,1,216,4,25.0,3.46875
HA Varaiya,Kenya,2008,1,1,1,0,0,0,0,0,0,1,0,100.0,0.0
HA Varaiya,Kenya,2008/09,1,4,12,0,0,1,46,48,1,53,0,33.33333333333333,5.75
HA Varaiya,Kenya,2009,1,2,16,0,0,0,35,32,0,16,0,12.5,6.5625
HA Varaiya,Kenya,2011/12,2,0,1,0,0,4,86,121,0,147,1,0.0,4.264462809917355
HA Varaiya,Kenya,2012/13,1,0,0,0,0,1,44,60,1,59,1,0.0,4.4
HA Varaiya,Kenya,2013/14,2,13,14,2,0,1,83,121,0,90,1,92.85714285714286,4.115702479338843
HAPW Jayawardene,Sri Lanka,2002/03,3,4,10,0,0,0,0,0,3,43,1,40.0,0.0
HB Shipley,New Zealand,2022/23,5,8,28,0,0,11,184,223,2,394,2,28.57142857142857,4.95067264573991
HB Shipley,New Zealand,2023,3,10,13,0,0,4,158,181,0,175,1,76.92307692307693,5.23756906077348
HC Brook,England,2022/23,3,86,88,8,4,0,0,0,0,165,1,97.72727272727273,0.0
HC Brook,England,2023,3,37,68,2,0,0,0,0,1,57,2,54.41176470588235,0.0
HC Brook,England,2023/24,8,218,213,22,8,0,0,0,1,386,4,102.34741784037557,0.0
HC Brook,England,2024,5,312,250,30,14,0,0,0,0,612,2,124.8,0.0
HD Rutherford,New Zealand,2012/13,2,13,44,2,0,0,0,0,2,35,0,29.545454545454547,0.0
HD Rutherford,New Zealand,2013/14,2,2,12,0,0,0,0,0,0,2,0,16.666666666666664,0.0
HDPK Dharmasena,Sri Lanka,2002/03,3,55,64,4,0,2,106,153,0,177,1,85.9375,4.1568627450980395
HDPK Dharmasena,Sri Lanka,2003,3,72,84,4,0,1,77,150,0,197,1,85.71428571428571,3.08
HDPK Dharmasena,Sri Lanka,2003/04,2,2,7,0,0,1,87,122,0,66,1,28.57142857142857,4.278688524590164
HDRL Thirimanne,Sri Lanka,2009/10,1,22,26,4,0,0,0,0,1,46,1,84.61538461538461,0.0
HDRL Thirimanne,Sri Lanka,2010,1,15,22,0,0,0,0,0,0,15,0,68.18181818181817,0.0
HDRL Thirimanne,Sri Lanka,2011/12,13,357,468,20,1,1,25,25,7,580,6,76.28205128205127,6.0
HDRL Thirimanne,Sri Lanka,2012,6,197,280,10,4,0,0,0,4,331,2,70.35714285714286,0.0
HDRL Thirimanne,Sri Lanka,2012/13,7,152,211,17,2,0,0,0,4,299,3,72.03791469194313,0.0
HDRL Thirimanne,Sri Lanka,2013,11,247,480,17,1,0,16,25,3,362,6,51.45833333333333,3.84
HDRL Thirimanne,Sri Lanka,2013/14,9,327,420,38,2,0,0,0,4,611,6,77.85714285714286,0.0
HDRL Thirimanne,Sri Lanka,2014,9,174,314,10,2,0,0,0,1,237,5,55.4140127388535,0.0
HDRL Thirimanne,Sri Lanka,2014/15,20,677,860,62,6,2,50,57,7,1234,9,78.72093023255815,5.2631578947368425
HDRL Thirimanne,Sri Lanka,2015,5,203,260,13,1,0,0,0,1,313,2,78.07692307692308,0.0
HDRL Thirimanne,Sri Lanka,2015/16,7,210,281,16,2,0,0,0,0,334,4,74.73309608540926,0.0
HDRL Thirimanne,Sri Lanka,2017,3,165,238,9,3,0,0,0,1,263,0,69.32773109243698,0.0
HDRL Thirimanne,Sri Lanka,2017/18,7,195,323,11,0,0,0,0,2,276,1,60.371517027863774,0.0
HDRL Thirimanne,Sri Lanka,2019,6,187,204,14,1,0,0,0,1,287,3,91.66666666666666,0.0
HDRL Thirimanne,Sri Lanka,2019/20,2,36,57,4,0,0,0,0,0,53,0,63.1578947368421,0.0
HE van der Dussen,South Africa,2018/19,9,353,474,23,6,0,0,0,6,609,7,74.47257383966245,0.0
HE van der Dussen,South Africa,2019,6,311,348,14,10,0,0,0,1,495,1,89.36781609195403,0.0
HE van der Dussen,South Africa,2019/20,2,43,53,4,0,0,0,0,0,63,1,81.13207547169812,0.0
HE van der Dussen,South Africa,2021,7,342,365,28,6,0,0,0,2,588,3,93.69863013698631,0.0
HE van der Dussen,South Africa,2021/22,6,316,321,25,6,1,3,6,4,615,4,98.4423676012461,3.0
HE van der Dussen,South Africa,2022,3,160,161,14,0,0,0,0,0,279,1,99.37888198757764,0.0
HE van der Dussen,South Africa,2022/23,7,232,269,21,2,0,0,0,4,414,5,86.2453531598513,0.0
HE van der Dussen,South Africa,2023/24,16,527,664,49,10,0,0,0,6,958,9,79.36746987951807,0.0
HE van der Dussen,South Africa,2024/25,6,104,151,9,2,0,0,0,4,189,2,68.87417218543047,0.0
HF Gurney,England,2014,7,7,15,1,0,10,258,325,1,402,3,46.666666666666664,4.763076923076923
HF Gurney,England,2014/15,3,8,18,0,0,1,148,155,0,88,0,44.44444444444444,5.7290322580645165
HG Munsey,Scotland,2014,1,0,0,0,0,0,0,0,1,8,1,0.0,0.0
HG Munsey,Scotland,2016/17,1,24,38,2,1,0,0,0,0,38,0,63.1578947368421,0.0
HG Munsey,Scotland,2017/18,9,236,301,30,5,0,0,0,4,443,3,78.40531561461795,0.0
HG Munsey,Scotland,2019,5,114,141,12,3,0,0,0,3,221,3,80.85106382978722,0.0
HG Munsey,Scotland,2019/20,3,39,54,4,1,0,0,0,0,61,1,72.22222222222221,0.0
HG Munsey,Scotland,2021,6,230,288,14,9,0,0,0,1,398,4,79.86111111111111,0.0
HG Munsey,Scotland,2022,10,376,468,35,6,0,0,0,6,678,7,80.34188034188034,0.0
HG Munsey,Scotland,2022/23,6,281,245,38,12,0,0,0,1,601,4,114.6938775510204,0.0
HG Munsey,Scotland,2023,4,73,127,5,0,0,0,0,4,129,3,57.48031496062992,0.0
HG Munsey,Scotland,2023/24,3,141,178,17,4,0,0,0,0,257,1,79.21348314606742,0.0
HG Munsey,Scotland,2024,3,161,127,23,4,0,0,0,1,323,2,126.77165354330708,0.0
HGV Vare,Papua New Guinea,2022/23,5,16,20,2,0,0,0,0,4,78,3,80.0,0.0
HGV Vare,Papua New Guinea,2023,1,4,11,0,0,0,0,0,3,32,0,36.36363636363637,0.0
HH Dippenaar,South Africa,2002/03,4,108,162,9,1,0,0,0,3,202,2,66.66666666666666,0.0
HH Dippenaar,South Africa,2003/04,9,305,483,24,2,0,0,0,4,505,4,63.14699792960663,0.0
HH Dippenaar,Africa XI,2005,2,21,49,3,0,0,0,0,1,35,1,42.857142857142854,0.0
HH Dippenaar,South Africa,2005,2,121,130,9,1,0,0,0,1,199,2,93.07692307692308,0.0
HH Dippenaar,South Africa,2005/06,13,541,789,52,3,0,0,0,5,945,6,68.56780735107732,0.0
HH Dippenaar,South Africa,2006/07,5,110,203,9,0,0,0,0,1,171,4,54.187192118226605,0.0
HH Dippenaar,Africa XI,2007,3,77,87,11,0,0,0,0,2,146,0,88.50574712643679,0.0
HH Gibbs,South Africa,2002/03,6,384,390,52,10,0,0,0,1,772,3,98.46153846153847,0.0
HH Gibbs,South Africa,2003,5,22,53,3,0,0,0,0,1,38,3,41.509433962264154,0.0
HH Gibbs,South Africa,2003/04,7,130,207,18,0,0,0,0,4,238,4,62.80193236714976,0.0
HH Gibbs,South Africa,2004,3,134,175,15,1,0,0,0,1,254,0,76.57142857142857,0.0
HH Gibbs,South Africa,2004/05,10,492,589,42,6,0,0,0,5,879,7,83.5314091680815,0.0
HH Gibbs,South Africa,2005,1,44,58,1,2,0,0,0,0,64,1,75.86206896551724,0.0
HH Gibbs,South Africa,2005/06,15,585,641,65,12,0,0,0,5,1119,8,91.26365054602185,0.0
HH Gibbs,South Africa,2006/07,19,581,688,43,16,0,0,0,11,1075,11,84.44767441860465,0.0
HH Gibbs,South Africa,2007,5,191,211,23,4,0,0,0,2,377,3,90.52132701421802,0.0
HH Gibbs,South Africa,2007/08,14,564,658,71,14,0,0,0,8,1148,11,85.71428571428571,0.0
HH Gibbs,South Africa,2008,5,136,161,17,1,0,0,0,2,242,0,84.472049689441,0.0
HH Gibbs,South Africa,2008/09,11,447,527,57,4,0,0,0,6,849,8,84.81973434535104,0.0
HH Gibbs,South Africa,2009/10,3,56,76,7,2,0,0,0,2,122,0,73.68421052631578,0.0
HH Pandya,India,2016/17,7,160,139,12,4,9,284,318,3,615,4,115.10791366906474,5.3584905660377355
HH Pandya,India,2017,13,148,104,6,12,14,480,617,4,883,10,142.30769230769232,4.6677471636953
HH Pandya,India,2017/18,17,320,313,21,15,16,622,735,7,1266,13,102.23642172523961,5.077551020408163
HH Pandya,India,2018,4,42,43,3,0,1,173,171,1,144,2,97.67441860465115,6.0701754385964914
HH Pandya,India,2018/19,3,61,42,6,5,4,105,132,2,290,2,145.23809523809524,4.7727272727272725
HH Pandya,India,2019,8,219,201,21,4,8,381,429,2,714,6,108.95522388059702,5.328671328671328
HH Pandya,India,2020/21,6,310,260,21,14,1,72,78,1,613,3,119.23076923076923,5.538461538461538
HH Pandya,India,2021,3,19,20,3,0,2,81,92,1,116,2,95.0,5.282608695652174
HH Pandya,India,2022,3,100,100,12,0,6,71,105,0,375,2,100.0,4.057142857142857
HH Pandya,India,2022/23,8,198,221,16,6,9,259,277,4,697,6,89.59276018099548,5.610108303249098
HH Pandya,India,2023,8,174,185,11,6,7,129,207,1,576,6,94.05405405405406,3.739130434782609
HH Pandya,India,2023/24,3,11,8,0,1,3,70,57,1,119,3,137.5,7.368421052631579
HH Streak,Zimbabwe,2002/03,12,206,214,19,5,15,412,603,5,1003,4,96.26168224299066,4.099502487562189
HH Streak,Zimbabwe,2003,5,67,125,5,0,8,130,245,0,418,1,53.6,3.183673469387755
HH Streak,Zimbabwe,2003/04,10,345,536,25,3,15,333,521,3,1161,3,64.36567164179104,3.8349328214971212
HH Streak,Zimbabwe,2004/05,1,68,109,5,0,1,25,51,0,154,0,62.38532110091744,2.9411764705882355
HH Streak,Africa XI,2005,1,14,35,1,0,0,0,0,1,24,0,40.0,0.0
HH Streak,Zimbabwe,2005,2,36,87,3,1,2,73,130,1,173,0,41.37931034482759,3.3692307692307693
HJC Mol,Netherlands,2002/03,4,38,103,4,0,2,87,80,1,130,1,36.89320388349515,6.5249999999999995
HJC Mol,Netherlands,2007,1,0,0,0,0,2,17,38,0,70,0,0.0,2.6842105263157894
HJC Mol,Netherlands,2008,1,4,22,0,0,0,0,0,0,-2,0,18.181818181818183,0.0
HJH Marshall,New Zealand,2003/04,5,168,259,14,0,0,0,0,0,250,2,64.86486486486487,0.0
HJH Marshall,New Zealand,2004,4,60,83,4,0,0,0,0,1,85,3,72.28915662650603,0.0
HJH Marshall,New Zealand,2004/05,5,144,229,6,0,0,0,0,0,184,2,62.882096069869,0.0
HJH Marshall,New Zealand,2005,2,10,14,1,0,0,0,0,1,22,2,71.42857142857143,0.0
HJH Marshall,New Zealand,2005/06,10,164,231,9,0,0,0,0,2,232,6,70.995670995671,0.0
HJH Marshall,New Zealand,2006/07,13,115,164,10,1,0,0,0,5,216,5,70.1219512195122,0.0
HJW Gardiner,Scotland,2013,1,6,16,0,0,0,0,0,0,6,0,37.5,0.0
HJW Gardiner,Scotland,2014,3,112,159,13,0,0,0,0,1,190,1,70.44025157232704,0.0
HJW Gardiner,Scotland,2014/15,3,24,45,3,0,0,0,0,3,57,0,53.333333333333336,0.0
HK Badani,India,2003/04,6,135,175,9,1,1,52,63,3,265,2,77.14285714285715,4.9523809523809526
HK Bennett,New Zealand,2010/11,11,7,28,0,0,20,406,509,0,704,4,25.0,4.785854616895874
HK Bennett,New Zealand,2013/14,2,3,7,0,0,3,102,119,2,143,1,42.857142857142854,5.142857142857143
HK Bennett,New Zealand,2017,2,0,0,0,0,4,71,122,1,158,1,0.0,3.4918032786885247
HK Bennett,New Zealand,2019/20,3,0,0,0,0,6,189,184,0,219,3,0.0,6.163043478260869
HK Olonga,Zimbabwe,2002/03,3,3,12,0,0,1,19,51,1,71,2,25.0,2.235294117647059
HM Amla,South Africa,2007/08,3,25,46,3,0,0,0,0,1,45,3,54.347826086956516,0.0
HM Amla,South Africa,2008,3,83,97,14,0,0,0,0,1,157,0,85.56701030927834,0.0
HM Amla,South Africa,2008/09,8,248,326,22,1,0,0,0,4,434,6,76.07361963190185,0.0
HM Amla,South Africa,2009/10,8,395,491,39,0,0,0,0,5,687,4,80.44806517311609,0.0
HM Amla,South Africa,2010,5,402,408,32,3,0,0,0,0,686,5,98.52941176470588,0.0
HM Amla,South Africa,2010/11,20,1091,1127,113,4,0,0,0,6,1913,14,96.80567879325643,0.0
HM Amla,South Africa,2011/12,8,419,503,42,3,0,0,0,4,750,6,83.30019880715706,0.0
HM Amla,South Africa,2012,4,335,363,33,2,0,0,0,2,613,2,92.28650137741047,0.0
HM Amla,South Africa,2012/13,6,217,269,21,1,0,0,0,3,370,3,80.66914498141264,0.0
HM Amla,South Africa,2013,6,222,244,26,0,0,0,0,3,406,1,90.98360655737704,0.0
HM Amla,South Africa,2013/14,9,379,473,36,1,0,0,0,11,705,6,80.12684989429175,0.0
HM Amla,South Africa,2014,10,567,698,46,5,0,0,0,7,985,8,81.23209169054442,0.0
HM Amla,South Africa,2014/15,20,1071,1181,114,11,0,0,0,9,2039,12,90.68585944115156,0.0
HM Amla,South Africa,2015,6,227,284,29,3,0,0,0,5,443,3,79.92957746478874,0.0
HM Amla,South Africa,2015/16,10,285,367,30,2,0,0,0,6,538,6,77.65667574931881,0.0
HM Amla,South Africa,2016,6,241,282,24,1,0,0,0,2,412,2,85.46099290780141,0.0
HM Amla,South Africa,2016/17,13,435,493,55,7,0,0,0,6,867,11,88.23529411764706,0.0
HM Amla,South Africa,2017,6,306,358,32,3,0,0,0,4,552,2,85.47486033519553,0.0
HM Amla,South Africa,2017/18,8,349,411,28,0,0,0,0,2,557,3,84.91484184914842,0.0
HM Amla,South Africa,2018,5,161,150,24,1,0,0,0,2,302,3,107.33333333333333,0.0
HM Amla,South Africa,2018/19,5,214,251,21,1,0,0,0,0,360,3,85.2589641434263,0.0
HM Amla,South Africa,2019,6,162,236,12,0,0,0,0,3,270,1,68.64406779661016,0.0
HM Nicholls,New Zealand,2015/16,10,219,299,20,1,0,0,0,6,403,7,73.24414715719062,0.0
HM Nicholls,New Zealand,2016/17,1,3,11,0,0,0,0,0,2,19,0,27.27272727272727,0.0
HM Nicholls,New Zealand,2017/18,15,373,402,28,5,0,0,0,4,618,10,92.7860696517413,0.0
HM Nicholls,New Zealand,2018/19,14,434,516,41,4,0,0,0,4,737,8,84.10852713178295,0.0
HM Nicholls,New Zealand,2019,4,91,154,8,0,0,0,0,0,132,1,59.09090909090909,0.0
HM Nicholls,New Zealand,2019/20,4,209,273,26,0,0,0,0,2,379,3,76.55677655677655,0.0
HM Nicholls,New Zealand,2020/21,3,80,93,9,0,0,0,0,3,144,3,86.02150537634408,0.0
HM Nicholls,New Zealand,2021/22,3,78,132,7,1,0,0,0,1,132,3,59.09090909090909,0.0
HM Nicholls,New Zealand,2022,3,103,93,9,3,0,0,0,0,193,3,110.75268817204301,0.0
HM Nicholls,New Zealand,2022/23,5,106,150,11,2,0,0,0,2,206,2,70.66666666666667,0.0
HM Nicholls,New Zealand,2023,10,264,360,21,2,0,0,0,3,412,4,73.33333333333333,0.0
HM Nicholls,New Zealand,2023/24,3,96,114,8,1,0,0,0,2,171,2,84.21052631578947,0.0
HM Nicholls,New Zealand,2024/25,3,60,82,6,0,0,0,0,2,100,0,73.17073170731707,0.0
HMCM Bandara,Sri Lanka,2005/06,13,44,78,2,1,14,434,552,2,624,6,56.41025641025641,4.717391304347826
HMCM Bandara,Sri Lanka,2006,3,28,23,3,1,1,124,153,1,145,3,121.73913043478262,4.862745098039215
HMCM Bandara,Sri Lanka,2006/07,4,27,35,0,2,3,171,203,0,197,1,77.14285714285715,5.054187192118226
HMCM Bandara,Sri Lanka,2007,2,0,0,0,0,3,100,118,0,116,2,0.0,5.084745762711864
HMCM Bandara,Sri Lanka,2009,3,31,49,1,0,2,82,97,0,126,1,63.26530612244898,5.072164948453608
HMCM Bandara,Sri Lanka,2009/10,1,0,0,0,0,0,40,61,1,30,1,0.0,3.934426229508197
HMRKB Herath,Sri Lanka,2004,2,0,1,0,0,0,56,78,0,25,2,0.0,4.3076923076923075
HMRKB Herath,Sri Lanka,2010,2,2,3,0,0,4,66,102,1,148,2,66.66666666666666,3.8823529411764706
HMRKB Herath,Sri Lanka,2010/11,5,6,14,0,0,4,208,291,0,234,4,42.857142857142854,4.288659793814433
HMRKB Herath,Sri Lanka,2011,1,9,13,0,0,0,56,51,0,26,0,69.23076923076923,6.588235294117647
HMRKB Herath,Sri Lanka,2011/12,13,22,33,0,1,8,459,640,2,486,7,66.66666666666666,4.303125
HMRKB Herath,Sri Lanka,2012,6,17,16,1,1,2,207,283,0,182,2,106.25,4.3886925795053005
HMRKB Herath,Sri Lanka,2012/13,5,2,5,0,0,4,138,236,0,202,3,40.0,3.5084745762711864
HMRKB Herath,Sri Lanka,2013,12,48,92,3,0,18,363,581,0,745,6,52.17391304347826,3.748709122203098
HMRKB Herath,Sri Lanka,2013/14,3,17,9,4,0,2,68,54,1,108,1,188.88888888888889,7.555555555555555
HMRKB Herath,Sri Lanka,2014,5,1,9,0,0,6,170,206,2,246,2,11.11111111111111,4.951456310679611
HMRKB Herath,Sri Lanka,2014/15,10,16,34,2,0,11,406,531,1,507,6,47.05882352941176,4.5875706214689265
HN Ya France,Namibia,2019,3,2,2,0,0,1,54,90,0,60,3,100.0,3.6
HN Ya France,Namibia,2019/20,3,17,20,1,0,1,53,72,1,86,1,85.0,4.416666666666667
HN Ya France,Namibia,2021/22,2,1,2,0,0,1,36,49,0,43,1,50.0,4.408163265306123
HN Ya France,Namibia,2022,1,1,6,0,0,0,12,12,1,13,1,16.666666666666664,6.0
HN Ya France,Namibia,2022/23,9,154,183,14,6,5,246,308,5,553,4,84.15300546448088,4.792207792207792
HN Ya France,Namibia,2023,4,62,80,5,2,4,116,195,0,279,2,77.5,3.5692307692307694
HP Rinke,Zimbabwe,2006,5,23,46,3,0,0,55,43,0,46,0,50.0,7.674418604651162
HP Rinke,Zimbabwe,2006/07,3,5,18,0,0,2,56,54,0,73,0,27.77777777777778,6.222222222222222
HP Tillakaratne,Sri Lanka,2002/03,14,332,562,28,0,0,0,0,10,562,5,59.07473309608541,0.0
HR Johnson,United States of America,2004,2,9,21,0,0,1,61,67,0,57,0,42.857142857142854,5.462686567164179
HR Walsh,United States of America,2019,1,27,38,4,0,0,9,6,0,49,0,71.05263157894737,9.0
HR Walsh,West Indies,2019/20,6,68,82,6,1,7,198,250,1,375,4,82.92682926829268,4.752000000000001
HR Walsh,West Indies,2020/21,1,0,0,0,0,0,0,0,1,8,1,0.0,0.0
HR Walsh,West Indies,2021,3,27,38,5,0,6,109,164,0,261,1,71.05263157894737,3.9878048780487805
HR Walsh,West Indies,2021/22,1,13,40,1,0,2,58,61,0,83,0,32.5,5.704918032786885
HR Walsh,West Indies,2022,8,16,22,2,0,7,367,404,1,357,3,72.72727272727273,5.4504950495049505
HR Walsh,West Indies,2023/24,1,20,37,0,0,0,39,46,0,35,0,54.054054054054056,5.08695652173913
HR Walsh,West Indies,2024/25,3,1,7,0,0,0,78,54,1,23,1,14.285714285714285,8.666666666666666
HS Baidwan,Canada,2008,1,33,48,2,0,1,39,60,0,92,0,68.75,3.9
HS Baidwan,Canada,2009,1,0,0,0,0,2,34,54,0,74,1,0.0,3.7777777777777777
HS Baidwan,Canada,2010,2,11,14,1,0,2,71,102,1,119,1,78.57142857142857,4.176470588235294
HS Baidwan,Canada,2010/11,6,54,80,6,0,13,296,337,1,532,1,67.5,5.270029673590504
HS Baidwan,Canada,2011,2,14,22,1,0,3,133,123,0,132,0,63.63636363636363,6.487804878048781
HS Baidwan,Canada,2013,2,2,8,0,0,0,44,60,1,31,0,25.0,4.4
HS Baidwan,Canada,2013/14,2,3,10,0,0,1,77,84,1,64,0,30.0,5.5
HS Modi,Kenya,2002/03,9,159,368,10,0,0,0,0,1,203,3,43.20652173913043,0.0
HS Modi,Kenya,2004,2,23,30,3,0,0,0,0,0,35,0,76.66666666666667,0.0
HS Modi,Kenya,2006,2,23,59,2,0,0,0,0,1,37,0,38.983050847457626,0.0
HT Tector,Ireland,2020,3,57,92,5,0,0,0,0,1,90,1,61.95652173913043,0.0
HT Tector,Ireland,2020/21,2,39,76,1,0,0,0,0,1,55,1,51.31578947368421,0.0
HT Tector,Ireland,2021,9,339,414,28,8,0,0,0,4,604,3,81.88405797101449,0.0
HT Tector,Ireland,2021/22,3,159,229,12,2,0,0,0,3,279,2,69.43231441048034,0.0
HT Tector,Ireland,2022,3,225,253,21,8,0,0,0,1,441,0,88.93280632411067,0.0
HT Tector,Ireland,2022/23,5,179,187,15,2,1,125,110,2,389,1,95.72192513368985,6.818181818181818
HT Tector,Ireland,2023,10,478,512,36,19,0,14,25,6,914,3,93.359375,3.36
HT Tector,Ireland,2023/24,2,54,80,5,1,1,4,13,0,119,2,67.5,1.8461538461538463
HT Tector,Ireland,2024/25,3,92,88,9,1,0,0,0,2,166,1,104.54545454545455,0.0
HWR Cartwright,Australia,2017/18,3,2,23,0,0,0,0,0,2,18,0,8.695652173913043,0.0
Habibul Bashar,Bangladesh,2002/03,2,0,10,0,0,0,0,0,0,-6,0,0.0,0.0
Habibul Bashar,Bangladesh,2003,6,89,200,7,0,0,0,0,0,114,0,44.5,0.0
Habibul Bashar,Bangladesh,2003/04,3,33,94,4,0,0,0,0,0,43,0,35.1063829787234,0.0
Habibul Bashar,Bangladesh,2004,5,53,71,5,0,0,0,0,2,90,0,74.64788732394366,0.0
Habibul Bashar,Bangladesh,2004/05,5,167,249,17,0,0,0,0,0,255,1,67.06827309236948,0.0
Habibul Bashar,Bangladesh,2005,6,120,180,11,0,0,0,0,0,167,1,66.66666666666666,0.0
Habibul Bashar,Bangladesh,2005/06,6,220,391,17,1,0,0,0,4,362,1,56.26598465473146,0.0
Habibul Bashar,Bangladesh,2006/07,16,201,384,16,0,0,0,0,7,321,8,52.34375,0.0
Habibul Bashar,Bangladesh,2007,2,43,92,0,2,0,0,0,0,54,0,46.73913043478261,0.0
Haider Ali,Pakistan,2020/21,2,42,33,4,2,0,0,0,1,86,1,127.27272727272727,0.0
Hammad Azam,Pakistan,2011,3,37,72,1,1,1,40,49,1,108,2,51.388888888888886,4.8979591836734695
Hammad Azam,Pakistan,2011/12,3,38,47,4,1,1,40,43,0,103,2,80.85106382978722,5.5813953488372094
Hammad Azam,Pakistan,2015,3,4,12,0,0,0,42,49,1,28,2,33.33333333333333,5.142857142857143
Hammad Mirza,Oman,2024/25,4,58,106,4,0,0,0,0,4,140,4,54.71698113207547,0.0
Hamza Tahir,Scotland,2019,3,0,0,0,0,10,98,178,0,339,3,0.0,3.303370786516854
Hamza Tahir,Scotland,2019/20,3,0,2,0,0,3,125,164,0,129,1,0.0,4.573170731707317
Hamza Tahir,Scotland,2021,4,0,0,0,0,5,149,209,0,212,3,0.0,4.277511961722488
Hamza Tahir,Scotland,2022,14,25,77,2,0,19,481,730,2,802,10,32.467532467532465,3.953424657534246
Hamza Tahir,Scotland,2022/23,5,1,2,0,0,0,132,142,2,67,3,50.0,5.577464788732394
Hamza Tariq,Canada,2011,2,28,57,1,1,0,0,0,0,38,0,49.122807017543856,0.0
Hamza Tariq,Canada,2012/13,1,0,4,0,0,0,0,0,0,-3,0,0.0,0.0
Hamza Tariq,Canada,2013/14,2,71,83,13,1,0,0,0,1,158,0,85.54216867469879,0.0
Hannan Sarkar,Bangladesh,2002/03,2,34,64,6,0,0,0,0,0,64,0,53.125,0.0
Hannan Sarkar,Bangladesh,2003,5,96,201,9,0,0,0,0,3,172,0,47.76119402985074,0.0
Hannan Sarkar,Bangladesh,2003/04,4,110,201,11,2,0,13,3,1,188,0,54.72636815920397,26.0
Hannan Sarkar,Bangladesh,2004,2,40,71,2,0,0,0,0,1,60,0,56.33802816901409,0.0
Harbhajan Singh,India,2002/03,12,72,77,6,3,12,374,580,2,669,8,93.5064935064935,3.8689655172413793
Harbhajan Singh,India,2003/04,3,11,15,1,0,2,121,183,1,141,1,73.33333333333333,3.9672131147540983
Harbhajan Singh,India,2004,6,60,73,7,1,9,188,364,1,494,3,82.1917808219178,3.098901098901099
Harbhajan Singh,India,2004/05,5,31,60,2,0,3,207,274,1,220,3,51.66666666666667,4.532846715328468
Harbhajan Singh,India,2005,4,0,0,0,0,3,121,195,0,152,3,0.0,3.723076923076923
Harbhajan Singh,India,2005/06,13,81,76,7,3,20,482,761,5,1007,10,106.57894736842107,3.8002628120893562
Harbhajan Singh,India,2006,4,35,46,3,0,2,155,243,1,207,0,76.08695652173914,3.8271604938271606
Harbhajan Singh,India,2006/07,17,94,144,6,3,12,595,902,2,801,5,65.27777777777779,3.957871396895787
Harbhajan Singh,Asia XI,2007,3,24,25,2,1,2,100,121,2,144,3,96.0,4.958677685950413
Harbhajan Singh,India,2007/08,18,158,175,12,3,10,682,948,4,907,10,90.28571428571428,4.3164556962025316
Harbhajan Singh,India,2008,4,17,44,0,0,5,98,187,0,227,3,38.63636363636363,3.1443850267379676
Harbhajan Singh,India,2008/09,9,9,15,0,0,9,349,414,1,398,8,60.0,5.057971014492754
Harbhajan Singh,India,2009,6,32,37,0,2,7,256,315,3,357,4,86.48648648648648,4.876190476190477
Harbhajan Singh,India,2009/10,17,117,128,11,4,20,731,976,3,1082,7,91.40625,4.493852459016393
Harbhajan Singh,India,2010,3,22,20,0,2,3,96,148,1,178,3,110.00000000000001,3.8918918918918917
Harbhajan Singh,India,2010/11,14,60,94,2,3,11,571,820,7,739,9,63.829787234042556,4.1780487804878055
Harbhajan Singh,India,2011,3,47,69,1,2,3,92,187,2,243,3,68.11594202898551,2.9518716577540105
Harbhajan Singh,India,2015,3,5,4,0,0,4,108,182,2,191,3,125.0,3.5604395604395607
Harbhajan Singh,India,2015/16,4,42,45,3,1,6,207,245,0,289,2,93.33333333333333,5.06938775510204
Haris Rauf,Pakistan,2020/21,2,0,0,0,0,1,83,107,1,74,2,0.0,4.654205607476636
Haris Rauf,Pakistan,2021,6,2,12,0,0,13,308,316,2,455,2,16.666666666666664,5.848101265822785
Haris Rauf,Pakistan,2021/22,3,7,18,1,0,5,134,167,2,219,2,38.88888888888889,4.81437125748503
Haris Rauf,Pakistan,2022,4,0,0,0,0,10,186,197,0,334,4,0.0,5.66497461928934
Haris Rauf,Pakistan,2022/23,3,1,4,0,0,1,139,153,0,80,1,25.0,5.450980392156863
Haris Rauf,Pakistan,2023,8,1,9,0,0,18,333,377,3,619,5,11.11111111111111,5.29973474801061
Haris Rauf,Pakistan,2023/24,8,53,45,5,4,16,457,441,0,647,4,117.77777777777779,6.217687074829932
Haris Rauf,Pakistan,2024/25,8,6,5,0,1,13,274,355,2,512,6,120.0,4.630985915492958
Haris Sohail,Pakistan,2013,3,45,66,4,0,0,0,0,2,81,1,68.18181818181817,0.0
Haris Sohail,Pakistan,2014/15,13,441,589,38,5,9,406,445,6,1120,5,74.87266553480475,5.474157303370786
Haris Sohail,Pakistan,2015,5,288,301,18,6,0,31,18,0,472,2,95.68106312292359,10.333333333333334
Haris Sohail,Pakistan,2017/18,2,113,168,9,1,1,29,36,0,216,0,67.26190476190477,4.833333333333333
Haris Sohail,Pakistan,2018/19,6,351,403,29,6,1,75,84,3,702,0,87.09677419354838,5.357142857142857
Haris Sohail,Pakistan,2019,7,240,231,25,5,0,35,30,3,452,3,103.89610389610388,7.0
Haris Sohail,Pakistan,2019/20,2,96,98,4,1,0,0,0,2,152,2,97.95918367346938,0.0
Haris Sohail,Pakistan,2020/21,1,71,84,6,2,0,0,0,0,119,1,84.52380952380952,0.0
Haris Sohail,Pakistan,2022/23,3,64,70,3,2,0,0,0,0,94,1,91.42857142857143,0.0
Harmeet Singh,United States of America,2024,6,23,33,1,2,6,194,331,1,332,4,69.6969696969697,3.516616314199396
Harmeet Singh,United States of America,2024/25,3,95,87,7,4,1,128,162,1,254,1,109.19540229885058,4.7407407407407405
Hasan Ali,Pakistan,2016,5,13,37,0,0,8,253,271,2,321,2,35.13513513513514,5.601476014760148
Hasan Ali,Pakistan,2016/17,8,24,21,0,1,15,385,399,0,576,4,114.28571428571428,5.7894736842105265
Hasan Ali,Pakistan,2017,8,0,2,0,0,19,297,390,3,678,6,0.0,4.569230769230769
Hasan Ali,Pakistan,2017/18,9,71,46,6,5,20,365,471,2,855,5,154.34782608695653,4.649681528662421
Hasan Ali,Pakistan,2018,7,11,19,1,0,10,252,313,0,391,4,57.89473684210527,4.8306709265175725
Hasan Ali,Pakistan,2018/19,7,78,73,6,3,4,226,253,3,356,2,106.84931506849315,5.359683794466403
Hasan Ali,Pakistan,2019,8,77,51,5,7,5,499,439,0,407,1,150.98039215686273,6.8200455580865595
Hasan Ali,Pakistan,2021,4,73,40,5,7,7,215,208,0,400,1,182.5,6.2019230769230775
Hasan Ali,Pakistan,2021/22,1,2,9,0,0,0,51,52,0,19,0,22.22222222222222,5.884615384615385
Hasan Ali,Pakistan,2022,2,8,4,1,0,2,91,98,1,108,2,200.0,5.571428571428572
Hasan Ali,Pakistan,2023/24,5,20,29,4,0,8,262,260,0,331,3,68.96551724137932,6.046153846153846
Hasan Mahmud,Bangladesh,2020/21,3,1,5,0,0,5,127,120,0,169,2,20.0,6.35
Hasan Mahmud,Bangladesh,2022,2,0,4,0,0,3,73,110,0,132,1,0.0,3.981818181818182
Hasan Mahmud,Bangladesh,2022/23,2,0,2,0,0,5,67,94,0,178,2,0.0,4.276595744680852
Hasan Mahmud,Bangladesh,2023,7,17,28,2,0,9,280,341,0,383,2,60.71428571428571,4.926686217008798
Hasan Mahmud,Bangladesh,2023/24,4,19,38,2,0,5,204,171,0,203,0,50.0,7.157894736842105
Hasan Mahmud,Bangladesh,2024/25,1,0,0,0,0,1,50,50,0,41,0,0.0,6.0
Haseeb Amjad,Hong Kong,2014,1,21,15,1,2,2,29,63,1,128,0,140.0,2.761904761904762
Haseeb Amjad,Hong Kong,2015/16,1,0,0,0,0,3,47,50,1,99,1,0.0,5.64
Haseebullah Khan,Pakistan,2024/25,1,0,2,0,0,0,0,0,1,5,0,0.0,0.0
Hasibul Hossain,Bangladesh,2003,2,6,22,0,0,1,63,71,0,51,0,27.27272727272727,5.323943661971831
Hasibul Hossain,Bangladesh,2004/05,1,1,1,0,0,0,53,36,0,9,0,100.0,8.833333333333334
Hazrat Bilal,United Arab Emirates,2022/23,7,24,72,0,1,8,202,280,0,343,3,33.33333333333333,4.328571428571429
Hussain Talat,Pakistan,2018/19,1,2,14,0,0,0,14,13,0,6,0,14.285714285714285,6.461538461538462
I Kaia,Zimbabwe,2022,8,172,266,19,2,0,22,28,3,323,2,64.66165413533834,4.714285714285714
I Kaia,Zimbabwe,2022/23,4,106,169,7,1,0,0,0,0,150,1,62.721893491124256,0.0
I Kaia,Zimbabwe,2023,2,44,61,3,1,0,0,0,1,74,1,72.1311475409836,0.0
I Kaia,Zimbabwe,2023/24,2,10,24,0,0,0,0,0,0,10,0,41.66666666666667,0.0
I Maraj,Canada,2002/03,6,98,273,12,0,0,22,27,2,177,1,35.8974358974359,4.888888888888889
I Sharma,India,2007,1,0,0,0,0,0,36,44,0,14,1,0.0,4.909090909090909
I Sharma,India,2007/08,7,5,17,0,0,13,240,364,1,492,4,29.411764705882355,3.956043956043956
I Sharma,India,2008,7,8,19,1,0,8,361,407,2,368,4,42.10526315789473,5.321867321867322
I Sharma,India,2008/09,10,7,13,0,0,18,491,499,2,642,8,53.84615384615385,5.903807615230461
I Sharma,India,2009,6,13,29,2,0,6,231,249,1,267,4,44.827586206896555,5.566265060240964
I Sharma,India,2009/10,8,3,10,0,0,10,366,351,1,371,4,30.0,6.256410256410256
I Sharma,India,2010,4,11,49,1,0,7,126,159,1,255,2,22.448979591836736,4.754716981132075
I Sharma,India,2011,2,0,6,0,0,1,99,128,1,69,0,0.0,4.640625
I Sharma,India,2012/13,8,14,33,2,0,12,325,433,0,516,4,42.42424242424242,4.503464203233256
I Sharma,India,2013,10,4,14,0,0,18,414,465,3,655,8,28.57142857142857,5.341935483870968
I Sharma,India,2013/14,7,7,16,0,0,8,375,345,1,338,1,43.75,6.521739130434782
I Sharma,India,2014/15,3,0,0,0,0,4,100,138,1,168,3,0.0,4.3478260869565215
I Sharma,India,2015/16,4,0,3,0,0,9,238,252,2,322,1,0.0,5.666666666666667
I Udana,Sri Lanka,2012,2,0,0,0,0,0,75,81,0,38,1,0.0,5.555555555555555
I Udana,Sri Lanka,2018/19,3,110,99,11,5,2,101,103,0,303,0,111.11111111111111,5.883495145631067
I Udana,Sri Lanka,2019,8,50,64,3,2,8,349,383,2,415,4,78.125,5.467362924281984
I Udana,Sri Lanka,2019/20,4,20,24,2,0,5,232,205,2,228,3,83.33333333333334,6.790243902439025
I Udana,Sri Lanka,2021,3,47,49,2,2,2,130,136,1,174,0,95.91836734693877,5.735294117647059
I Wardlaw,Scotland,2013,2,11,12,2,0,3,92,123,0,136,0,91.66666666666666,4.487804878048781
I Wardlaw,Scotland,2013/14,2,0,0,0,0,3,82,118,0,130,2,0.0,4.169491525423728
I Wardlaw,Scotland,2014,3,2,10,0,0,2,96,111,0,94,0,20.0,5.1891891891891895
I Wardlaw,Scotland,2014/15,5,5,11,0,0,9,292,270,1,321,0,45.45454545454545,6.488888888888889
IA Karim,Kenya,2012/13,1,65,112,5,0,0,0,0,2,113,1,58.03571428571429,0.0
IA Karim,Kenya,2013/14,2,131,125,18,0,0,0,0,1,267,1,104.80000000000001,0.0
IA Nicolson,Zimbabwe,2010/11,1,0,3,0,0,1,72,44,0,30,0,0.0,9.818181818181818
ID Blackwell,England,2002/03,8,67,88,8,0,5,232,362,3,383,3,76.13636363636364,3.845303867403315
ID Blackwell,England,2003/04,4,3,12,0,0,0,23,36,0,21,3,25.0,3.8333333333333335
ID Blackwell,England,2004,2,9,19,2,0,0,0,0,0,17,0,47.368421052631575,0.0
ID Blackwell,England,2005/06,8,67,94,7,1,6,283,448,2,454,3,71.27659574468085,3.790178571428571
IDR Bradshaw,West Indies,2003/04,1,0,0,0,0,1,59,62,0,45,1,0.0,5.709677419354838
IDR Bradshaw,West Indies,2004,11,58,96,6,1,13,295,553,2,713,9,60.416666666666664,3.2007233273056057
IDR Bradshaw,West Indies,2004/05,4,16,31,0,0,6,138,199,0,245,0,51.61290322580645,4.160804020100503
IDR Bradshaw,West Indies,2005,4,53,86,3,0,7,139,171,0,310,0,61.627906976744185,4.87719298245614
IDR Bradshaw,West Indies,2005/06,5,53,75,2,3,9,236,292,1,431,1,70.66666666666667,4.8493150684931505
IDR Bradshaw,West Indies,2006,8,29,30,3,0,9,178,350,2,428,7,96.66666666666667,3.051428571428571
IDR Bradshaw,West Indies,2006/07,16,50,105,4,0,16,587,910,0,859,9,47.61904761904761,3.870329670329671
IE O'Brien,New Zealand,2007/08,1,0,0,0,0,1,58,37,0,31,0,0.0,9.405405405405405
IE O'Brien,New Zealand,2008/09,9,3,11,0,0,13,419,425,1,489,3,27.27272727272727,5.9152941176470595
IG Butler,New Zealand,2004,1,0,1,0,0,0,23,38,0,11,1,0.0,3.6315789473684212
IG Butler,New Zealand,2004/05,1,0,0,0,0,1,55,51,1,50,1,0.0,6.470588235294118
IG Butler,New Zealand,2008/09,3,24,20,1,1,3,114,123,0,150,0,120.0,5.560975609756097
IG Butler,New Zealand,2009,2,31,69,1,1,2,80,84,1,129,0,44.927536231884055,5.714285714285714
IG Butler,New Zealand,2009/10,6,23,35,4,0,9,269,326,1,408,4,65.71428571428571,4.950920245398772
IG Holland,United States of America,2019/20,8,244,323,21,2,7,207,276,2,683,3,75.54179566563467,4.5
IG Holland,United States of America,2022,3,62,76,2,1,4,111,161,2,265,2,81.57894736842105,4.13664596273292
IG Holland,United States of America,2022/23,4,62,82,4,0,8,137,201,1,379,3,75.60975609756098,4.08955223880597
IH Romaine,Bermuda,2006/07,8,110,202,15,1,0,51,43,3,212,1,54.45544554455446,7.116279069767441
IH Romaine,Bermuda,2007/08,3,63,153,5,0,0,0,0,0,90,0,41.17647058823529,0.0
IH Romaine,Bermuda,2008,1,2,5,0,0,0,19,21,0,13,1,40.0,5.428571428571429
IJ Harvey,Australia,2002/03,5,66,86,9,0,5,128,194,0,331,5,76.74418604651163,3.958762886597938
IJ Harvey,Australia,2003,4,57,44,7,0,8,101,157,0,368,3,129.54545454545453,3.859872611464968
IJ Harvey,Australia,2003/04,12,114,134,13,1,13,420,545,3,743,8,85.07462686567165,4.623853211009174
IJ Harvey,Australia,2004,1,22,23,2,1,0,24,31,0,50,1,95.65217391304348,4.64516129032258
IJL Trott,England,2009,1,0,5,0,0,0,0,0,0,-3,1,0.0,0.0
IJL Trott,England,2009/10,3,148,219,16,0,0,29,48,2,284,2,67.57990867579909,3.625
IJL Trott,England,2010,7,335,439,26,0,0,17,19,1,541,4,76.30979498861048,5.368421052631579
IJL Trott,England,2010/11,14,797,1001,52,0,2,105,105,2,1345,4,79.62037962037962,6.0
IJL Trott,England,2011,10,316,414,27,2,0,13,13,3,504,6,76.32850241545893,6.0
IJL Trott,England,2011/12,8,240,326,23,0,0,0,0,3,387,3,73.61963190184049,0.0
IJL Trott,England,2012,9,372,604,25,0,0,0,0,1,526,8,61.58940397350994,0.0
IJL Trott,England,2012/13,3,171,209,13,0,0,0,0,0,251,2,81.81818181818183,0.0
IJL Trott,England,2013,11,440,515,34,1,0,0,0,2,710,5,85.43689320388349,0.0
IK Pathan,India,2003/04,11,113,128,12,3,20,518,643,3,959,5,88.28125,4.833592534992223
IK Pathan,India,2004,9,34,53,0,0,12,333,455,1,518,3,64.15094339622641,4.391208791208792
IK Pathan,India,2004/05,1,21,13,1,2,1,40,59,0,83,1,161.53846153846155,4.067796610169491
IK Pathan,India,2005,3,10,7,1,0,6,91,148,0,261,2,142.85714285714286,3.689189189189189
IK Pathan,India,2005/06,17,339,411,41,8,35,628,898,3,1902,14,82.48175182481752,4.195991091314031
IK Pathan,India,2006,3,23,44,3,0,5,113,151,1,231,0,52.27272727272727,4.490066225165562
IK Pathan,India,2006/07,9,148,193,15,4,7,313,340,2,587,2,76.68393782383419,5.523529411764706
IK Pathan,India,2007/08,20,249,367,21,7,21,868,1028,4,1329,10,67.8474114441417,5.066147859922179
IK Pathan,India,2008,9,105,126,8,1,10,455,473,1,579,4,83.33333333333334,5.7716701902748415
IK Pathan,India,2008/09,3,8,21,0,0,4,169,157,0,158,2,38.095238095238095,6.45859872611465
IK Pathan,India,2011/12,8,100,103,9,4,13,365,441,2,685,3,97.0873786407767,4.965986394557823
IK Pathan,India,2012,5,76,82,6,0,8,193,257,1,426,4,92.6829268292683,4.505836575875486
IPP Batuwitarachchi,United Arab Emirates,2008,2,14,51,0,0,0,0,0,2,21,0,27.450980392156865,0.0
IR Bell,England,2004/05,8,136,212,10,0,3,9,22,3,310,4,64.15094339622641,2.4545454545454546
IR Bell,England,2005/06,3,115,156,15,0,0,0,0,0,187,1,73.71794871794873,0.0
IR Bell,England,2006,11,479,689,40,1,3,75,70,0,854,3,69.52104499274311,6.428571428571429
IR Bell,England,2006/07,21,600,941,52,2,0,0,0,6,955,10,63.76195536663124,0.0
IR Bell,England,2007,10,507,594,52,4,0,0,0,6,929,5,85.35353535353535,0.0
IR Bell,England,2007/08,9,199,286,27,0,0,0,0,2,349,3,69.58041958041959,0.0
IR Bell,England,2008,9,288,419,34,3,0,0,0,5,525,5,68.73508353221956,0.0
IR Bell,England,2008/09,6,84,100,12,0,0,0,0,4,172,2,84.0,0.0
IR Bell,England,2010,4,139,195,10,0,0,0,0,2,227,3,71.28205128205128,0.0
IR Bell,England,2010/11,14,399,534,27,2,0,0,0,6,628,4,74.71910112359551,0.0
IR Bell,England,2011,9,211,255,12,2,0,0,0,4,339,5,82.74509803921568,0.0
IR Bell,England,2011/12,1,2,6,0,0,0,0,0,1,10,0,33.33333333333333,0.0
IR Bell,England,2012,11,549,680,59,5,0,0,0,3,987,8,80.73529411764706,0.0
IR Bell,England,2012/13,8,366,493,41,5,0,0,0,5,692,4,74.2393509127789,0.0
IR Bell,England,2013,8,279,364,27,1,0,0,0,0,451,4,76.64835164835165,0.0
IR Bell,England,2013/14,5,207,257,23,1,0,0,0,2,355,1,80.54474708171206,0.0
IR Bell,England,2014,8,226,234,17,4,0,0,0,3,388,3,96.58119658119658,0.0
IR Bell,England,2014/15,12,503,582,51,1,0,0,0,6,884,3,86.42611683848797,0.0
IS Billcliff,Canada,2002/03,6,147,254,16,2,0,0,0,0,229,1,57.874015748031496,0.0
IS Billcliff,Canada,2006/07,2,70,99,6,1,0,0,0,1,118,0,70.70707070707071,0.0
IS Billcliff,Canada,2008,1,3,18,0,0,0,0,0,0,3,0,16.666666666666664,0.0
IS Billcliff,Canada,2009,1,3,18,0,0,0,0,0,2,25,1,16.666666666666664,0.0
IS Sodhi,New Zealand,2015,6,5,17,0,0,5,316,349,1,264,3,29.411764705882355,5.432664756446991
IS Sodhi,New Zealand,2015/16,3,0,1,0,0,3,97,121,1,122,3,0.0,4.8099173553719
IS Sodhi,New Zealand,2016/17,5,1,15,0,0,6,249,249,0,234,2,6.666666666666667,6.0
IS Sodhi,New Zealand,2017,3,0,0,0,0,4,105,153,0,161,3,0.0,4.117647058823529
IS Sodhi,New Zealand,2017/18,4,7,12,0,0,10,250,228,1,342,2,58.333333333333336,6.578947368421052
IS Sodhi,New Zealand,2018/19,8,49,45,2,4,9,353,430,3,497,4,108.88888888888889,4.9255813953488365
IS Sodhi,New Zealand,2019,1,5,5,1,0,0,35,36,0,21,0,100.0,5.833333333333333
IS Sodhi,New Zealand,2019/20,2,14,17,1,0,4,78,72,1,150,1,82.35294117647058,6.5
IS Sodhi,New Zealand,2021/22,3,31,32,1,2,3,92,153,2,204,3,96.875,3.607843137254902
IS Sodhi,New Zealand,2022,1,25,35,1,1,2,60,62,0,109,1,71.42857142857143,5.806451612903225
IS Sodhi,New Zealand,2022/23,4,17,54,0,0,2,127,157,0,116,4,31.48148148148148,4.853503184713375
IS Sodhi,New Zealand,2023,7,47,59,1,3,9,375,397,0,462,3,79.66101694915254,5.6675062972292185
IS Sodhi,New Zealand,2023/24,2,0,0,0,0,2,77,62,0,70,1,0.0,7.451612903225806
IS Sodhi,New Zealand,2024/25,2,9,14,1,0,1,97,116,3,99,0,64.28571428571429,5.017241379310345
IS Sohi,Canada,2023/24,2,0,2,0,0,4,74,94,0,130,0,0.0,4.723404255319149
Iftikhar Ahmed,Pakistan,2015/16,2,8,31,1,0,0,49,60,1,34,0,25.806451612903224,4.9
Iftikhar Ahmed,Pakistan,2019/20,2,60,43,5,3,0,50,80,2,166,2,139.53488372093022,3.75
Iftikhar Ahmed,Pakistan,2020/21,3,46,61,3,1,5,100,120,1,259,2,75.40983606557377,5.0
Iftikhar Ahmed,Pakistan,2021/22,3,10,16,0,0,2,112,102,3,118,2,62.5,6.588235294117647
Iftikhar Ahmed,Pakistan,2023,6,301,248,29,8,3,143,124,5,705,3,121.37096774193547,6.919354838709677
Iftikhar Ahmed,Pakistan,2023/24,8,102,98,9,4,4,227,262,3,388,4,104.08163265306123,5.198473282442748
Iftikhar Anjum,Pakistan,2004/05,8,20,35,1,0,5,318,378,1,308,6,57.14285714285714,5.0476190476190474
Iftikhar Anjum,Pakistan,2005,1,8,19,0,0,0,29,43,0,28,1,42.10526315789473,4.046511627906977
Iftikhar Anjum,Pakistan,2005/06,6,18,17,0,0,4,172,258,4,270,3,105.88235294117648,4.0
Iftikhar Anjum,Pakistan,2006,1,14,39,1,0,1,30,49,0,65,0,35.8974358974359,3.673469387755102
Iftikhar Anjum,Pakistan,2006/07,10,67,113,2,2,11,317,443,3,602,4,59.29203539823009,4.293453724604967
Iftikhar Anjum,Pakistan,2007/08,14,16,23,2,0,23,581,686,0,858,9,69.56521739130434,5.081632653061225
Iftikhar Anjum,Pakistan,2008,7,26,26,3,0,11,324,388,2,501,4,100.0,5.010309278350515
Iftikhar Anjum,Pakistan,2008/09,4,12,30,1,0,6,165,203,0,245,2,40.0,4.876847290640394
Iftikhar Anjum,Pakistan,2009,4,1,1,0,0,5,108,157,0,204,3,100.0,4.127388535031847
Iftikhar Anjum,Pakistan,2009/10,2,21,32,2,1,1,101,118,0,99,0,65.625,5.135593220338983
Ihsanullah,Pakistan,2023,1,0,0,0,0,0,59,49,0,14,1,0.0,7.224489795918368
Imad Wasim,Pakistan,2015,3,15,17,2,0,3,96,123,1,154,2,88.23529411764706,4.682926829268292
Imad Wasim,Pakistan,2015/16,3,62,67,5,0,4,103,142,1,258,2,92.53731343283582,4.352112676056338
Imad Wasim,Pakistan,2016,5,153,152,15,2,8,155,229,0,543,2,100.6578947368421,4.06113537117904
Imad Wasim,Pakistan,2016/17,7,102,105,8,1,7,318,383,4,492,4,97.14285714285714,4.981723237597911
Imad Wasim,Pakistan,2017,8,78,67,4,3,2,210,306,1,308,6,116.4179104477612,4.117647058823529
Imad Wasim,Pakistan,2017/18,4,20,32,0,1,2,40,99,0,114,4,62.5,2.4242424242424243
Imad Wasim,Pakistan,2018/19,11,281,251,27,7,4,440,565,1,802,3,111.95219123505976,4.672566371681416
Imad Wasim,Pakistan,2019,9,180,134,23,3,6,365,407,1,604,3,134.32835820895522,5.380835380835381
Imad Wasim,Pakistan,2019/20,1,12,8,2,0,1,38,42,1,71,1,150.0,5.428571428571429
Imad Wasim,Pakistan,2020/21,2,34,27,1,2,2,86,92,0,138,2,125.92592592592592,5.608695652173913
Imam-ul-Haq,Pakistan,2017/18,4,149,210,9,3,0,0,0,0,247,3,70.95238095238095,0.0
Imam-ul-Haq,Pakistan,2018,9,540,633,38,3,0,0,0,2,901,6,85.30805687203792,0.0
Imam-ul-Haq,Pakistan,2018/19,10,384,537,27,6,0,0,0,3,631,3,71.50837988826815,0.0
Imam-ul-Haq,Pakistan,2019,11,503,631,52,2,0,0,0,2,887,4,79.7147385103011,0.0
Imam-ul-Haq,Pakistan,2019/20,1,31,41,1,0,0,0,0,0,39,1,75.60975609756098,0.0
Imam-ul-Haq,Pakistan,2020/21,3,111,144,12,0,0,0,0,1,183,2,77.08333333333334,0.0
Imam-ul-Haq,Pakistan,2021,6,189,243,14,1,0,0,0,0,284,2,77.77777777777779,0.0
Imam-ul-Haq,Pakistan,2021/22,3,298,297,18,7,0,0,0,1,528,2,100.33670033670035,0.0
Imam-ul-Haq,Pakistan,2022,5,207,247,19,1,0,0,0,1,333,5,83.80566801619433,0.0
Imam-ul-Haq,Pakistan,2022/23,2,17,27,3,0,0,0,0,0,29,1,62.96296296296296,0.0
Imam-ul-Haq,Pakistan,2023,6,266,323,22,6,0,0,0,1,456,5,82.35294117647058,0.0
Imam-ul-Haq,Pakistan,2023/24,5,145,159,21,0,0,0,0,1,253,2,91.19496855345912,0.0
Imran Farhat,Pakistan,2003/04,4,174,244,24,2,0,0,0,2,337,3,71.31147540983606,0.0
Imran Farhat,Pakistan,2004,4,77,119,9,1,1,18,18,1,163,3,64.70588235294117,6.0
Imran Farhat,Pakistan,2005/06,7,122,187,18,0,0,4,3,3,225,3,65.24064171122996,8.0
Imran Farhat,Pakistan,2006,1,15,41,0,0,0,0,0,1,19,0,36.58536585365854,0.0
Imran Farhat,Pakistan,2006/07,6,151,237,18,2,0,0,0,2,269,3,63.71308016877637,0.0
Imran Farhat,Pakistan,2009/10,1,0,0,0,0,0,0,0,1,8,1,0.0,0.0
Imran Farhat,Pakistan,2010,2,91,124,9,2,1,21,30,1,200,1,73.38709677419355,4.2
Imran Farhat,Pakistan,2010/11,2,49,91,1,0,0,0,0,1,65,1,53.84615384615385,0.0
Imran Farhat,Pakistan,2011,3,112,158,13,0,0,0,0,0,189,3,70.88607594936708,0.0
Imran Farhat,Pakistan,2011/12,9,215,311,26,1,0,0,0,1,359,5,69.13183279742765,0.0
Imran Farhat,Pakistan,2012,2,56,63,9,0,0,0,0,1,118,0,88.88888888888889,0.0
Imran Farhat,Pakistan,2012/13,2,106,186,9,1,0,0,0,0,170,1,56.98924731182796,0.0
Imran Farhat,Pakistan,2013,5,64,148,4,0,0,0,0,0,72,2,43.24324324324324,0.0
Imran Haider,United Arab Emirates,2016/17,4,6,16,0,0,8,161,212,0,299,2,37.5,4.556603773584905
Imran Haider,United Arab Emirates,2017,2,14,19,0,0,4,56,105,0,161,1,73.68421052631578,3.2
Imran Haider,United Arab Emirates,2017/18,5,5,21,0,0,6,278,261,1,249,2,23.809523809523807,6.390804597701149
Imran Haider,United Arab Emirates,2018/19,3,18,42,2,0,7,115,175,1,271,1,42.857142857142854,3.9428571428571426
Imran Haider,United Arab Emirates,2019,3,11,29,0,0,2,81,70,1,84,0,37.93103448275862,6.942857142857143
Imran Nazir,Pakistan,2003,4,69,109,9,0,0,0,0,1,116,2,63.30275229357798,0.0
Imran Nazir,Pakistan,2004,1,14,23,1,0,0,0,0,1,26,0,60.86956521739131,0.0
Imran Nazir,Pakistan,2006/07,7,282,270,29,12,0,0,0,1,579,2,104.44444444444446,0.0
Imran Nazir,Pakistan,2007/08,5,55,81,10,0,0,0,0,4,131,3,67.90123456790124,0.0
Imran Nazir,Pakistan,2009,2,58,57,10,0,0,0,0,1,116,2,101.75438596491229,0.0
Imran Nazir,Pakistan,2009/10,3,53,64,11,0,0,0,0,1,109,2,82.8125,0.0
Imran Tahir,South Africa,2010/11,5,1,2,0,0,14,142,243,0,465,3,50.0,3.506172839506173
Imran Tahir,South Africa,2013/14,7,4,15,0,0,12,286,384,1,474,4,26.666666666666668,4.46875
Imran Tahir,South Africa,2014,9,25,27,3,0,16,347,507,0,638,7,92.5925925925926,4.106508875739645
Imran Tahir,South Africa,2014/15,16,30,43,5,0,25,632,866,3,1039,11,69.76744186046511,4.378752886836027
Imran Tahir,South Africa,2015,6,5,11,0,0,7,228,322,1,318,3,45.45454545454545,4.248447204968945
Imran Tahir,South Africa,2015/16,10,17,25,1,1,15,545,569,2,614,6,68.0,5.746924428822496
Imran Tahir,South Africa,2016,5,35,37,7,0,13,205,281,0,511,2,94.5945945945946,4.377224199288256
Imran Tahir,South Africa,2016/17,14,0,0,0,0,20,569,763,0,816,12,0.0,4.474442988204456
Imran Tahir,South Africa,2017,4,1,8,0,0,5,147,166,2,213,1,12.5,5.313253012048192
Imran Tahir,South Africa,2017/18,7,10,22,2,0,7,294,365,1,332,3,45.45454545454545,4.832876712328767
Imran Tahir,South Africa,2018/19,13,18,27,3,0,20,463,675,5,866,10,66.66666666666666,4.115555555555556
Imran Tahir,South Africa,2019,7,11,16,0,0,7,344,415,0,326,2,68.75,4.973493975903614
Imrul Kayes,Bangladesh,2008/09,1,1,12,0,0,0,0,0,1,15,0,8.333333333333332,0.0
Imrul Kayes,Bangladesh,2009/10,10,382,564,38,4,0,0,0,2,648,0,67.73049645390071,0.0
Imrul Kayes,Bangladesh,2010,7,205,335,18,0,0,0,0,0,313,2,61.19402985074627,0.0
Imrul Kayes,Bangladesh,2010/11,14,411,662,47,2,0,0,0,5,707,10,62.08459214501511,0.0
Imrul Kayes,Bangladesh,2011,8,174,287,18,4,0,0,0,5,322,2,60.62717770034843,0.0
Imrul Kayes,Bangladesh,2011/12,4,59,98,5,1,0,0,0,2,96,1,60.204081632653065,0.0
Imrul Kayes,Bangladesh,2013/14,2,59,78,5,2,0,0,0,2,119,0,75.64102564102564,0.0
Imrul Kayes,Bangladesh,2014,3,11,29,1,0,0,0,0,1,23,0,37.93103448275862,0.0
Imrul Kayes,Bangladesh,2014/15,5,14,53,0,0,0,0,0,2,30,3,26.41509433962264,0.0
Imrul Kayes,Bangladesh,2015/16,2,149,185,12,8,0,0,0,2,297,2,80.54054054054053,0.0
Imrul Kayes,Bangladesh,2016/17,6,288,380,30,5,0,0,0,1,506,1,75.78947368421053,0.0
Imrul Kayes,Bangladesh,2017,2,25,36,3,0,0,0,0,0,37,0,69.44444444444444,0.0
Imrul Kayes,Bangladesh,2017/18,3,100,133,10,2,0,0,0,1,176,0,75.18796992481202,0.0
Imrul Kayes,Bangladesh,2018,2,11,23,1,0,0,0,0,0,15,1,47.82608695652174,0.0
Imrul Kayes,Bangladesh,2018/19,5,353,393,31,8,0,0,0,0,646,4,89.82188295165395,0.0
Inzamam-ul-Haq,Pakistan,2002/03,6,19,42,2,0,0,0,0,2,37,2,45.23809523809524,0.0
Inzamam-ul-Haq,Pakistan,2003,3,133,128,11,1,0,0,0,2,233,3,103.90625,0.0
Inzamam-ul-Haq,Pakistan,2003/04,9,373,451,31,8,0,0,0,3,637,5,82.70509977827051,0.0
Inzamam-ul-Haq,Pakistan,2004,6,202,305,16,2,0,0,0,0,302,3,66.22950819672131,0.0
Inzamam-ul-Haq,Pakistan,2004/05,12,511,593,46,4,0,0,0,5,853,8,86.17200674536257,0.0
Inzamam-ul-Haq,Asia XI,2005,1,6,12,0,0,0,0,0,0,6,0,50.0,0.0
Inzamam-ul-Haq,Pakistan,2005,1,23,35,0,0,0,0,0,1,31,1,65.71428571428571,0.0
Inzamam-ul-Haq,Pakistan,2005/06,12,324,447,29,3,0,0,0,2,514,5,72.48322147651007,0.0
Inzamam-ul-Haq,Pakistan,2006,4,135,124,14,2,0,0,0,1,233,2,108.87096774193547,0.0
Inzamam-ul-Haq,Pakistan,2006/07,9,190,345,18,4,0,0,0,7,357,3,55.072463768115945,0.0
Irfan Ahmed,Hong Kong,2008,2,25,45,5,0,2,110,98,2,140,0,55.55555555555556,6.734693877551021
Irfan Ahmed,Hong Kong,2014,1,30,36,4,1,2,26,56,0,132,0,83.33333333333334,2.7857142857142856
Irfan Khan,Pakistan,2024/25,6,48,74,3,1,0,0,0,5,116,4,64.86486486486487,0.0
Ishan Kishan,India,2021,2,60,50,8,2,0,0,0,2,142,2,120.0,0.0
Ishan Kishan,India,2021/22,1,28,39,2,1,0,0,0,0,46,1,71.7948717948718,0.0
Ishan Kishan,India,2022,2,56,77,6,0,0,0,0,1,112,2,72.72727272727273,0.0
Ishan Kishan,India,2022/23,8,366,330,36,18,0,0,0,2,762,7,110.9090909090909,0.0
Ishan Kishan,India,2023,8,327,346,34,8,0,0,0,8,669,5,94.50867052023122,0.0
Ishan Kishan,India,2023/24,3,49,48,4,2,0,0,0,0,90,3,102.08333333333333,0.0
J Anderson,Ireland,2014,3,40,94,5,0,0,20,30,1,72,2,42.5531914893617,4.0
J Anderson,Ireland,2016,1,34,45,6,0,0,0,0,0,62,0,75.55555555555556,0.0
J Anderson,Ireland,2016/17,2,44,66,6,0,0,0,0,0,72,0,66.66666666666666,0.0
J Blackwood,West Indies,2015/16,2,11,25,1,0,0,16,18,1,29,0,44.0,5.333333333333333
J Blackwood,West Indies,2022,1,12,18,1,0,0,0,0,1,24,1,66.66666666666666,0.0
J Blades,West Indies,2024/25,1,0,0,0,0,0,70,39,0,7,1,0.0,10.76923076923077
J Botha,South Africa,2005/06,8,83,121,6,0,6,291,362,5,423,2,68.59504132231406,4.823204419889502
J Botha,Africa XI,2007,2,31,17,3,1,0,96,124,2,116,0,182.35294117647058,4.64516129032258
J Botha,South Africa,2007/08,14,33,41,2,0,12,525,727,6,674,11,80.48780487804879,4.332874828060523
J Botha,South Africa,2008,4,46,84,3,0,4,93,114,0,202,0,54.761904761904766,4.894736842105263
J Botha,South Africa,2008/09,11,67,61,11,0,14,395,626,6,761,9,109.8360655737705,3.7859424920127798
J Botha,South Africa,2009/10,8,32,42,5,0,7,333,369,1,372,4,76.19047619047619,5.414634146341464
J Botha,South Africa,2010,5,45,69,0,0,4,222,282,3,267,5,65.21739130434783,4.723404255319149
J Botha,South Africa,2010/11,17,223,247,19,1,17,624,873,7,1127,12,90.2834008097166,4.288659793814433
J Botha,South Africa,2011/12,4,34,36,4,1,3,118,196,2,243,2,94.44444444444444,3.612244897959184
J Charles,West Indies,2011/12,5,121,175,15,3,0,0,0,2,224,2,69.14285714285714,0.0
J Charles,West Indies,2012,4,31,50,4,1,0,0,0,1,61,3,62.0,0.0
J Charles,West Indies,2012/13,3,230,242,20,5,0,0,0,1,447,1,95.0413223140496,0.0
J Charles,West Indies,2013,12,382,488,42,11,0,0,0,10,769,4,78.27868852459017,0.0
J Charles,West Indies,2013/14,7,105,145,15,2,0,0,0,6,229,3,72.41379310344827,0.0
J Charles,West Indies,2014/15,2,58,46,9,2,0,0,0,0,122,1,126.08695652173914,0.0
J Charles,West Indies,2015/16,3,88,76,8,4,0,10,7,0,172,0,115.78947368421053,8.571428571428571
J Charles,West Indies,2016,7,199,252,22,4,0,0,0,2,346,3,78.96825396825396,0.0
J Charles,West Indies,2016/17,6,69,84,6,3,0,0,0,0,120,1,82.14285714285714,0.0
J Charles,West Indies,2023,10,261,282,32,10,0,0,0,4,551,6,92.5531914893617,0.0
J Da Silva,West Indies,2020/21,2,14,35,1,0,0,0,0,1,32,0,40.0,0.0
J Drysdale,United States of America,2024,4,2,6,0,0,4,90,139,0,162,2,33.33333333333333,3.884892086330935
J Edness,Bermuda,2007/08,3,84,169,9,0,0,0,0,0,125,0,49.70414201183432,0.0
J Edness,Bermuda,2008,1,35,49,4,0,0,0,0,1,75,1,71.42857142857143,0.0
J Figy John,United Arab Emirates,2019/20,2,55,75,4,0,0,0,0,1,83,2,73.33333333333333,0.0
J Fraser-McGurk,Australia,2023/24,2,51,23,6,4,0,0,0,1,111,2,221.73913043478262,0.0
J Fraser-McGurk,Australia,2024,1,0,0,0,0,0,0,0,1,8,1,0.0,0.0
J Fraser-McGurk,Australia,2024/25,3,36,36,5,0,0,0,0,0,56,1,100.0,0.0
J Gumbie,Zimbabwe,2023,7,190,285,19,1,0,0,0,5,356,5,66.66666666666666,0.0
J Gumbie,Zimbabwe,2023/24,5,164,256,18,0,0,0,0,5,302,0,64.0625,0.0
J Gumbie,Zimbabwe,2024/25,3,25,40,5,0,0,0,0,0,45,1,62.5,0.0
J Jarvis,Scotland,2022/23,1,26,39,1,1,0,31,25,1,56,0,66.66666666666666,7.4399999999999995
J Jarvis,Scotland,2023,2,2,10,0,0,0,39,36,1,19,1,20.0,6.5
J Jarvis,Scotland,2024,3,0,2,0,0,2,49,76,1,89,2,0.0,3.868421052631579
J Jarvis,Scotland,2024/25,2,0,8,0,0,5,60,65,0,147,1,0.0,5.538461538461538
J Kariko,Papua New Guinea,2022/23,1,0,0,0,0,1,43,50,0,41,0,0.0,5.159999999999999
J Kariko,Papua New Guinea,2023,2,8,12,2,0,3,61,80,0,116,0,66.66666666666666,4.575
J Kila,Papua New Guinea,2017/18,2,34,39,5,0,0,18,31,1,80,1,87.17948717948718,3.4838709677419355
J Kila,Papua New Guinea,2019,4,20,24,2,0,6,111,173,0,254,0,83.33333333333334,3.8497109826589595
J Kila,Papua New Guinea,2021,6,92,175,7,1,0,45,27,1,138,0,52.57142857142857,10.0
J Kila,Papua New Guinea,2021/22,1,13,11,0,1,0,15,8,1,29,1,118.18181818181819,11.25
J Lewis,England,2005,1,0,0,0,0,3,31,61,0,99,1,0.0,3.0491803278688527
J Lewis,England,2006,4,9,6,1,0,7,111,227,0,313,2,150.0,2.9339207048458147
J Lewis,England,2006/07,5,17,27,1,0,6,184,296,0,312,2,62.96296296296296,3.7297297297297294
J Lewis,England,2007,1,17,16,2,0,1,58,61,0,74,0,106.25,5.704918032786885
J Little,Ireland,2019,4,9,8,2,0,5,250,227,0,213,0,112.5,6.607929515418502
J Little,Ireland,2020,2,0,0,0,0,5,118,117,0,176,1,0.0,6.051282051282051
J Little,Ireland,2021,7,16,26,2,0,16,298,413,0,601,3,61.53846153846154,4.329297820823244
J Little,Ireland,2021/22,3,0,1,0,0,3,139,176,1,152,2,0.0,4.738636363636364
J Little,Ireland,2022,3,1,4,0,0,3,148,127,1,119,0,25.0,6.9921259842519685
J Little,Ireland,2022/23,3,0,0,0,0,5,85,131,1,186,1,0.0,3.8931297709923665
J Little,Ireland,2023,9,54,48,7,2,11,537,476,2,544,1,112.5,6.768907563025211
J Little,Ireland,2023/24,2,0,0,0,0,7,71,92,0,239,1,0.0,4.630434782608695
J Liyanage,Sri Lanka,2023/24,6,296,355,21,6,1,79,87,1,560,3,83.38028169014085,5.448275862068965
J Liyanage,Sri Lanka,2024,3,40,67,2,1,0,0,0,0,52,2,59.70149253731343,0.0
J Liyanage,Sri Lanka,2024/25,8,187,244,15,6,1,75,86,0,354,5,76.63934426229508,5.232558139534883
J Louw,South Africa,2008/09,1,23,7,1,3,0,48,44,0,59,1,328.57142857142856,6.545454545454546
J Mubarak,Sri Lanka,2002/03,4,35,67,2,0,0,0,0,1,52,1,52.23880597014925,0.0
J Mubarak,Sri Lanka,2005/06,12,220,372,25,2,0,10,6,4,390,5,59.13978494623656,10.0
J Mubarak,Sri Lanka,2007,3,94,105,7,0,0,1,3,2,150,3,89.52380952380953,2.0
J Mubarak,Sri Lanka,2007/08,4,71,108,4,0,0,0,0,2,107,2,65.74074074074075,0.0
J Mubarak,Sri Lanka,2008,3,47,57,3,0,0,0,0,2,79,3,82.45614035087719,0.0
J Mubarak,Sri Lanka,2008/09,5,56,107,1,1,0,14,24,0,73,3,52.336448598130836,3.5
J Mubarak,Sri Lanka,2013,2,8,17,1,0,0,19,18,0,18,2,47.05882352941176,6.333333333333333
J Mulder,Ireland,2016/17,1,0,0,0,0,2,26,62,0,78,1,0.0,2.5161290322580645
J Mulder,Ireland,2017/18,1,0,0,0,0,0,0,0,1,8,1,0.0,0.0
J Nyumbu,Zimbabwe,2014,7,24,41,1,1,10,314,360,4,452,1,58.536585365853654,5.233333333333333
J Nyumbu,Zimbabwe,2014/15,3,7,23,0,0,1,91,107,0,64,0,30.434782608695656,5.102803738317757
J Nyumbu,Zimbabwe,2015,1,1,1,0,0,2,49,62,0,71,0,100.0,4.741935483870967
J Nyumbu,Zimbabwe,2015/16,6,13,25,0,0,4,209,285,3,244,3,52.0,4.4
J Overton,England,2024/25,2,32,22,4,1,1,15,26,0,94,0,145.45454545454547,3.4615384615384617
J Patraj,Canada,2007/08,2,21,48,1,0,1,73,92,1,86,0,43.75,4.760869565217391
J Smits,Netherlands,2002/03,5,58,136,4,0,0,0,0,4,112,1,42.64705882352941,0.0
J Smits,Netherlands,2006/07,6,12,48,0,0,0,0,0,5,55,3,25.0,0.0
J Smits,Netherlands,2007,1,0,0,0,0,0,0,0,2,16,0,0.0,0.0
J Smits,Netherlands,2008,1,2,11,0,0,0,0,0,0,2,0,18.181818181818183,0.0
J Srinath,India,2002/03,16,31,82,4,0,27,500,853,1,1130,10,37.80487804878049,3.5169988276670576
J Sumerauer,Jersey,2023,4,84,74,8,2,9,189,246,1,495,1,113.51351351351352,4.609756097560975
J Theron,South Africa,2010/11,4,5,5,0,0,12,172,195,4,423,4,100.0,5.292307692307692
J Theron,United States of America,2019,1,0,2,0,0,1,36,31,0,32,1,0.0,6.967741935483871
J Theron,United States of America,2019/20,8,42,90,5,0,10,289,390,1,469,3,46.666666666666664,4.446153846153846
J Theron,United States of America,2022,5,3,7,0,0,8,135,195,2,302,2,42.857142857142854,4.153846153846154
J Yadav,India,2016/17,1,1,1,0,0,1,8,24,1,42,1,100.0,2.0
J Yadav,India,2021/22,1,2,6,0,0,0,47,62,0,22,0,33.33333333333333,4.548387096774193
JA Burns,Australia,2015,6,146,189,16,1,0,0,0,2,245,4,77.24867724867724,0.0
JA Clarkson,New Zealand,2023/24,3,17,24,2,0,3,70,75,0,132,2,70.83333333333334,5.6
JA Duffy,New Zealand,2022,2,0,0,0,0,4,92,112,0,149,2,0.0,4.928571428571428
JA Duffy,New Zealand,2022/23,1,0,2,0,0,3,99,61,0,86,0,0.0,9.737704918032787
JA Duffy,New Zealand,2023/24,3,1,4,0,0,4,112,131,0,150,2,25.0,5.129770992366413
JA Duffy,New Zealand,2024/25,4,8,11,2,0,7,141,167,0,256,2,72.72727272727273,5.065868263473054
JA McCollum,Ireland,2019,5,158,217,22,1,0,0,0,1,284,3,72.81105990783409,0.0
JA McCollum,Ireland,2019/20,1,20,29,4,0,0,0,0,0,36,0,68.96551724137932,0.0
JA McCollum,Ireland,2020/21,1,0,0,0,0,0,0,0,1,8,0,0.0,0.0
JA Morkel,South Africa,2004/05,3,18,16,2,1,5,96,134,1,223,3,112.5,4.298507462686567
JA Morkel,South Africa,2005/06,1,5,12,1,0,0,0,0,0,9,1,41.66666666666667,0.0
JA Morkel,Africa XI,2007,2,22,30,2,0,3,106,103,0,139,0,73.33333333333333,6.174757281553398
JA Morkel,South Africa,2007,2,97,106,8,4,1,50,49,0,222,2,91.50943396226415,6.122448979591837
JA Morkel,South Africa,2007/08,12,54,63,6,1,18,446,596,3,818,9,85.71428571428571,4.489932885906041
JA Morkel,South Africa,2008,2,22,31,1,2,1,20,35,0,78,0,70.96774193548387,3.428571428571429
JA Morkel,South Africa,2008/09,12,189,162,20,4,9,429,496,4,780,9,116.66666666666667,5.189516129032258
JA Morkel,South Africa,2009/10,7,137,138,11,4,5,220,225,3,460,3,99.27536231884058,5.866666666666666
JA Morkel,South Africa,2010/11,4,58,66,6,1,2,133,120,2,204,3,87.87878787878788,6.65
JA Morkel,South Africa,2011/12,6,103,103,7,5,0,132,142,1,230,5,100.0,5.577464788732394
JA Richardson,Australia,2017/18,2,0,0,0,0,2,56,61,1,82,0,0.0,5.508196721311475
JA Richardson,Australia,2018,3,21,34,0,0,5,213,163,1,202,0,61.76470588235294,7.840490797546012
JA Richardson,Australia,2018/19,8,47,51,5,0,17,351,436,2,711,6,92.15686274509804,4.830275229357798
JA Richardson,Australia,2019/20,1,24,21,3,0,0,57,61,0,62,0,114.28571428571428,5.606557377049181
JA Richardson,Australia,2022,2,1,3,0,0,3,101,104,1,118,1,33.33333333333333,5.8269230769230775
JA Rudolph,South Africa,2003,6,211,328,29,0,0,0,0,1,361,3,64.32926829268293,0.0
JA Rudolph,South Africa,2003/04,8,238,340,23,0,0,0,0,2,380,4,70.0,0.0
JA Rudolph,South Africa,2004,3,118,136,7,1,0,0,0,0,162,0,86.76470588235294,0.0
JA Rudolph,South Africa,2004/05,3,90,137,8,0,0,0,0,1,144,3,65.69343065693431,0.0
JA Rudolph,Africa XI,2005,1,7,18,1,0,0,0,0,0,11,0,38.88888888888889,0.0
JA Rudolph,South Africa,2005/06,6,156,269,13,0,0,0,0,2,236,3,57.99256505576208,0.0
JA Simpson,England,2021,3,20,32,2,0,0,0,0,9,104,3,62.5,0.0
JA Turner,England,2024/25,2,2,5,0,0,2,64,70,0,77,1,40.0,5.485714285714286
JAD Lawrenson,Jersey,2023,4,177,215,14,2,0,0,0,0,289,1,82.32558139534883,0.0
JAH Marshall,New Zealand,2004/05,2,23,37,2,0,0,0,0,0,29,0,62.16216216216216,0.0
JAH Marshall,New Zealand,2005/06,1,1,5,0,0,0,0,0,0,1,0,20.0,0.0
JAH Marshall,New Zealand,2006/07,2,5,17,0,0,0,0,0,0,8,1,29.411764705882355,0.0
JAH Marshall,New Zealand,2008,2,4,25,0,0,0,0,0,2,14,1,16.0,0.0
JAR Blain,Scotland,2006/07,4,48,76,2,2,5,114,130,0,239,1,63.1578947368421,5.2615384615384615
JAR Blain,Scotland,2007,1,4,4,0,0,1,41,53,0,54,0,100.0,4.641509433962264
JAR Blain,Scotland,2008,3,13,26,0,0,8,69,138,1,302,1,50.0,3.0
JAR Blain,Scotland,2009,1,2,28,0,0,0,44,64,1,31,0,7.142857142857142,4.125
JB Reva,Papua New Guinea,2016/17,2,1,8,0,0,1,53,73,0,58,1,12.5,4.356164383561644
JB Reva,Papua New Guinea,2017,2,11,12,1,0,3,93,101,0,132,1,91.66666666666666,5.524752475247525
JB Reva,Papua New Guinea,2017/18,1,3,7,0,0,0,18,18,1,17,1,42.857142857142854,6.0
JC Archer,England,2019,13,13,22,1,0,20,505,705,4,849,8,59.09090909090909,4.297872340425532
JC Archer,England,2020,3,14,12,1,0,7,143,182,1,277,1,116.66666666666667,4.714285714285714
JC Archer,England,2022/23,4,5,16,1,0,12,180,241,0,427,2,31.25,4.481327800829876
JC Archer,England,2024,3,4,8,1,0,4,145,146,0,156,2,50.0,5.958904109589041
JC Archer,England,2024/25,3,45,29,3,3,1,110,143,1,174,1,155.17241379310346,4.615384615384616
JC Balt,Namibia,2024,1,0,0,0,0,0,0,0,1,8,0,0.0,0.0
JC Buttler,England,2011/12,1,0,2,0,0,0,0,0,0,-3,1,0.0,0.0
JC Buttler,England,2012/13,4,38,26,1,3,0,0,0,7,126,2,146.15384615384613,0.0
JC Buttler,England,2013,11,260,213,23,8,0,0,0,23,664,5,122.06572769953053,0.0
JC Buttler,England,2013/14,8,274,228,18,10,0,0,0,11,581,3,120.17543859649122,0.0
JC Buttler,England,2014,10,285,265,23,7,0,0,0,10,597,4,107.54716981132076,0.0
JC Buttler,England,2014/15,17,423,442,43,4,0,0,0,21,905,5,95.70135746606336,0.0
JC Buttler,England,2015,6,187,143,19,6,0,0,0,5,420,2,130.76923076923077,0.0
JC Buttler,England,2015/16,9,331,231,28,17,0,0,0,8,741,5,143.2900432900433,0.0
JC Buttler,England,2016,8,274,212,22,9,0,0,0,10,602,6,129.24528301886792,0.0
JC Buttler,England,2016/17,9,218,215,16,7,0,0,0,13,515,6,101.39534883720931,0.0
JC Buttler,England,2017,11,215,196,19,3,0,0,0,17,529,9,109.6938775510204,0.0
JC Buttler,England,2017/18,10,311,272,22,14,0,0,0,12,707,7,114.33823529411764,0.0
JC Buttler,England,2018,8,332,307,36,5,0,0,0,9,750,7,108.14332247557003,0.0
JC Buttler,England,2018/19,7,239,177,19,14,0,0,0,7,594,4,135.02824858757063,0.0
JC Buttler,England,2019,14,461,353,33,18,0,0,0,15,988,9,130.59490084985836,0.0
JC Buttler,England,2020,3,12,31,0,0,0,0,0,6,74,1,38.70967741935484,0.0
JC Buttler,England,2020/21,3,17,25,2,0,0,0,0,4,54,1,68.0,0.0
JC Buttler,England,2022,7,373,296,25,21,0,0,0,8,831,4,126.01351351351352,0.0
JC Buttler,England,2022/23,8,402,399,26,12,0,0,0,15,844,3,100.75187969924812,0.0
JC Buttler,England,2023,4,176,151,18,4,0,0,0,7,386,3,116.55629139072848,0.0
JC Buttler,England,2023/24,11,190,186,14,8,0,0,0,10,417,4,102.15053763440861,0.0
JC Tredwell,England,2009/10,1,2,7,0,0,0,52,60,0,22,1,28.57142857142857,5.2
JC Tredwell,England,2010,1,0,0,0,0,0,18,18,0,6,1,0.0,6.0
JC Tredwell,England,2010/11,3,25,47,1,0,3,129,145,0,156,1,53.191489361702125,5.337931034482758
JC Tredwell,England,2012,4,7,22,0,0,3,137,186,1,168,3,31.818181818181817,4.419354838709677
JC Tredwell,England,2012/13,5,11,34,1,0,11,198,284,2,416,2,32.35294117647059,4.183098591549296
JC Tredwell,England,2013,9,12,14,1,0,14,359,386,3,527,6,85.71428571428571,5.580310880829016
JC Tredwell,England,2013/14,6,2,6,0,0,2,194,303,1,190,3,33.33333333333333,3.8415841584158414
JC Tredwell,England,2014,9,53,55,5,2,14,330,408,3,626,4,96.36363636363636,4.852941176470588
JC Tredwell,England,2014/15,5,51,62,1,2,4,216,278,1,279,1,82.25806451612904,4.661870503597122
JD Campbell,West Indies,2018/19,4,69,78,10,2,0,13,6,0,129,2,88.46153846153845,13.0
JD Campbell,West Indies,2019,1,179,140,15,6,0,0,0,0,363,1,127.85714285714285,0.0
JD Nel,Scotland,2006/07,1,0,0,0,0,0,24,18,0,6,0,0.0,8.0
JD Nel,Scotland,2007,1,0,0,0,0,0,44,40,0,13,0,0.0,6.6
JD Nel,Scotland,2008,3,1,1,0,0,3,80,129,0,138,1,100.0,3.7209302325581395
JD Nel,Scotland,2009,2,5,11,1,0,0,85,89,1,46,0,45.45454545454545,5.730337078651685
JD Ryder,New Zealand,2007/08,5,196,219,23,6,2,63,49,2,440,3,89.49771689497716,7.714285714285714
JD Ryder,New Zealand,2008/09,6,239,235,26,8,4,141,138,0,600,2,101.70212765957447,6.130434782608695
JD Ryder,New Zealand,2009,2,0,4,0,0,0,0,0,0,-6,0,0.0,0.0
JD Ryder,New Zealand,2009/10,2,82,72,11,1,0,15,12,0,152,1,113.88888888888889,7.5
JD Ryder,New Zealand,2010/11,13,404,472,38,10,3,102,136,8,901,6,85.59322033898306,4.5
JD Ryder,New Zealand,2011/12,3,59,84,6,1,0,0,0,1,106,0,70.23809523809523,0.0
JD Ryder,New Zealand,2013/14,9,262,208,37,7,1,13,24,1,540,6,125.96153846153845,3.25
JD Unadkat,India,2013,5,0,0,0,0,8,137,242,0,326,5,0.0,3.396694214876033
JD Unadkat,India,2013/14,2,0,0,0,0,0,70,72,0,24,1,0.0,5.833333333333333
JD Unadkat,India,2023,1,0,0,0,0,1,16,30,1,47,1,0.0,3.2
JDF Vandersay,Sri Lanka,2015/16,3,7,17,0,0,2,100,82,0,88,1,41.17647058823529,7.317073170731708
JDF Vandersay,Sri Lanka,2016/17,3,15,36,2,0,4,155,165,0,175,1,41.66666666666667,5.636363636363637
JDF Vandersay,Sri Lanka,2017/18,4,49,119,1,0,3,162,211,0,203,0,41.17647058823529,4.606635071090047
JDF Vandersay,Sri Lanka,2019,1,0,0,0,0,1,41,46,1,48,1,0.0,5.3478260869565215
JDF Vandersay,Sri Lanka,2021/22,3,7,11,0,0,6,104,137,1,228,2,63.63636363636363,4.554744525547446
JDF Vandersay,Sri Lanka,2022,4,11,35,0,0,4,157,190,1,177,3,31.428571428571427,4.957894736842105
JDF Vandersay,Sri Lanka,2022/23,1,0,0,0,0,0,59,42,0,10,0,0.0,8.428571428571429
JDF Vandersay,Sri Lanka,2023/24,2,22,22,2,0,2,42,61,0,112,1,100.0,4.131147540983607
JDF Vandersay,Sri Lanka,2024,2,1,1,0,0,8,64,93,1,268,2,100.0,4.129032258064516
JDF Vandersay,Sri Lanka,2024/25,4,0,0,0,0,4,142,179,0,163,3,0.0,4.75977653631285
JDP Oram,New Zealand,2002/03,11,49,92,3,0,17,376,596,4,786,8,53.2608695652174,3.7852348993288594
JDP Oram,New Zealand,2003,2,12,20,3,0,5,51,118,0,212,2,60.0,2.5932203389830506
JDP Oram,New Zealand,2003/04,9,150,192,18,2,8,402,471,1,651,3,78.125,5.1210191082802545
JDP Oram,New Zealand,2004,4,30,50,2,0,10,107,230,1,427,3,60.0,2.791304347826087
JDP Oram,New Zealand,2004/05,2,26,30,2,0,2,124,118,0,123,1,86.66666666666667,6.305084745762711
JDP Oram,New Zealand,2005,2,5,18,0,0,4,91,104,3,171,2,27.77777777777778,5.25
JDP Oram,New Zealand,2005/06,4,34,73,2,1,4,132,166,1,207,2,46.57534246575342,4.771084337349397
JDP Oram,New Zealand,2006/07,19,513,586,30,19,15,540,801,8,1658,12,87.54266211604096,4.044943820224719
JDP Oram,New Zealand,2007/08,12,217,217,14,9,9,347,517,4,863,7,100.0,4.027079303675048
JDP Oram,New Zealand,2008,2,90,72,7,3,1,67,97,3,245,2,125.0,4.144329896907216
JDP Oram,New Zealand,2008/09,7,8,14,0,0,2,160,218,0,156,2,57.14285714285714,4.403669724770642
JDP Oram,New Zealand,2009,2,28,48,3,0,1,41,78,1,109,0,58.333333333333336,3.1538461538461537
JDP Oram,New Zealand,2009/10,7,139,121,9,7,8,191,336,1,610,6,114.87603305785123,3.4107142857142856
JDP Oram,New Zealand,2010,2,14,10,2,0,2,39,92,1,124,1,140.0,2.543478260869565
JDP Oram,New Zealand,2010/11,10,86,81,7,4,17,353,485,6,815,5,106.17283950617285,4.367010309278351
JDP Oram,New Zealand,2011/12,4,88,54,9,4,9,128,211,1,486,3,162.96296296296296,3.6398104265402846
JDP Oram,New Zealand,2012,4,55,80,4,2,5,161,199,0,292,1,68.75,4.8542713567839195
JDP Oram,New Zealand,2012/13,1,2,4,0,0,0,41,43,2,36,0,50.0,5.720930232558139
JDS Neesham,New Zealand,2012/13,3,18,15,4,0,1,59,66,0,81,2,120.0,5.363636363636363
JDS Neesham,New Zealand,2013/14,8,99,110,8,2,13,288,318,5,620,4,90.0,5.433962264150943
JDS Neesham,New Zealand,2014/15,5,29,46,4,0,4,196,191,0,208,0,63.04347826086957,6.157068062827225
JDS Neesham,New Zealand,2015,3,92,83,9,1,2,97,108,2,249,1,110.8433734939759,5.388888888888889
JDS Neesham,New Zealand,2016/17,16,438,476,48,4,12,392,419,9,1247,8,92.01680672268907,5.613365155131265
JDS Neesham,New Zealand,2017,6,135,140,11,2,2,170,166,1,321,2,96.42857142857143,6.144578313253012
JDS Neesham,New Zealand,2018/19,8,204,118,13,14,10,218,266,2,743,7,172.8813559322034,4.917293233082707
JDS Neesham,New Zealand,2019,9,245,305,16,6,10,250,278,3,757,5,80.32786885245902,5.395683453237409
JDS Neesham,New Zealand,2019/20,4,39,56,2,2,2,188,201,0,179,3,69.64285714285714,5.611940298507463
JDS Neesham,New Zealand,2020/21,3,34,39,2,0,7,118,157,0,315,3,87.17948717948718,4.509554140127388
JDS Neesham,New Zealand,2022,5,89,74,6,5,1,177,184,2,254,2,120.27027027027026,5.771739130434782
JDS Neesham,New Zealand,2023,2,28,26,2,0,0,76,69,0,59,0,107.6923076923077,6.608695652173913
JDS Neesham,New Zealand,2023/24,3,58,50,3,3,2,153,89,1,180,1,115.99999999999999,10.314606741573034
JE Dunford,Jersey,2023,3,6,17,0,0,0,0,0,2,25,0,35.294117647058826,0.0
JE Root,England,2012/13,8,326,381,32,3,0,112,128,4,618,4,85.56430446194226,5.25
JE Root,England,2013,12,300,389,19,1,2,210,184,6,571,5,77.12082262210797,6.8478260869565215
JE Root,England,2013/14,6,227,337,14,1,7,141,170,0,582,2,67.35905044510386,4.976470588235294
JE Root,England,2014,9,278,336,21,4,0,113,127,3,507,3,82.73809523809523,5.338582677165354
JE Root,England,2014/15,16,671,825,48,6,2,156,188,10,1258,4,81.33333333333333,4.9787234042553195
JE Root,England,2015,5,274,256,33,2,0,49,50,3,556,3,107.03125,5.88
JE Root,England,2015/16,9,496,560,37,9,0,12,18,4,883,5,88.57142857142857,4.0
JE Root,England,2016,10,445,491,41,1,1,40,43,3,788,7,90.63136456211812,5.5813953488372094
JE Root,England,2016/17,5,327,395,25,1,0,52,49,2,565,3,82.78481012658227,6.367346938775511
JE Root,England,2017,13,656,684,57,6,5,107,142,7,1301,11,95.90643274853801,4.52112676056338
JE Root,England,2017/18,10,451,531,25,3,2,129,133,5,799,7,84.93408662900188,5.819548872180451
JE Root,England,2018,8,320,387,26,2,0,141,141,4,612,7,82.68733850129199,6.0
JE Root,England,2018/19,9,290,346,26,0,0,0,0,2,476,5,83.8150289017341,0.0
JE Root,England,2019,16,678,758,63,2,2,60,73,14,1286,11,89.44591029023746,4.931506849315069
JE Root,England,2019/20,3,66,79,3,0,2,81,90,0,162,1,83.54430379746836,5.4
JE Root,England,2020,3,40,86,4,1,2,45,49,0,129,1,46.51162790697674,5.510204081632653
JE Root,England,2021,2,147,176,9,0,0,0,0,3,243,2,83.52272727272727,0.0
JE Root,England,2022,5,98,108,5,2,0,4,1,1,158,2,90.74074074074075,24.0
JE Root,England,2023,4,39,65,3,1,0,23,25,2,82,3,60.0,5.52
JE Root,England,2023/24,8,265,299,19,2,0,48,37,1,434,3,88.62876254180601,7.783783783783783
JE Taylor,West Indies,2003,1,0,0,0,0,2,36,63,0,75,1,0.0,3.4285714285714284
JE Taylor,West Indies,2005/06,3,0,0,0,0,1,101,105,1,74,1,0.0,5.771428571428571
JE Taylor,West Indies,2006,7,19,17,2,0,14,211,367,1,561,7,111.76470588235294,3.449591280653951
JE Taylor,West Indies,2006/07,21,43,61,4,0,29,814,1096,6,1268,12,70.49180327868852,4.456204379562044
JE Taylor,West Indies,2007/08,9,57,37,5,3,15,352,511,5,766,4,154.05405405405406,4.1330724070450096
JE Taylor,West Indies,2008,2,11,10,0,1,3,73,106,0,138,0,110.00000000000001,4.132075471698113
JE Taylor,West Indies,2008/09,3,7,35,0,0,5,99,134,1,181,0,20.0,4.432835820895523
JE Taylor,West Indies,2009,5,41,35,7,0,8,220,257,0,381,1,117.14285714285715,5.136186770428015
JE Taylor,West Indies,2010,4,6,7,1,0,6,181,216,1,235,0,85.71428571428571,5.027777777777778
JE Taylor,West Indies,2014/15,13,50,72,7,0,25,659,685,2,949,4,69.44444444444444,5.772262773722628
JE Taylor,West Indies,2015/16,2,1,2,0,0,1,76,62,0,42,0,50.0,7.354838709677419
JE Taylor,West Indies,2016,4,21,19,3,1,2,155,142,0,138,2,110.5263157894737,6.549295774647887
JE Taylor,West Indies,2017,5,2,5,0,0,2,226,203,0,120,0,40.0,6.679802955665024
JEC Franklin,New Zealand,2004,1,0,0,0,0,5,38,64,0,164,1,0.0,3.5625
JEC Franklin,New Zealand,2005/06,9,103,161,7,2,8,242,313,4,527,4,63.975155279503106,4.638977635782748
JEC Franklin,New Zealand,2006/07,22,242,267,15,4,26,823,1100,5,1502,12,90.63670411985018,4.489090909090909
JEC Franklin,New Zealand,2009/10,11,128,194,11,0,5,282,348,2,444,8,65.97938144329896,4.862068965517241
JEC Franklin,New Zealand,2010/11,12,325,361,30,8,3,237,251,4,739,4,90.02770083102493,5.665338645418326
JEC Franklin,New Zealand,2011/12,5,75,107,6,0,2,72,92,1,197,2,70.09345794392523,4.695652173913043
JEC Franklin,New Zealand,2012/13,9,199,271,11,3,7,244,276,0,558,3,73.43173431734317,5.304347826086956
JEC Franklin,New Zealand,2013,5,35,64,4,0,0,112,91,1,93,3,54.6875,7.384615384615385
JF Kloppenburg,Netherlands,2002/03,4,149,240,9,4,7,131,192,1,502,1,62.083333333333336,4.09375
JF Mooney,Ireland,2006,1,30,26,1,1,3,68,66,0,143,0,115.38461538461537,6.181818181818182
JF Mooney,Ireland,2006/07,3,23,47,2,0,0,36,30,1,48,1,48.93617021276596,7.2
JF Mooney,Ireland,2009,1,9,24,0,0,0,0,0,1,13,0,37.5,0.0
JF Mooney,Ireland,2010,5,157,192,17,1,2,31,66,3,365,2,81.77083333333334,2.8181818181818183
JF Mooney,Ireland,2010/11,6,58,90,8,0,9,255,274,2,456,2,64.44444444444444,5.583941605839416
JF Mooney,Ireland,2011,3,39,37,3,1,7,84,126,1,301,2,105.40540540540539,4.0
JF Mooney,Ireland,2011/12,2,44,42,3,1,1,30,50,0,115,1,104.76190476190477,3.5999999999999996
JF Mooney,Ireland,2013,2,28,46,2,0,1,35,37,2,93,1,60.86956521739131,5.675675675675675
JF Mooney,Ireland,2014,3,123,106,18,2,1,91,121,0,316,2,116.03773584905662,4.512396694214876
JF Mooney,Ireland,2014/15,7,87,114,8,1,6,312,352,2,441,4,76.31578947368422,5.318181818181818
JF Mooney,Ireland,2015,1,0,2,0,0,1,33,36,0,34,0,0.0,5.5
JF Mooney,Ireland,2015/16,2,12,20,0,0,2,69,84,0,95,0,60.0,4.928571428571429
JF Smith,South Africa,2024/25,2,91,95,9,4,0,28,31,1,193,1,95.78947368421052,5.419354838709677
JG Bethell,England,2024,5,85,119,7,2,4,80,82,1,271,2,71.42857142857143,5.853658536585366
JG Bethell,England,2024/25,3,82,93,7,2,0,58,42,1,157,1,88.17204301075269,8.285714285714286
JH Davey,Scotland,2011,1,30,54,3,0,0,13,18,0,52,1,55.55555555555556,4.333333333333333
JH Davey,Scotland,2013,1,20,23,3,0,0,0,0,1,40,0,86.95652173913044,0.0
JH Davey,Scotland,2014,4,44,82,4,0,7,130,201,0,324,1,53.65853658536586,3.8805970149253732
JH Davey,Scotland,2014/15,5,54,82,5,0,12,254,262,1,473,0,65.85365853658537,5.816793893129772
JH Davey,Scotland,2016,1,0,0,0,0,0,48,49,1,24,1,0.0,5.877551020408164
JH Davey,Scotland,2016/17,2,11,26,2,0,3,47,87,0,138,0,42.30769230769231,3.2413793103448274
JH Davey,Scotland,2017,1,8,16,0,0,1,15,49,0,63,0,50.0,1.836734693877551
JH Davey,Scotland,2019/20,2,26,29,1,1,2,67,103,1,137,1,89.65517241379311,3.902912621359223
JH Desai,United States of America,2004,1,16,38,1,0,0,0,0,1,26,0,42.10526315789473,0.0
JH Kallis,South Africa,2002/03,6,63,89,4,1,3,188,251,2,292,3,70.78651685393258,4.49402390438247
JH Kallis,South Africa,2003,4,314,405,31,2,3,132,135,1,702,2,77.53086419753087,5.866666666666666
JH Kallis,South Africa,2003/04,9,422,514,35,10,8,260,331,5,1084,4,82.10116731517509,4.712990936555891
JH Kallis,South Africa,2004,3,124,174,7,2,0,109,111,1,250,0,71.26436781609196,5.891891891891892
JH Kallis,South Africa,2004/05,7,227,331,20,1,3,180,180,4,502,4,68.58006042296071,6.0
JH Kallis,Africa XI,2005,2,8,35,0,0,3,38,62,0,107,1,22.857142857142858,3.6774193548387095
JH Kallis,South Africa,2005,2,25,44,1,0,1,22,42,0,72,2,56.81818181818182,3.142857142857143
JH Kallis,ICC World XI,2005/06,2,13,35,0,0,0,44,28,0,20,0,37.142857142857146,9.428571428571429
JH Kallis,South Africa,2005/06,8,290,462,21,1,2,194,197,1,548,5,62.77056277056276,5.908629441624365
JH Kallis,South Africa,2006/07,26,1010,1300,98,13,27,662,933,7,2831,18,77.6923076923077,4.257234726688103
JH Kallis,South Africa,2007,4,139,178,8,1,3,79,97,2,326,2,78.08988764044943,4.886597938144329
JH Kallis,South Africa,2007/08,13,397,579,37,2,6,195,234,1,876,10,68.56649395509498,5.0
JH Kallis,South Africa,2008,5,68,123,9,0,4,91,84,0,237,0,55.28455284552846,6.5
JH Kallis,South Africa,2008/09,10,489,621,41,3,3,240,292,3,950,8,78.74396135265701,4.931506849315069
JH Kallis,South Africa,2009/10,7,374,416,32,6,4,151,183,3,822,3,89.90384615384616,4.950819672131147
JH Kallis,South Africa,2010,5,225,247,13,2,3,104,141,7,532,5,91.09311740890689,4.425531914893617
JH Kallis,South Africa,2010/11,11,389,529,29,2,10,236,347,6,1028,8,73.53497164461248,4.0806916426512965
JH Kallis,South Africa,2011/12,7,271,333,23,6,6,169,188,3,695,5,81.38138138138137,5.393617021276596
JH Kallis,South Africa,2013/14,4,76,112,8,1,3,118,118,4,272,2,67.85714285714286,6.0
JH Kallis,South Africa,2014,3,5,21,0,0,0,0,0,2,18,2,23.809523809523807,0.0
JH Stander,Scotland,2009,2,34,42,0,3,2,74,73,1,136,0,80.95238095238095,6.082191780821918
JI de Villiers,Namibia,2019/20,2,0,2,0,0,2,62,61,0,64,1,0.0,6.0983606557377055
JI de Villiers,Namibia,2024,2,8,14,1,0,0,70,65,0,39,0,57.14285714285714,6.461538461538461
JJ Atkinson,Hong Kong,2008,2,41,79,5,0,0,0,0,1,79,0,51.89873417721519,0.0
JJ Atkinson,Hong Kong,2014,1,20,40,2,0,0,0,0,2,42,0,50.0,0.0
JJ Atkinson,Hong Kong,2016/17,1,23,33,1,2,0,0,0,1,83,0,69.6969696969697,0.0
JJ Bumrah,India,2015/16,1,0,0,0,0,2,40,60,0,72,1,0.0,4.0
JJ Bumrah,India,2016,3,0,0,0,0,9,63,165,2,341,3,0.0,2.290909090909091
JJ Bumrah,India,2016/17,7,0,1,0,0,11,348,382,2,437,5,0.0,5.465968586387435
JJ Bumrah,India,2017,10,1,9,0,0,19,356,531,1,734,8,11.11111111111111,4.022598870056497
JJ Bumrah,India,2017/18,16,10,22,2,0,23,567,779,6,958,13,45.45454545454545,4.367137355584082
JJ Bumrah,India,2018,4,0,0,0,0,8,126,211,3,329,4,0.0,3.5829383886255926
JJ Bumrah,India,2018/19,8,7,11,0,1,13,308,444,1,516,4,63.63636363636363,4.162162162162162
JJ Bumrah,India,2019,8,0,0,0,0,16,326,450,0,600,6,0.0,4.346666666666667
JJ Bumrah,India,2019/20,6,0,1,0,0,1,260,352,0,166,2,0.0,4.431818181818182
JJ Bumrah,India,2020/21,3,0,5,0,0,4,185,186,0,159,1,0.0,5.967741935483871
JJ Bumrah,India,2021/22,3,26,41,3,0,5,134,183,0,225,0,63.41463414634146,4.39344262295082
JJ Bumrah,India,2022,2,2,6,0,0,8,61,107,0,291,1,33.33333333333333,3.4205607476635516
JJ Bumrah,India,2023,4,21,26,3,0,4,62,107,0,193,3,80.76923076923077,3.476635514018692
JJ Bumrah,India,2023/24,12,23,41,2,0,20,432,633,1,828,10,56.09756097560976,4.0947867298578196
JJ Celestine,Bermuda,2007/08,2,16,45,3,0,0,0,0,0,28,0,35.55555555555556,0.0
JJ Celestine,Bermuda,2008,1,12,19,2,0,0,0,0,0,20,1,63.1578947368421,0.0
JJ Davidson,Scotland,2024,2,1,2,0,0,5,63,84,0,170,1,50.0,4.5
JJ Esmeijer,Netherlands,2002/03,3,3,15,0,0,0,135,159,3,84,1,20.0,5.09433962264151
JJ Krejza,Australia,2010/11,8,13,25,0,0,7,322,430,2,362,5,52.0,4.493023255813953
JJ Roy,England,2012,1,0,0,0,0,0,0,0,0,6,1,0.0,0.0
JJ Roy,England,2015,11,299,299,47,1,0,0,0,4,574,5,100.0,0.0
JJ Roy,England,2015/16,9,259,286,33,2,0,0,0,1,476,5,90.55944055944056,0.0
JJ Roy,England,2016,10,497,450,44,10,0,0,0,3,940,7,110.44444444444443,0.0
JJ Roy,England,2016/17,8,356,350,47,5,0,0,0,3,672,5,101.71428571428571,0.0
JJ Roy,England,2017,10,231,237,30,3,0,0,0,3,446,9,97.46835443037975,0.0
JJ Roy,England,2017/18,9,364,385,42,9,0,0,0,7,739,6,94.54545454545455,0.0
JJ Roy,England,2018,7,382,337,41,9,0,0,0,1,729,6,113.35311572700297,0.0
JJ Roy,England,2018/19,7,239,208,28,6,0,0,0,7,500,4,114.90384615384615,0.0
JJ Roy,England,2019,10,720,641,76,23,0,0,0,2,1430,8,112.32449297971918,0.0
JJ Roy,England,2019/20,2,53,56,5,2,0,0,0,0,91,1,94.64285714285714,0.0
JJ Roy,England,2020,6,49,66,6,1,0,0,0,1,83,3,74.24242424242425,0.0
JJ Roy,England,2020/21,3,115,95,17,2,0,0,0,3,241,1,121.05263157894737,0.0
JJ Roy,England,2021,1,60,52,10,0,0,0,0,0,114,1,115.38461538461537,0.0
JJ Roy,England,2022,9,296,304,43,3,0,0,0,6,601,5,97.36842105263158,0.0
JJ Roy,England,2022/23,9,317,350,40,5,0,0,0,5,654,3,90.57142857142857,0.0
JJ Smit,Namibia,2019,4,77,111,4,3,4,98,134,3,297,3,69.36936936936937,4.388059701492538
JJ Smit,Namibia,2019/20,3,63,111,2,2,8,102,139,1,367,1,56.75675675675676,4.402877697841727
JJ Smit,Namibia,2021/22,6,194,212,10,10,11,236,343,1,769,3,91.50943396226415,4.128279883381924
JJ Smit,Namibia,2022,5,99,133,6,3,0,30,42,1,178,4,74.43609022556392,4.285714285714286
JJ Smit,Namibia,2022/23,8,92,106,6,6,9,214,388,1,575,5,86.79245283018868,3.3092783505154637
JJ Smit,Namibia,2023/24,4,77,153,3,5,0,0,0,2,138,3,50.326797385620914,0.0
JJ Smit,Namibia,2024,8,237,341,15,10,3,67,88,3,525,2,69.50146627565982,4.568181818181818
JJ Tucker,Bermuda,2006/07,8,108,194,15,0,3,184,233,5,370,1,55.670103092783506,4.738197424892704
JJ Tucker,Bermuda,2007/08,3,95,127,11,2,0,67,78,1,195,0,74.80314960629921,5.153846153846154
JJ van der Wath,South Africa,2005/06,7,80,57,3,8,10,391,384,1,546,3,140.35087719298244,6.109375
JJ van der Wath,South Africa,2006/07,1,5,7,0,0,0,40,52,0,22,1,71.42857142857143,4.615384615384616
JJ van der Wath,South Africa,2007,2,4,8,0,0,3,106,105,1,121,2,50.0,6.057142857142857
JJC Lawson,West Indies,2004,2,0,1,0,0,2,78,104,0,89,1,0.0,4.5
JJC Lawson,West Indies,2005,2,11,12,1,0,2,110,121,0,109,0,91.66666666666666,5.454545454545454
JK Kamande,Kenya,2002/03,1,3,2,0,0,0,0,0,0,3,0,150.0,0.0
JK Kamande,Kenya,2006,2,8,62,0,0,0,10,6,1,12,0,12.903225806451612,10.0
JK Kamande,Kenya,2006/07,4,43,63,3,1,0,118,146,0,115,1,68.25396825396825,4.8493150684931505
JK Kamande,Kenya,2007/08,5,71,97,7,0,6,192,296,1,380,5,73.19587628865979,3.8918918918918917
JK Kamande,Kenya,2008,1,7,17,0,0,0,0,0,0,7,0,41.17647058823529,0.0
JK Kamande,Kenya,2008/09,2,6,23,0,0,1,62,67,0,45,0,26.08695652173913,5.552238805970149
JK Kamande,Kenya,2009,1,6,18,0,0,0,2,6,0,8,0,33.33333333333333,2.0
JK Kamande,Kenya,2010/11,5,27,81,3,0,3,147,160,1,177,0,33.33333333333333,5.5125
JL Carter,West Indies,2014/15,10,193,284,20,3,0,0,0,4,338,3,67.95774647887323,0.0
JL Carter,West Indies,2015/16,3,19,66,0,0,3,40,48,2,117,0,28.78787878787879,5.0
JL Carter,West Indies,2016,2,0,0,0,0,0,0,0,2,16,1,0.0,0.0
JL Carter,West Indies,2016/17,7,241,292,20,5,0,65,61,1,419,1,82.53424657534246,6.39344262295082
JL Carter,West Indies,2017,5,50,75,3,1,0,29,22,0,73,1,66.66666666666666,7.909090909090909
JL Carter,West Indies,2019,3,57,61,5,1,1,19,12,0,122,1,93.44262295081968,9.5
JL Denly,England,2009,5,201,323,21,1,0,0,0,3,347,2,62.22910216718266,0.0
JL Denly,England,2009/10,4,67,95,10,0,0,0,0,2,127,2,70.52631578947368,0.0
JL Denly,England,2019,3,25,39,1,0,0,58,68,2,69,3,64.1025641025641,5.117647058823529
JL Denly,England,2019/20,2,153,188,12,5,0,41,36,0,279,1,81.38297872340425,6.833333333333333
JL Louw,Namibia,2002/03,1,0,0,0,0,1,59,61,0,45,0,0.0,5.803278688524591
JL Ontong,Africa XI,2005,1,0,2,0,0,0,0,0,1,5,1,0.0,0.0
JL Ontong,South Africa,2005,1,0,0,0,0,1,23,18,1,39,1,0.0,7.666666666666667
JL Ontong,South Africa,2005/06,1,11,24,2,0,0,0,0,0,17,1,45.83333333333333,0.0
JL Ontong,South Africa,2007/08,1,23,30,1,0,0,0,0,0,27,1,76.66666666666667,0.0
JL Ontong,South Africa,2008/09,2,46,61,6,0,0,0,0,1,88,2,75.40983606557377,0.0
JL Ontong,South Africa,2011/12,1,17,19,3,0,0,0,0,1,37,1,89.47368421052632,0.0
JL Ontong,South Africa,2012,1,0,0,0,0,0,0,0,1,8,1,0.0,0.0
JL Pattinson,Australia,2011,2,0,2,0,0,3,78,104,1,120,1,0.0,4.5
JL Pattinson,Australia,2011/12,3,12,24,1,0,5,137,146,1,198,1,50.0,5.63013698630137
JL Pattinson,Australia,2012,5,23,36,1,0,4,185,268,0,232,2,63.888888888888886,4.141791044776119
JL Pattinson,Australia,2013/14,2,4,10,0,0,1,96,92,0,63,1,40.0,6.260869565217391
JL Pattinson,Australia,2015,2,2,8,0,0,0,104,95,1,47,0,25.0,6.568421052631579
JL Smith,England,2023,1,9,10,0,0,0,0,0,1,17,1,90.0,0.0
JL Smith,England,2024,5,124,137,9,5,0,0,0,6,252,2,90.51094890510949,0.0
JM Anderson,England,2002/03,11,11,44,0,0,18,452,606,1,746,4,25.0,4.475247524752476
JM Anderson,England,2003,7,6,14,0,0,15,266,393,0,556,5,42.857142857142854,4.061068702290076
JM Anderson,England,2003/04,6,4,16,0,0,5,145,258,0,270,3,25.0,3.372093023255814
JM Anderson,England,2004,4,13,32,1,0,7,164,182,1,266,1,40.625,5.406593406593407
JM Anderson,England,2004/05,2,0,0,0,0,2,45,119,1,119,2,0.0,2.26890756302521
JM Anderson,England,2005/06,8,16,21,2,0,12,374,454,1,522,3,76.19047619047619,4.942731277533039
JM Anderson,England,2006/07,16,20,44,2,0,19,597,854,2,884,7,45.45454545454545,4.194379391100703
JM Anderson,England,2007,10,15,38,0,0,19,450,580,4,813,5,39.473684210526315,4.655172413793103
JM Anderson,England,2007/08,9,7,30,0,0,8,414,440,5,419,3,23.333333333333332,5.6454545454545455
JM Anderson,England,2008,10,13,21,2,0,6,282,381,3,327,5,61.904761904761905,4.440944881889764
JM Anderson,England,2008/09,9,10,18,1,0,9,335,391,3,394,3,55.55555555555556,5.140664961636828
JM Anderson,England,2009,7,1,12,0,0,10,301,360,1,400,3,8.333333333333332,5.016666666666667
JM Anderson,England,2009/10,7,12,35,0,0,15,286,407,0,575,4,34.285714285714285,4.216216216216217
JM Anderson,England,2010,12,12,26,1,0,16,549,682,6,754,7,46.15384615384615,4.829912023460411
JM Anderson,England,2010/11,9,28,51,4,0,11,492,517,1,536,3,54.90196078431373,5.709864603481624
JM Anderson,England,2011,9,12,19,0,0,14,340,453,3,580,5,63.1578947368421,4.503311258278146
JM Anderson,England,2011/12,3,0,0,0,0,4,108,154,0,160,3,0.0,4.207792207792208
JM Anderson,England,2012,9,5,14,0,0,14,360,467,2,581,7,35.714285714285715,4.625267665952891
JM Anderson,England,2012/13,3,0,3,0,0,7,100,165,1,270,2,0.0,3.6363636363636362
JM Anderson,England,2013,7,33,24,5,0,16,234,348,2,617,3,137.5,4.0344827586206895
JM Anderson,England,2014,10,22,34,2,0,12,331,489,5,594,4,64.70588235294117,4.061349693251533
JM Anderson,England,2014/15,9,14,18,2,0,11,356,466,1,512,3,77.77777777777779,4.583690987124463
JM Bairstow,England,2011,1,41,21,1,3,0,0,0,0,73,1,195.23809523809524,0.0
JM Bairstow,England,2011/12,4,49,86,4,0,0,0,0,3,93,0,56.97674418604651,0.0
JM Bairstow,England,2012,1,29,54,4,0,0,0,0,0,49,0,53.70370370370371,0.0
JM Bairstow,England,2012/13,1,0,0,0,0,0,0,0,1,8,1,0.0,0.0
JM Bairstow,England,2013,1,0,0,0,0,0,0,0,1,8,0,0.0,0.0
JM Bairstow,England,2015,5,141,123,16,2,0,0,0,7,325,3,114.6341463414634,0.0
JM Bairstow,England,2016,6,148,183,12,1,0,0,0,4,286,3,80.87431693989072,0.0
JM Bairstow,England,2016/17,4,106,138,7,1,0,0,0,2,169,3,76.81159420289855,0.0
JM Bairstow,England,2017,10,478,477,52,4,0,0,0,3,876,7,100.20964360587001,0.0
JM Bairstow,England,2017/18,10,459,445,47,16,0,0,0,2,890,7,103.14606741573033,0.0
JM Bairstow,England,2018,8,406,307,57,8,0,0,0,3,834,7,132.24755700325733,0.0
JM Bairstow,England,2018/19,7,156,164,20,5,0,0,0,1,301,4,95.1219512195122,0.0
JM Bairstow,England,2019,13,653,656,87,13,0,0,0,8,1347,9,99.54268292682927,0.0
JM Bairstow,England,2019/20,2,62,49,9,3,0,0,0,1,134,1,126.53061224489797,0.0
JM Bairstow,England,2020,6,284,302,30,8,0,0,0,4,579,3,94.03973509933775,0.0
JM Bairstow,England,2020/21,3,219,189,17,14,0,0,0,1,449,1,115.87301587301589,0.0
JM Bairstow,England,2021,3,72,59,9,2,0,0,0,5,196,2,122.03389830508475,0.0
JM Bairstow,England,2022,6,136,161,17,0,0,0,0,3,245,2,84.472049689441,0.0
JM Bairstow,England,2023,3,19,25,2,0,0,0,0,2,40,3,76.0,0.0
JM Bairstow,England,2023/24,8,213,243,27,3,0,0,0,5,408,3,87.65432098765432,0.0
JM Cox,England,2024/25,3,22,57,2,0,0,0,0,1,38,1,38.59649122807017,0.0
JM Davison,Canada,2002/03,6,226,193,21,12,8,181,258,1,780,1,117.09844559585491,4.209302325581396
JM Davison,Canada,2006/07,4,152,119,19,2,3,121,160,3,435,1,127.73109243697478,4.5375
JM Davison,Canada,2009,1,32,38,4,1,0,0,0,0,58,1,84.21052631578947,0.0
JM Davison,Canada,2010/11,5,33,43,6,0,5,195,212,4,284,1,76.74418604651163,5.518867924528301
JM How,New Zealand,2005/06,5,141,221,20,1,0,0,0,2,264,5,63.80090497737556,0.0
JM How,New Zealand,2007/08,13,577,783,63,4,0,0,0,3,1037,6,73.69093231162196,0.0
JM How,New Zealand,2008,5,105,190,10,1,0,0,0,4,179,3,55.26315789473685,0.0
JM How,New Zealand,2008/09,1,0,7,0,0,0,0,0,3,25,1,0.0,0.0
JM How,New Zealand,2010/11,11,116,248,12,1,0,0,0,10,240,3,46.774193548387096,0.0
JM Kemp,South Africa,2004/05,10,345,306,19,22,0,107,155,6,767,7,112.74509803921569,4.141935483870968
JM Kemp,Africa XI,2005,2,12,21,2,0,2,34,60,0,98,1,57.14285714285714,3.4
JM Kemp,South Africa,2005,2,8,8,1,0,0,9,24,0,24,2,100.0,2.25
JM Kemp,South Africa,2005/06,18,287,334,20,7,1,84,108,11,598,10,85.92814371257485,4.666666666666667
JM Kemp,South Africa,2006/07,23,353,544,24,13,10,218,288,4,988,16,64.88970588235294,4.541666666666667
JM Kemp,Africa XI,2007,3,91,88,4,7,0,31,31,2,198,0,103.40909090909092,6.0
JM Kemp,South Africa,2007,2,79,74,7,2,0,9,12,1,145,1,106.75675675675676,4.5
JM Kemp,South Africa,2007/08,3,51,98,0,2,0,0,0,2,89,1,52.04081632653062,0.0
JM Mennie,Australia,2016/17,2,1,5,0,0,3,129,122,0,119,0,20.0,6.344262295081967
JM Vince,England,2015,1,0,0,0,0,0,0,0,1,8,0,0.0,0.0
JM Vince,England,2016,1,51,56,5,0,0,0,0,0,83,1,91.07142857142857,0.0
JM Vince,England,2016/17,3,53,67,7,0,0,0,0,3,109,2,79.1044776119403,0.0
JM Vince,England,2018,1,27,27,5,0,0,0,0,0,53,1,100.0,0.0
JM Vince,England,2019,8,108,120,18,0,0,0,0,5,229,5,90.0,0.0
JM Vince,England,2020,3,57,67,11,0,1,37,43,1,154,2,85.07462686567165,5.162790697674418
JM Vince,England,2021,3,158,151,19,0,0,0,0,2,312,3,104.63576158940397,0.0
JM Vince,England,2022/23,6,136,194,8,3,0,0,0,3,224,2,70.10309278350515,0.0
JN Frylinck,Namibia,2019,4,52,55,1,3,9,98,178,2,425,3,94.54545454545455,3.303370786516854
JN Frylinck,Namibia,2019/20,3,33,48,1,0,2,97,132,1,159,1,68.75,4.409090909090909
JN Frylinck,Namibia,2021/22,6,110,130,8,1,8,244,331,2,533,3,84.61538461538461,4.422960725075529
JN Frylinck,Namibia,2022,7,103,140,5,2,13,165,314,2,631,6,73.57142857142858,3.1528662420382165
JN Frylinck,Namibia,2022/23,5,42,47,1,2,0,99,126,3,131,3,89.36170212765957,4.714285714285714
JN Frylinck,Namibia,2023/24,4,72,130,8,0,3,33,47,2,217,3,55.38461538461539,4.212765957446809
JN Frylinck,Namibia,2024,6,203,285,22,0,0,129,170,2,386,1,71.2280701754386,4.552941176470588
JN Gillespie,Australia,2002/03,3,6,5,1,0,6,86,167,0,241,3,120.0,3.089820359281437
JN Gillespie,Australia,2003,4,1,1,0,0,5,107,239,0,273,2,100.0,2.6861924686192467
JN Gillespie,Australia,2003/04,10,23,36,0,0,11,354,543,0,524,8,63.888888888888886,3.911602209944751
JN Gillespie,Australia,2004,7,33,17,1,3,15,192,370,2,650,6,194.11764705882354,3.1135135135135137
JN Gillespie,Australia,2004/05,7,51,48,3,1,11,258,383,2,527,5,106.25,4.04177545691906
JN Gillespie,Australia,2005,7,1,3,0,0,8,220,311,2,336,4,33.33333333333333,4.244372990353698
JN Hamilton,West Indies,2020/21,1,5,16,0,0,0,0,0,0,5,0,31.25,0.0
JN Loftie-Eaton,Namibia,2021/22,5,180,255,12,0,0,15,12,5,298,2,70.58823529411765,7.5
JN Loftie-Eaton,Namibia,2022,7,147,208,10,2,4,97,174,5,422,6,70.67307692307693,3.3448275862068964
JN Loftie-Eaton,Namibia,2022/23,13,189,263,15,3,6,150,140,5,525,5,71.86311787072243,6.428571428571429
JN Loftie-Eaton,Namibia,2023,3,75,106,6,1,0,0,0,1,123,1,70.75471698113208,0.0
JN Loftie-Eaton,Namibia,2023/24,4,85,96,11,2,5,90,123,1,339,3,88.54166666666666,4.390243902439025
JN Loftie-Eaton,Namibia,2024,4,120,144,8,6,5,134,93,4,396,1,83.33333333333334,8.64516129032258
JN Malan,South Africa,2019/20,3,152,170,11,4,0,0,0,3,305,3,89.41176470588236,0.0
JN Malan,South Africa,2021,6,493,542,46,11,0,0,0,4,941,2,90.95940959409594,0.0
JN Malan,South Africa,2021/22,7,183,258,23,1,0,0,0,3,337,4,70.93023255813954,0.0
JN Malan,South Africa,2022,3,68,105,7,0,0,0,0,0,105,1,64.76190476190476,0.0
JN Malan,South Africa,2022/23,4,62,102,10,0,0,0,0,2,122,2,60.78431372549019,0.0
JN Mohammed,West Indies,2011/12,1,2,21,0,0,0,0,0,0,-4,0,9.523809523809524,0.0
JN Mohammed,West Indies,2015/16,1,4,10,0,0,0,25,36,0,18,0,40.0,4.166666666666667
JN Mohammed,West Indies,2016/17,3,132,195,11,2,0,40,54,0,226,0,67.6923076923077,4.444444444444445
JN Mohammed,West Indies,2017,11,354,471,29,8,0,38,30,0,585,2,75.15923566878982,7.6
JN Mohammed,West Indies,2017/18,5,28,49,4,0,0,13,14,2,61,2,57.14285714285714,5.571428571428571
JN Mohammed,West Indies,2018,2,22,34,1,0,0,15,12,0,30,1,64.70588235294117,7.5
JN Mohammed,West Indies,2020/21,6,66,129,4,0,7,171,253,1,355,3,51.162790697674424,4.055335968379447
JN Mohammed,West Indies,2021,2,13,20,2,0,0,36,43,0,39,1,65.0,5.023255813953488
JN Rhodes,South Africa,2002/03,1,2,6,0,0,0,0,0,0,2,0,33.33333333333333,0.0
JNK Shannon,Ireland,2013,1,2,8,0,0,0,0,0,0,2,0,25.0,0.0
JNT Seales,West Indies,2022,8,16,29,0,0,4,310,342,2,255,1,55.172413793103445,5.43859649122807
JNT Seales,West Indies,2023,3,1,12,0,0,2,121,111,0,81,1,8.333333333333332,6.54054054054054
JNT Seales,West Indies,2024/25,7,5,7,1,0,7,258,291,2,315,4,71.42857142857143,5.319587628865979
JNT Vare,Papua New Guinea,2017,1,1,4,0,0,0,0,0,0,19,0,25.0,0.0
JNT Vare,Papua New Guinea,2017/18,4,34,67,1,0,0,0,0,3,64,0,50.74626865671642,0.0
JO Holder,West Indies,2012/13,2,16,51,1,0,2,68,92,0,98,0,31.372549019607842,4.434782608695652
JO Holder,West Indies,2013,6,19,14,1,1,10,197,315,2,451,1,135.71428571428572,3.7523809523809524
JO Holder,West Indies,2013/14,9,33,41,4,0,13,366,393,4,577,5,80.48780487804879,5.587786259541985
JO Holder,West Indies,2014,3,30,20,3,1,3,101,140,0,172,3,150.0,4.328571428571429
JO Holder,West Indies,2014/15,13,219,222,19,9,18,663,676,3,1126,4,98.64864864864865,5.884615384615384
JO Holder,West Indies,2015/16,2,55,32,5,3,2,72,73,0,175,0,171.875,5.917808219178083
JO Holder,West Indies,2016,7,105,146,8,3,7,252,311,3,475,3,71.91780821917808,4.861736334405144
JO Holder,West Indies,2016/17,10,150,163,9,3,16,445,563,5,865,1,92.02453987730061,4.7424511545293075
JO Holder,West Indies,2017,12,325,317,22,12,12,510,590,4,1114,2,102.5236593059937,5.186440677966102
JO Holder,West Indies,2017/18,8,238,259,15,8,17,331,429,5,1036,5,91.8918918918919,4.629370629370629
JO Holder,West Indies,2018,3,33,34,0,2,4,163,179,0,203,1,97.05882352941177,5.463687150837989
JO Holder,West Indies,2018/19,9,209,261,15,3,9,431,419,4,717,3,80.07662835249042,6.171837708830549
JO Holder,West Indies,2019,14,255,275,20,7,11,561,599,9,985,3,92.72727272727272,5.6193656093489155
JO Holder,West Indies,2019/20,6,41,41,4,1,4,313,341,1,293,1,100.0,5.50733137829912
JO Holder,West Indies,2020/21,3,16,14,1,1,3,155,153,2,167,3,114.28571428571428,6.078431372549019
JO Holder,West Indies,2021,3,57,89,6,1,1,106,121,2,181,1,64.04494382022472,5.256198347107437
JO Holder,West Indies,2021/22,6,125,182,9,4,6,195,250,6,511,1,68.68131868131869,4.680000000000001
JO Holder,West Indies,2022,4,23,42,1,0,7,138,185,1,284,1,54.761904761904766,4.475675675675676
JO Holder,West Indies,2022/23,2,51,64,4,0,0,107,88,0,104,1,79.6875,7.295454545454546
JO Holder,West Indies,2023,5,144,164,9,5,6,234,288,4,546,2,87.8048780487805,4.875
JO Ngoche,Kenya,2010/11,3,10,26,0,1,1,139,171,2,125,0,38.46153846153847,4.87719298245614
JO Ngoche,Kenya,2011/12,2,1,3,0,0,3,49,105,2,147,1,33.33333333333333,2.8
JO Ngoche,Kenya,2012/13,1,0,0,0,0,0,21,30,0,12,1,0.0,4.2
JO Troughton,England,2003,5,36,77,5,0,0,0,0,1,61,3,46.75324675324675,0.0
JOA Gordon,Canada,2013,2,2,14,0,0,4,47,64,0,139,0,14.285714285714285,4.40625
JOA Gordon,Canada,2013/14,2,4,11,0,0,1,100,89,0,53,0,36.36363636363637,6.741573033707865
JOA Gordon,Canada,2023,4,3,17,0,0,9,155,211,0,328,2,17.647058823529413,4.407582938388626
JOA Gordon,Canada,2024,2,13,6,1,1,1,81,106,0,90,0,216.66666666666666,4.584905660377358
JP Behrendorff,Australia,2018/19,6,7,4,0,0,7,284,332,2,331,4,175.0,5.132530120481928
JP Behrendorff,Australia,2019,5,12,11,0,0,9,222,270,1,359,3,109.09090909090908,4.933333333333334
JP Behrendorff,Australia,2021/22,1,2,8,0,0,0,51,54,0,20,0,25.0,5.666666666666667
JP Bray,Ireland,2006,1,22,29,3,0,0,0,0,0,34,0,75.86206896551724,0.0
JP Bray,Ireland,2006/07,9,212,342,22,2,0,0,0,2,368,2,61.98830409356725,0.0
JP Duminy,South Africa,2004,2,0,3,0,0,0,33,43,1,18,0,0.0,4.604651162790698
JP Duminy,South Africa,2006/07,3,115,130,11,0,0,35,36,2,207,3,88.46153846153845,5.833333333333333
JP Duminy,South Africa,2007,7,84,125,8,0,1,26,25,2,172,5,67.2,6.239999999999999
JP Duminy,South Africa,2007/08,12,390,552,28,5,1,72,82,2,672,11,70.65217391304348,5.2682926829268295
JP Duminy,South Africa,2008,4,64,87,5,1,0,0,0,0,90,0,73.5632183908046,0.0
JP Duminy,South Africa,2008/09,12,402,441,26,4,9,214,297,4,981,9,91.15646258503402,4.3232323232323235
JP Duminy,South Africa,2009/10,8,199,216,18,3,3,107,115,6,496,3,92.12962962962963,5.582608695652174
JP Duminy,South Africa,2010,3,98,142,2,1,0,19,18,1,142,3,69.01408450704226,6.333333333333333
JP Duminy,South Africa,2010/11,20,803,873,39,13,3,201,253,8,1439,14,91.98167239404353,4.766798418972332
JP Duminy,South Africa,2011/12,11,342,448,20,3,5,212,253,8,777,7,76.33928571428571,5.027667984189724
JP Duminy,South Africa,2012,4,65,94,6,0,2,27,42,0,157,2,69.14893617021278,3.857142857142857
JP Duminy,South Africa,2013,9,208,298,19,2,5,277,373,4,621,2,69.79865771812081,4.455764075067024
JP Duminy,South Africa,2013/14,11,301,375,21,6,2,112,138,2,584,7,80.26666666666667,4.869565217391305
JP Duminy,South Africa,2014,10,234,297,11,4,8,285,328,5,685,8,78.78787878787878,5.213414634146342
JP Duminy,South Africa,2014/15,13,314,351,24,6,9,355,409,4,913,9,89.45868945868945,5.207823960880195
JP Duminy,South Africa,2015,3,64,93,4,0,1,69,87,1,156,1,68.81720430107528,4.758620689655173
JP Duminy,South Africa,2015/16,7,156,216,10,1,1,207,185,6,342,4,72.22222222222221,6.713513513513513
JP Duminy,South Africa,2016,5,92,107,4,2,1,62,59,1,177,2,85.98130841121495,6.305084745762711
JP Duminy,South Africa,2016/17,16,409,497,38,4,7,225,241,7,984,14,82.29376257545272,5.601659751037345
JP Duminy,South Africa,2017,5,109,139,10,1,0,56,68,3,213,2,78.41726618705036,4.941176470588235
JP Duminy,South Africa,2017/18,8,129,174,7,1,2,130,129,3,301,4,74.13793103448276,6.046511627906977
JP Duminy,South Africa,2018,5,227,172,19,9,2,139,157,1,531,3,131.9767441860465,5.312101910828026
JP Duminy,South Africa,2018/19,5,53,81,6,1,1,50,67,3,162,5,65.4320987654321,4.477611940298508
JP Duminy,South Africa,2019,6,70,75,6,0,1,56,55,3,167,2,93.33333333333333,6.109090909090909
JP Faulkner,Australia,2012/13,5,72,97,5,0,8,203,249,2,437,5,74.22680412371135,4.891566265060241
JP Faulkner,Australia,2013,7,106,102,10,2,8,235,303,1,504,2,103.921568627451,4.653465346534653
JP Faulkner,Australia,2013/14,11,328,243,19,19,18,593,550,2,1263,6,134.97942386831278,6.469090909090909
JP Faulkner,Australia,2014,4,54,59,5,0,2,153,185,3,220,1,91.52542372881356,4.962162162162162
JP Faulkner,Australia,2014/15,15,247,227,28,7,22,548,664,4,1268,14,108.81057268722468,4.951807228915662
JP Faulkner,Australia,2015/16,6,59,69,7,0,7,350,347,0,384,4,85.5072463768116,6.051873198847262
JP Faulkner,Australia,2016,8,35,61,1,0,13,309,416,3,545,6,57.377049180327866,4.456730769230769
JP Faulkner,Australia,2016/17,9,80,117,6,0,15,370,394,4,652,6,68.37606837606837,5.634517766497462
JP Faulkner,Australia,2017/18,2,44,43,1,1,1,101,98,1,131,0,102.32558139534885,6.183673469387756
JP Greaves,West Indies,2021/22,3,29,91,2,0,0,0,0,0,21,1,31.868131868131865,0.0
JP Greaves,West Indies,2023/24,2,9,15,1,0,0,0,0,2,29,0,60.0,0.0
JP Greaves,West Indies,2024/25,2,41,31,5,0,1,92,86,0,122,2,132.25806451612902,6.4186046511627906
JP Inglis,Australia,2022,2,15,26,2,0,0,0,0,0,23,2,57.692307692307686,0.0
JP Inglis,Australia,2022/23,1,26,27,1,1,0,0,0,0,40,0,96.29629629629629,0.0
JP Inglis,Australia,2023/24,17,370,344,43,8,0,0,0,20,871,13,107.55813953488371,0.0
JP Inglis,Australia,2024,2,36,37,2,2,0,0,0,2,92,1,97.2972972972973,0.0
JP Inglis,Australia,2024/25,3,74,91,7,3,0,0,0,3,150,1,81.31868131868131,0.0
JP Kotze,Namibia,2019,4,108,159,7,2,0,0,0,0,156,3,67.9245283018868,0.0
JP Kotze,Namibia,2019/20,3,55,70,9,0,0,0,0,0,99,1,78.57142857142857,0.0
JP Kotze,Namibia,2023/24,2,8,40,0,0,0,0,0,0,2,1,20.0,0.0
JP Kotze,Namibia,2024,8,145,180,15,5,0,0,0,1,261,2,80.55555555555556,0.0
JP Maher,Australia,2002/03,5,103,146,8,3,0,0,0,4,192,4,70.54794520547945,0.0
JP Maher,Australia,2003,1,19,41,1,0,0,0,0,1,29,0,46.34146341463415,0.0
JPR Lamsam,Hong Kong,2008,2,16,30,3,0,0,27,12,2,48,0,53.333333333333336,13.5
JR Hazlewood,Australia,2010,1,0,0,0,0,1,40,43,0,39,0,0.0,5.5813953488372094
JR Hazlewood,Australia,2013,1,0,0,0,0,0,6,12,0,4,0,0.0,3.0
JR Hazlewood,Australia,2014/15,10,0,4,0,0,16,363,515,0,650,8,0.0,4.229126213592234
JR Hazlewood,Australia,2015/16,4,5,5,1,0,8,212,243,0,297,2,100.0,5.234567901234568
JR Hazlewood,Australia,2016,8,11,11,2,0,12,324,432,3,533,6,100.0,4.5
JR Hazlewood,Australia,2016/17,9,4,8,1,0,16,382,524,5,648,6,50.0,4.374045801526718
JR Hazlewood,Australia,2017,3,1,5,0,0,9,141,169,1,316,0,20.0,5.005917159763313
JR Hazlewood,Australia,2017/18,3,0,3,0,0,5,146,176,2,198,1,0.0,4.9772727272727275
JR Hazlewood,Australia,2018/19,3,16,22,2,0,3,132,172,1,175,1,72.72727272727273,4.604651162790698
JR Hazlewood,Australia,2019/20,4,2,6,0,0,6,187,242,0,245,1,33.33333333333333,4.636363636363636
JR Hazlewood,Australia,2020,3,7,10,0,0,4,119,182,1,205,2,70.0,3.9230769230769234
JR Hazlewood,Australia,2020/21,3,7,7,0,0,6,174,180,1,228,2,100.0,5.8
JR Hazlewood,Australia,2021,2,1,2,0,0,5,29,84,0,174,2,50.0,2.0714285714285716
JR Hazlewood,Australia,2022,11,27,23,2,1,12,375,577,2,622,7,117.3913043478261,3.89948006932409
JR Hazlewood,Australia,2022/23,2,0,0,0,0,3,52,86,2,127,2,0.0,3.627906976744186
JR Hazlewood,Australia,2023/24,16,44,33,5,2,25,727,859,4,1076,11,133.33333333333331,5.077997671711293
JR Hazlewood,Australia,2024,4,4,16,1,0,3,162,188,2,161,2,25.0,5.170212765957447
JR Hazlewood,Australia,2024/25,1,2,9,0,0,0,36,43,1,24,0,22.22222222222222,5.023255813953488
JR Hopes,Australia,2004/05,1,0,0,0,0,1,38,60,0,51,1,0.0,3.8
JR Hopes,Australia,2005/06,7,84,97,4,0,2,194,224,2,272,4,86.5979381443299,5.196428571428571
JR Hopes,Australia,2007/08,18,349,380,31,1,16,444,700,5,1268,11,91.84210526315789,3.8057142857142856
JR Hopes,Australia,2008,8,66,69,8,0,6,162,231,3,385,8,95.65217391304348,4.207792207792208
JR Hopes,Australia,2008/09,15,270,325,21,1,16,540,724,5,1119,5,83.07692307692308,4.475138121546961
JR Hopes,Australia,2009,10,189,212,20,2,9,244,350,3,686,7,89.15094339622641,4.182857142857142
JR Hopes,Australia,2009/10,15,295,282,33,1,8,424,529,2,917,12,104.60992907801419,4.809073724007561
JR Hopes,Australia,2010,6,73,71,6,1,7,215,272,2,414,3,102.8169014084507,4.742647058823529
JR Hopes,Australia,2010/11,1,0,0,0,0,0,56,42,1,20,0,0.0,8.0
JR Philippe,Australia,2021,3,65,91,8,2,0,0,0,1,119,2,71.42857142857143,0.0
JS Ababu,Kenya,2006,2,0,9,0,0,1,72,81,0,51,0,0.0,5.333333333333333
JS Malhotra,United States of America,2019,4,34,49,6,0,0,0,0,4,99,3,69.38775510204081,0.0
JS Malhotra,United States of America,2021,4,208,192,4,18,0,23,43,1,444,2,108.33333333333333,3.2093023255813953
JS Malhotra,United States of America,2022,7,116,141,13,2,2,42,61,5,319,2,82.26950354609929,4.131147540983607
JS Paris,Australia,2015/16,2,0,0,0,0,1,91,98,1,65,2,0.0,5.571428571428572
JS Patel,New Zealand,2005,1,0,0,0,0,1,45,56,0,43,1,0.0,4.821428571428571
JS Patel,New Zealand,2005/06,6,0,0,0,0,8,235,299,3,343,5,0.0,4.7157190635451505
JS Patel,New Zealand,2006/07,14,56,108,4,1,18,605,764,4,847,7,51.85185185185185,4.7513089005235605
JS Patel,New Zealand,2007/08,7,1,2,0,0,4,195,243,3,212,4,50.0,4.814814814814815
JS Patel,New Zealand,2008/09,5,11,11,0,1,2,153,174,1,134,3,100.0,5.275862068965517
JS Patel,New Zealand,2009/10,2,16,19,1,0,0,44,38,2,48,1,84.21052631578947,6.947368421052632
JS Patel,New Zealand,2016/17,3,0,5,0,0,5,119,154,1,188,2,0.0,4.636363636363636
JS Patel,New Zealand,2017,1,7,7,0,0,2,54,61,0,77,0,100.0,5.311475409836066
JT Ball,England,2016/17,6,28,22,5,0,12,329,348,1,490,3,127.27272727272727,5.672413793103448
JT Ball,England,2017,10,9,16,1,0,9,534,535,3,456,8,56.25,5.988785046728972
JT Ball,England,2017/18,1,0,2,0,0,0,57,61,0,17,1,0.0,5.606557377049181
JT Ball,England,2018,1,1,10,0,0,0,28,31,1,19,1,10.0,5.419354838709677
JT Brassell,Namibia,2023/24,3,1,5,0,0,3,51,74,1,118,3,20.0,4.135135135135135
JT Brassell,Namibia,2024,4,1,10,0,0,3,182,220,1,162,1,10.0,4.963636363636364
JT Smuts,South Africa,2019/20,4,163,214,18,1,3,97,132,2,414,3,76.16822429906543,4.409090909090909
JT Smuts,South Africa,2021,1,17,19,2,0,1,67,48,0,62,0,89.47368421052632,8.375
JV Harris,Canada,2002/03,6,91,207,9,1,0,0,0,1,133,1,43.96135265700483,0.0
JW Dernbach,England,2011,10,8,12,1,0,15,474,504,1,579,7,66.66666666666666,5.642857142857143
JW Dernbach,England,2011/12,4,5,9,0,0,5,198,225,2,228,1,55.55555555555556,5.28
JW Dernbach,England,2012,4,2,6,0,0,5,202,219,0,209,3,33.33333333333333,5.534246575342466
JW Dernbach,England,2012/13,4,2,8,0,0,5,234,209,2,204,1,25.0,6.717703349282297
JW Dernbach,England,2013,2,2,5,0,0,1,137,125,0,68,0,40.0,6.5760000000000005
JW Hastings,Australia,2010/11,7,61,73,6,0,6,268,365,1,375,4,83.56164383561644,4.405479452054794
JW Hastings,Australia,2011,4,21,10,3,1,2,107,208,1,182,3,210.0,3.0865384615384617
JW Hastings,Australia,2015,2,34,27,3,2,3,77,98,0,183,1,125.92592592592592,4.714285714285714
JW Hastings,Australia,2015/16,7,64,79,7,1,13,329,402,3,610,4,81.0126582278481,4.91044776119403
JW Hastings,Australia,2016,3,13,13,2,0,9,112,166,0,338,3,100.0,4.048192771084337
JW Hastings,Australia,2016/17,5,78,79,8,4,7,240,239,0,399,1,98.73417721518987,6.02510460251046
JW Hastings,Australia,2017,1,0,0,0,0,2,69,54,0,66,0,0.0,7.666666666666667
JW Jenner,Jersey,2023,4,119,176,6,3,0,0,0,2,198,1,67.61363636363636,0.0
JW Wilson,New Zealand,2004/05,1,1,2,0,0,1,68,54,1,50,0,50.0,7.555555555555555
JWA Taylor,England,2011,1,1,8,0,0,0,0,0,0,1,1,12.5,0.0
JWA Taylor,England,2013,1,25,44,3,0,0,0,0,0,41,1,56.81818181818182,0.0
JWA Taylor,England,2014/15,14,458,591,32,6,0,0,0,5,768,4,77.49576988155668,0.0
JWA Taylor,England,2015,5,246,288,24,1,0,0,0,1,408,2,85.41666666666666,0.0
JWA Taylor,England,2015/16,4,149,174,10,5,0,0,0,1,257,3,85.63218390804597,0.0
JWM Dalrymple,England,2006,11,321,407,23,2,8,337,488,2,875,3,78.86977886977887,4.14344262295082
JWM Dalrymple,England,2006/07,16,166,270,9,1,5,297,380,7,529,8,61.48148148148148,4.689473684210526
Jahurul Islam,Bangladesh,2010,4,112,164,10,1,0,0,0,6,222,2,68.29268292682927,0.0
Jahurul Islam,Bangladesh,2011/12,4,78,121,7,1,0,0,0,0,127,2,64.46280991735537,0.0
Jahurul Islam,Bangladesh,2012/13,3,36,39,5,0,0,0,0,2,74,3,92.3076923076923,0.0
Jahurul Islam,Bangladesh,2013,1,0,1,0,0,0,0,0,0,-3,0,0.0,0.0
Jai Prakash Yadav,India,2005,2,0,4,0,0,1,58,60,0,43,1,0.0,5.8
Jai Prakash Yadav,India,2005/06,4,12,22,0,0,2,99,126,0,112,3,54.54545454545454,4.714285714285714
Jaker Ali,Bangladesh,2024/25,3,113,107,8,5,0,0,0,1,203,0,105.60747663551402,0.0
Jamaluddin Ahmed,Bangladesh,2003/04,1,18,31,2,0,0,28,24,1,46,0,58.06451612903226,7.0
Jasdeep Singh,United States of America,2019,3,11,38,0,0,1,50,69,0,61,2,28.947368421052634,4.3478260869565215
Jasdeep Singh,United States of America,2021,2,6,14,0,0,1,47,50,1,55,2,42.857142857142854,5.64
Jasdeep Singh,United States of America,2022,4,21,51,2,0,1,124,167,1,137,1,41.17647058823529,4.455089820359282
Jasdeep Singh,United States of America,2022/23,4,4,3,0,0,8,125,204,1,305,3,133.33333333333331,3.676470588235294
Jasdeep Singh,United States of America,2023,10,177,247,13,6,10,520,565,1,740,4,71.65991902834008,5.522123893805309
Jasdeep Singh,United States of America,2024,7,4,4,0,0,12,266,341,2,473,6,100.0,4.680351906158357
Jasdeep Singh,United States of America,2024/25,3,1,9,0,0,3,152,135,1,127,1,11.11111111111111,6.7555555555555555
Jatinder Singh,Oman,2019,5,68,138,3,0,0,0,0,2,89,3,49.275362318840585,0.0
Jatinder Singh,Oman,2019/20,6,114,207,11,0,0,0,0,3,188,5,55.072463768115945,0.0
Jatinder Singh,Oman,2021,6,210,172,20,11,0,0,0,3,438,4,122.09302325581395,0.0
Jatinder Singh,Oman,2021/22,9,287,410,34,6,0,11,12,3,538,3,70.0,5.5
Jatinder Singh,Oman,2022,8,372,441,43,3,0,0,0,2,666,4,84.35374149659864,0.0
Jatinder Singh,Oman,2023,9,122,235,15,0,1,23,31,0,221,2,51.91489361702127,4.451612903225806
Jatinder Singh,Oman,2024,3,53,79,5,1,0,0,0,1,91,1,67.08860759493672,0.0
Jatinder Singh,Oman,2024/25,4,130,218,9,0,0,0,0,2,210,4,59.63302752293578,0.0
Javed Omar,Bangladesh,2003,2,27,111,2,0,0,0,0,0,23,0,24.324324324324326,0.0
Javed Omar,Bangladesh,2004,2,64,98,7,0,0,0,0,0,104,0,65.3061224489796,0.0
Javed Omar,Bangladesh,2004/05,1,3,12,0,0,0,0,0,0,3,0,25.0,0.0
Javed Omar,Bangladesh,2005,6,130,272,13,0,0,0,0,1,201,1,47.794117647058826,0.0
Javed Omar,Bangladesh,2005/06,3,98,170,18,0,0,0,0,0,178,1,57.647058823529406,0.0
Javed Omar,Bangladesh,2006/07,3,55,146,6,0,0,0,0,1,77,1,37.67123287671233,0.0
Javed Omar,Bangladesh,2007,3,91,158,8,2,0,0,0,1,160,0,57.59493670886076,0.0
Jay Odedra,Oman,2019,2,0,0,0,0,5,80,122,1,189,2,0.0,3.934426229508197
Jay Odedra,Oman,2019/20,1,0,0,0,0,0,19,18,0,6,1,0.0,6.333333333333333
Jay Odedra,Oman,2023,7,4,16,0,0,5,151,216,2,222,2,25.0,4.194444444444445
Jay Odedra,Oman,2024,3,5,12,0,0,2,65,91,0,87,2,41.66666666666667,4.285714285714286
Jay Odedra,Oman,2024/25,4,20,22,0,3,2,72,146,1,168,4,90.9090909090909,2.9589041095890414
Joginder Sharma,India,2004/05,2,5,2,1,0,1,46,68,2,88,2,250.0,4.0588235294117645
Joseph Angara,Kenya,2002/03,4,0,3,0,0,1,51,49,4,70,1,0.0,6.244897959183674
Jubair Hossain,Bangladesh,2014/15,2,0,0,0,0,4,82,85,1,136,2,0.0,5.788235294117647
Jubair Hossain,Bangladesh,2015,1,5,10,1,0,0,31,30,0,19,0,50.0,6.2
Junaid Khan,Pakistan,2011,7,2,10,0,0,4,227,311,2,242,5,20.0,4.379421221864952
Junaid Khan,Pakistan,2011/12,2,0,0,0,0,2,69,76,0,75,1,0.0,5.447368421052632
Junaid Khan,Pakistan,2012,2,0,0,0,0,5,90,94,0,154,1,0.0,5.74468085106383
Junaid Khan,Pakistan,2012/13,8,34,49,3,1,15,290,421,1,633,4,69.38775510204081,4.133016627078384
Junaid Khan,Pakistan,2013,12,6,27,0,0,20,444,584,0,757,6,22.22222222222222,4.561643835616438
Junaid Khan,Pakistan,2013/14,12,8,18,0,0,22,538,612,1,765,6,44.44444444444444,5.2745098039215685
Junaid Khan,Pakistan,2014,2,1,3,0,0,1,129,111,0,68,1,33.33333333333333,6.972972972972973
Junaid Khan,Pakistan,2015,4,9,8,1,0,3,196,185,0,144,0,112.5,6.356756756756757
Junaid Khan,Pakistan,2016/17,4,0,1,0,0,5,234,229,0,203,1,0.0,6.131004366812228
Junaid Khan,Pakistan,2017,6,0,0,0,0,11,248,307,0,397,6,0.0,4.846905537459284
Junaid Khan,Pakistan,2017/18,4,0,0,0,0,3,102,145,0,129,4,0.0,4.220689655172413
Junaid Khan,Pakistan,2018,4,3,10,0,0,7,90,165,1,272,3,30.0,3.272727272727273
Junaid Khan,Pakistan,2018/19,4,5,8,0,0,4,225,227,1,196,0,62.5,5.947136563876652
Junaid Khan,Pakistan,2019,2,0,0,0,0,2,139,111,0,82,0,0.0,7.513513513513513
Junaid Siddique,Bangladesh,2007/08,6,41,115,5,0,0,4,6,1,58,0,35.65217391304348,4.0
Junaid Siddique,Bangladesh,2008,2,21,50,1,0,0,0,0,0,20,0,42.0,0.0
Junaid Siddique,Bangladesh,2008/09,2,2,11,0,0,0,8,7,0,1,0,18.181818181818183,6.857142857142857
Junaid Siddique,Bangladesh,2009,6,200,240,25,0,0,0,0,2,344,6,83.33333333333334,0.0
Junaid Siddique,Bangladesh,2009/10,6,55,74,9,1,0,0,0,5,133,4,74.32432432432432,0.0
Junaid Siddique,Bangladesh,2010,6,245,283,26,3,0,0,0,2,433,2,86.57243816254417,0.0
Junaid Siddique,Bangladesh,2010/11,14,306,502,21,2,0,0,0,7,494,10,60.95617529880478,0.0
Junaid Siddique,Bangladesh,2011,2,26,40,3,1,0,0,0,1,52,1,65.0,0.0
Junaid Siddique,United Arab Emirates,2019/20,6,5,17,0,0,12,236,318,0,430,3,29.411764705882355,4.452830188679245
Junaid Siddique,United Arab Emirates,2021/22,9,7,12,1,0,14,329,463,1,587,6,58.333333333333336,4.263498920086393
Junaid Siddique,United Arab Emirates,2022,4,25,29,2,1,4,157,189,0,207,0,86.20689655172413,4.984126984126984
Junaid Siddique,United Arab Emirates,2022/23,10,16,46,0,1,13,332,455,1,533,3,34.78260869565217,4.3780219780219785
Junaid Siddique,United Arab Emirates,2023,14,42,66,1,4,17,505,650,1,762,6,63.63636363636363,4.661538461538462
Junaid Siddique,United Arab Emirates,2023/24,3,8,5,0,1,4,115,150,0,168,0,160.0,4.6
Junaid Siddique,United Arab Emirates,2024,4,7,18,0,1,2,191,177,1,120,1,38.88888888888889,6.47457627118644
Junaid Siddique,United Arab Emirates,2024/25,4,15,23,1,1,6,75,160,0,256,1,65.21739130434783,2.8125
Junaid Siddiqui,Canada,2011,2,35,54,1,1,2,78,98,2,149,0,64.81481481481481,4.775510204081633
Junaid Siddiqui,Canada,2012/13,1,0,0,0,0,1,36,62,0,49,0,0.0,3.4838709677419355
Junaid Siddiqui,Canada,2013,2,12,38,0,0,1,32,41,1,56,0,31.57894736842105,4.682926829268293
Junaid Siddiqui,Canada,2013/14,1,5,32,0,0,0,50,54,0,17,0,15.625,5.555555555555555
Junaid Siddiqui,Canada,2024,2,7,23,0,0,1,67,104,0,70,0,30.434782608695656,3.865384615384616
Junaid Zia,Pakistan,2003,2,0,0,0,0,0,75,84,0,32,2,0.0,5.357142857142857
K Bhurtel,Nepal,2021,5,108,145,6,3,0,0,0,8,239,4,74.48275862068967,0.0
K Bhurtel,Nepal,2021/22,6,99,125,11,1,0,7,6,6,214,2,79.2,7.0
K Bhurtel,Nepal,2022,7,142,239,14,1,0,0,0,4,251,2,59.41422594142259,0.0
K Bhurtel,Nepal,2022/23,16,331,359,35,11,4,128,176,7,832,11,92.20055710306406,4.363636363636364
K Bhurtel,Nepal,2023,10,260,326,31,5,0,14,12,7,517,4,79.75460122699386,7.0
K Bhurtel,Nepal,2023/24,6,187,203,25,4,7,78,129,3,591,3,92.11822660098522,3.627906976744186
K Bhurtel,Nepal,2024,1,1,10,0,0,0,0,0,2,17,0,10.0,0.0
K Bhurtel,Nepal,2024/25,3,54,91,4,1,1,41,38,1,126,1,59.34065934065934,6.473684210526316
K Birkenstock,Namibia,2019,4,103,196,10,0,1,5,6,0,179,3,52.55102040816326,5.0
K Birkenstock,Namibia,2019/20,3,52,75,5,0,0,0,0,1,80,1,69.33333333333334,0.0
K Birkenstock,Namibia,2021/22,2,3,14,0,0,0,19,26,1,19,1,21.428571428571427,4.384615384615385
K Birkenstock,Namibia,2022/23,6,44,113,7,0,2,93,101,4,177,0,38.93805309734513,5.524752475247525
K Birkenstock,Namibia,2023,2,31,40,3,0,2,100,103,0,133,1,77.5,5.825242718446601
K Christie,Hong Kong,2016/17,1,0,3,0,0,0,15,9,0,0,0,0.0,10.0
K Doriga,Papua New Guinea,2017/18,2,5,12,0,0,0,0,0,1,10,1,41.66666666666667,0.0
K Doriga,Papua New Guinea,2019,9,107,190,8,0,0,0,0,2,161,1,56.315789473684205,0.0
K Doriga,Papua New Guinea,2021,8,46,133,2,0,0,0,0,7,129,0,34.58646616541353,0.0
K Doriga,Papua New Guinea,2022/23,11,282,479,29,7,0,0,0,6,572,3,58.872651356993735,0.0
K Doriga,Papua New Guinea,2023,4,80,113,7,4,0,0,0,0,155,0,70.79646017699115,0.0
K Gore,United States of America,2019,4,56,100,6,1,9,104,180,0,411,3,56.00000000000001,3.466666666666667
K Gore,United States of America,2019/20,5,52,87,3,0,1,97,146,2,167,2,59.77011494252874,3.986301369863014
K Gore,United States of America,2021,4,63,69,4,1,1,74,106,1,156,2,91.30434782608695,4.188679245283018
K Gowtham,India,2021,1,2,3,0,0,1,43,50,1,51,0,66.66666666666666,5.159999999999999
K Kamyuka,Canada,2013,2,2,2,0,0,4,47,47,0,121,0,100.0,6.0
K Klein,Netherlands,2023/24,2,11,16,1,0,2,46,57,0,89,1,68.75,4.842105263157895
K Klein,Netherlands,2024,4,34,49,1,1,9,136,217,1,382,4,69.38775510204081,3.76036866359447
K Klein,Netherlands,2024/25,3,16,23,1,0,5,67,77,1,188,1,69.56521739130434,5.220779220779221
K Mahato,Nepal,2022,1,0,9,0,0,0,21,18,0,7,0,0.0,7.0
K Mahato,Nepal,2023,1,1,1,0,0,2,44,67,0,79,0,100.0,3.940298507462687
K Phillip,United States of America,2022,1,0,0,0,0,0,46,60,0,24,0,0.0,4.6
K Phillip,United States of America,2023,2,0,2,0,0,3,93,111,0,113,0,0.0,5.027027027027027
K Pierre,West Indies,2019/20,3,39,47,4,1,1,151,159,0,140,1,82.97872340425532,5.69811320754717
K Rabada,South Africa,2015,5,11,31,1,0,11,162,263,1,443,3,35.483870967741936,3.695817490494296
K Rabada,South Africa,2015/16,9,39,43,5,0,19,395,534,1,749,6,90.69767441860465,4.438202247191011
K Rabada,South Africa,2016,5,28,49,1,0,7,179,257,0,320,2,57.14285714285714,4.178988326848248
K Rabada,South Africa,2016/17,14,9,6,0,1,20,600,737,5,837,13,150.0,4.884667571234735
K Rabada,South Africa,2017,6,50,52,4,1,8,251,329,0,424,2,96.15384615384616,4.577507598784194
K Rabada,South Africa,2017/18,8,40,42,4,2,10,341,440,3,530,4,95.23809523809523,4.65
K Rabada,South Africa,2018,4,12,19,1,0,6,155,221,0,257,3,63.1578947368421,4.208144796380091
K Rabada,South Africa,2018/19,14,12,24,0,0,25,534,758,3,991,11,50.0,4.226912928759894
K Rabada,South Africa,2019,7,58,71,4,1,10,347,430,1,507,2,81.69014084507043,4.841860465116278
K Rabada,South Africa,2021,7,51,43,5,2,9,294,389,3,522,2,118.6046511627907,4.5347043701799485
K Rabada,South Africa,2021/22,3,5,5,1,0,6,125,161,0,227,1,100.0,4.658385093167702
K Rabada,South Africa,2022/23,4,2,2,0,0,5,167,223,3,249,3,100.0,4.493273542600897
K Rabada,South Africa,2023/24,11,43,68,0,4,20,474,550,5,822,6,63.23529411764706,5.170909090909091
K Rabada,South Africa,2024/25,2,25,35,2,1,5,100,123,1,212,0,71.42857142857143,4.878048780487805
K Sinclair,West Indies,2022,3,3,4,0,0,5,121,172,1,204,1,75.0,4.220930232558139
K Sinclair,West Indies,2023,5,35,61,2,0,6,154,216,4,312,3,57.377049180327866,4.277777777777778
K Sonavale,Oman,2024,1,3,10,0,0,0,0,0,0,3,0,30.0,0.0
K Sonavale,Oman,2024/25,2,2,19,0,0,2,3,15,0,58,2,10.526315789473683,1.2
K Verreynne,South Africa,2019/20,3,101,123,5,3,0,0,0,3,183,3,82.11382113821138,0.0
K Verreynne,South Africa,2021,6,87,90,4,3,0,0,0,6,183,2,96.66666666666667,0.0
K Verreynne,South Africa,2021/22,4,183,230,16,4,0,0,0,1,315,1,79.56521739130434,0.0
K Verreynne,South Africa,2023/24,1,0,0,0,0,0,0,0,1,8,1,0.0,0.0
K Verreynne,South Africa,2024/25,2,105,103,11,0,0,0,0,0,175,1,101.94174757281553,0.0
K Weeraratne,Sri Lanka,2003,1,1,12,0,0,0,14,24,0,9,0,8.333333333333332,3.5
K Weeraratne,Sri Lanka,2007/08,2,56,54,1,2,0,24,18,1,94,0,103.7037037037037,8.0
K Weeraratne,Sri Lanka,2008,2,63,73,5,0,0,59,54,1,115,1,86.3013698630137,6.555555555555555
K Whatham,Canada,2010/11,1,18,43,2,0,0,0,0,0,24,0,41.86046511627907,0.0
K Zondo,South Africa,2017/18,3,96,160,5,2,0,0,0,1,150,0,60.0,0.0
K Zondo,South Africa,2018/19,2,46,68,3,1,0,0,0,0,68,2,67.64705882352942,0.0
K Zondo,South Africa,2021/22,1,4,7,0,0,0,0,0,0,4,0,57.14285714285714,0.0
KA Edwards,West Indies,2010/11,1,17,17,1,1,0,0,0,0,27,0,100.0,0.0
KA Edwards,West Indies,2011,8,136,251,7,2,0,0,0,0,186,2,54.18326693227091,0.0
KA Edwards,West Indies,2013/14,5,168,203,15,4,0,0,0,1,298,3,82.75862068965517,0.0
KA Edwards,West Indies,2014,2,10,39,0,0,0,0,0,1,11,2,25.64102564102564,0.0
KA Hope,West Indies,2017,5,133,195,19,0,0,0,0,2,235,1,68.2051282051282,0.0
KA Hope,West Indies,2017/18,2,5,6,1,0,0,0,0,0,9,0,83.33333333333334,0.0
KA Jamieson,New Zealand,2019/20,2,25,24,1,2,3,94,121,2,184,2,104.16666666666667,4.661157024793388
KA Jamieson,New Zealand,2020/21,3,0,0,0,0,2,86,161,0,130,3,0.0,3.204968944099379
KA Jamieson,New Zealand,2021/22,3,9,7,1,0,6,101,145,0,230,3,128.57142857142858,4.179310344827586
KA Jamieson,New Zealand,2023,4,49,72,4,0,3,206,201,0,214,2,68.05555555555556,6.149253731343284
KA Maharaj,South Africa,2017,2,0,0,0,0,3,97,97,0,111,1,0.0,6.0
KA Maharaj,South Africa,2018,2,25,26,4,0,2,68,91,0,125,0,96.15384615384616,4.483516483516484
KA Maharaj,South Africa,2019/20,3,2,3,0,0,1,146,180,1,97,3,66.66666666666666,4.866666666666666
KA Maharaj,South Africa,2021,7,51,48,6,0,10,280,406,0,480,2,106.25,4.137931034482758
KA Maharaj,South Africa,2021/22,7,75,78,11,1,6,284,346,2,414,4,96.15384615384616,4.92485549132948
KA Maharaj,South Africa,2022,2,1,2,0,0,2,71,96,0,89,1,50.0,4.4375
KA Maharaj,South Africa,2022/23,3,5,13,0,0,2,117,140,1,117,2,38.46153846153847,5.014285714285714
KA Maharaj,South Africa,2023/24,16,79,127,8,1,21,573,821,3,1004,10,62.20472440944882,4.187576126674786
KA Pollard,West Indies,2006/07,1,10,17,1,0,0,20,18,0,20,0,58.82352941176471,6.666666666666667
KA Pollard,West Indies,2007/08,1,0,0,0,0,0,0,0,1,8,0,0.0,0.0
KA Pollard,West Indies,2008,2,11,23,0,1,0,11,12,2,34,0,47.82608695652174,5.5
KA Pollard,West Indies,2008/09,7,84,95,3,4,9,147,190,1,427,2,88.42105263157895,4.6421052631578945
KA Pollard,West Indies,2009,2,20,29,1,0,2,79,73,0,104,0,68.96551724137932,6.493150684931507
KA Pollard,West Indies,2009/10,10,257,282,18,10,10,299,379,4,872,4,91.13475177304964,4.733509234828496
KA Pollard,West Indies,2010,5,134,134,8,5,8,179,218,0,499,0,100.0,4.9266055045871555
KA Pollard,West Indies,2010/11,9,188,135,14,11,2,170,214,5,525,3,139.25925925925927,4.766355140186916
KA Pollard,West Indies,2011,4,100,110,9,3,3,109,149,3,316,2,90.9090909090909,4.3892617449664435
KA Pollard,West Indies,2011/12,13,462,466,20,32,3,206,205,6,1034,5,99.14163090128756,6.029268292682927
KA Pollard,West Indies,2012,6,131,187,12,2,0,10,18,2,235,3,70.05347593582889,3.3333333333333335
KA Pollard,West Indies,2012/13,10,292,366,22,11,1,91,93,13,686,2,79.78142076502732,5.870967741935484
KA Pollard,West Indies,2013,10,117,175,10,4,5,187,189,4,412,4,66.85714285714286,5.936507936507937
KA Pollard,West Indies,2014,3,125,99,8,7,0,0,0,3,259,3,126.26262626262626,0.0
KA Pollard,West Indies,2014/15,3,48,88,1,3,0,22,18,2,96,1,54.54545454545454,7.333333333333333
KA Pollard,West Indies,2016,7,205,234,12,12,5,173,175,2,544,3,87.6068376068376,5.9314285714285715
KA Pollard,West Indies,2016/17,3,42,56,1,1,1,95,73,1,105,0,75.0,7.808219178082192
KA Pollard,West Indies,2019/20,8,172,146,11,13,3,124,112,7,490,3,117.8082191780822,6.642857142857142
KA Pollard,West Indies,2020/21,3,68,54,5,2,1,30,56,0,171,3,125.92592592592592,3.214285714285714
KA Pollard,West Indies,2021,3,69,87,5,4,0,12,12,0,127,1,79.3103448275862,6.0
KA Pollard,West Indies,2021/22,4,73,94,4,4,1,11,22,2,170,1,77.6595744680851,3.0
KAD Hurdle,Bermuda,2006/07,7,20,41,1,1,12,246,395,3,524,1,48.78048780487805,3.736708860759494
KAD Hurdle,Bermuda,2007/08,2,5,6,1,0,3,87,100,0,129,0,83.33333333333334,5.22
KADM Fernando,Sri Lanka,2003/04,1,0,0,0,0,2,12,43,0,82,1,0.0,1.6744186046511627
KAJ Roach,West Indies,2008,1,0,0,0,0,0,0,0,1,8,0,0.0,0.0
KAJ Roach,West Indies,2009,3,10,14,1,0,10,153,175,1,353,0,71.42857142857143,5.2457142857142856
KAJ Roach,West Indies,2009/10,8,10,22,0,0,13,283,424,0,527,3,45.45454545454545,4.004716981132075
KAJ Roach,West Indies,2010/11,7,28,62,2,0,13,212,332,0,521,3,45.16129032258064,3.831325301204819
KAJ Roach,West Indies,2011,7,35,62,2,1,4,305,397,2,316,3,56.451612903225815,4.609571788413098
KAJ Roach,West Indies,2011/12,13,55,133,6,0,24,582,731,4,995,5,41.35338345864661,4.77701778385773
KAJ Roach,West Indies,2012/13,9,10,26,0,0,11,352,435,2,489,3,38.46153846153847,4.855172413793103
KAJ Roach,West Indies,2013,11,68,107,6,2,15,360,507,4,770,4,63.55140186915887,4.260355029585799
KAJ Roach,West Indies,2014,3,0,0,0,0,4,113,152,2,178,3,0.0,4.4605263157894735
KAJ Roach,West Indies,2014/15,3,0,1,0,0,1,140,142,0,80,1,0.0,5.915492957746479
KAJ Roach,West Indies,2017/18,4,0,0,0,0,10,160,224,0,356,4,0.0,4.285714285714286
KAJ Roach,West Indies,2018/19,8,60,103,4,2,5,335,375,1,360,2,58.252427184466015,5.36
KAJ Roach,West Indies,2019,10,32,61,3,1,7,396,449,3,418,2,52.459016393442624,5.291759465478842
KAJ Roach,West Indies,2021/22,3,0,19,0,0,1,113,129,1,70,0,0.0,5.255813953488372
KAR Hodge,West Indies,2023,3,26,30,4,0,2,101,97,0,125,3,86.66666666666667,6.24742268041237
KAR Hodge,West Indies,2023/24,1,11,18,1,0,0,10,12,0,19,0,61.111111111111114,5.0
KC Brathwaite,West Indies,2016/17,10,278,494,15,0,1,139,153,2,463,1,56.2753036437247,5.450980392156863
KC Hodsoll,Bermuda,2007/08,1,2,6,0,0,1,28,30,0,37,0,33.33333333333333,5.6
KC Sangakkara,Sri Lanka,2002/03,17,580,721,47,2,0,0,0,18,1136,7,80.44382801664355,0.0
KC Sangakkara,Sri Lanka,2003,4,66,148,9,0,0,0,0,3,126,1,44.5945945945946,0.0
KC Sangakkara,Sri Lanka,2003/04,4,198,262,18,0,0,0,0,3,350,2,75.57251908396947,0.0
KC Sangakkara,Sri Lanka,2004,10,409,553,38,1,0,0,0,15,829,8,73.96021699819168,0.0
KC Sangakkara,Sri Lanka,2004/05,3,106,121,9,0,0,0,0,2,198,2,87.60330578512396,0.0
KC Sangakkara,Asia XI,2005,2,36,94,6,0,0,0,0,2,76,0,38.297872340425535,0.0
KC Sangakkara,Sri Lanka,2005,3,108,166,9,0,0,0,0,2,196,2,65.06024096385542,0.0
KC Sangakkara,ICC World XI,2005/06,2,74,62,11,1,0,0,0,1,148,0,119.35483870967742,0.0
KC Sangakkara,Sri Lanka,2005/06,25,904,1232,94,5,0,0,0,21,1761,7,73.37662337662337,0.0
KC Sangakkara,Sri Lanka,2006,5,154,175,16,1,0,0,0,6,360,5,88.0,0.0
KC Sangakkara,Sri Lanka,2006/07,24,763,993,74,7,0,0,0,31,1620,15,76.83786505538771,0.0
KC Sangakkara,Sri Lanka,2007,3,40,63,5,0,0,0,0,6,118,3,63.49206349206349,0.0
KC Sangakkara,Sri Lanka,2007/08,14,510,765,44,0,0,0,0,16,982,3,66.66666666666666,0.0
KC Sangakkara,Sri Lanka,2008,11,382,444,49,2,0,0,0,9,839,7,86.03603603603604,0.0
KC Sangakkara,Sri Lanka,2008/09,13,545,736,46,1,0,0,0,14,998,7,74.04891304347827,0.0
KC Sangakkara,Sri Lanka,2009,8,186,245,17,0,0,0,0,15,406,5,75.91836734693878,0.0
KC Sangakkara,Sri Lanka,2009/10,13,558,587,59,6,0,0,0,12,1076,6,95.05962521294718,0.0
KC Sangakkara,Sri Lanka,2010,9,358,477,38,1,0,0,0,17,760,6,75.05241090146751,0.0
KC Sangakkara,Sri Lanka,2010/11,14,654,820,59,6,0,0,0,15,1263,9,79.75609756097562,0.0
KC Sangakkara,Sri Lanka,2011,10,376,542,27,3,0,0,0,8,688,4,69.37269372693727,0.0
KC Sangakkara,Sri Lanka,2011/12,24,932,1211,76,7,0,0,0,21,1676,8,76.96118909991742,0.0
KC Sangakkara,Sri Lanka,2012,8,370,520,29,3,0,0,0,13,738,4,71.15384615384616,0.0
KC Sangakkara,Sri Lanka,2012/13,6,184,238,18,1,0,0,0,5,328,4,77.31092436974791,0.0
KC Sangakkara,Sri Lanka,2013,14,772,868,78,10,0,0,0,20,1608,8,88.94009216589862,0.0
KC Sangakkara,Sri Lanka,2013/14,14,626,679,62,5,0,0,0,10,1216,9,92.19440353460972,0.0
KC Sangakkara,Sri Lanka,2014,11,344,410,42,0,0,0,0,14,726,6,83.90243902439025,0.0
KC Sangakkara,Sri Lanka,2014/15,22,1383,1502,140,15,0,0,0,24,2800,10,92.07723035952064,0.0
KD Karthik,India,2004,2,1,13,0,0,0,0,0,4,49,2,7.6923076923076925,0.0
KD Karthik,India,2005/06,1,0,0,0,0,0,0,0,2,16,1,0.0,0.0
KD Karthik,India,2006/07,8,86,158,8,1,0,0,0,6,180,3,54.43037974683544,0.0
KD Karthik,India,2007,13,180,216,15,1,0,0,0,11,363,9,83.33333333333334,0.0
KD Karthik,India,2007/08,1,0,10,0,0,0,0,0,1,5,1,0.0,0.0
KD Karthik,India,2008/09,1,0,0,0,0,0,0,0,1,8,1,0.0,0.0
KD Karthik,India,2009,5,138,164,13,2,0,0,0,0,220,3,84.14634146341463,0.0
KD Karthik,India,2009/10,8,301,369,32,6,0,0,0,4,573,7,81.57181571815718,0.0
KD Karthik,India,2010,11,239,378,31,0,0,0,0,4,419,4,63.227513227513235,0.0
KD Karthik,India,2013,14,255,369,27,2,0,0,0,15,537,12,69.10569105691057,0.0
KD Karthik,India,2013/14,3,29,51,2,0,0,0,0,2,69,1,56.86274509803921,0.0
KD Karthik,India,2017,2,52,73,5,0,0,0,0,0,78,1,71.23287671232876,0.0
KD Karthik,India,2017/18,6,131,198,11,0,0,0,0,4,224,4,66.16161616161617,0.0
KD Karthik,India,2018,5,123,164,9,2,0,0,0,1,191,4,75.0,0.0
KD Karthik,India,2018/19,4,75,78,7,1,0,0,0,6,166,2,96.15384615384616,0.0
KD Karthik,India,2019,2,14,34,2,0,0,0,0,3,40,1,41.17647058823529,0.0
KD Mills,New Zealand,2002/03,5,5,7,0,0,7,140,293,1,335,5,71.42857142857143,2.8668941979522184
KD Mills,New Zealand,2003,2,17,39,1,0,2,58,104,1,129,2,43.58974358974359,3.3461538461538463
KD Mills,New Zealand,2003/04,4,7,10,1,0,3,153,173,2,166,2,70.0,5.30635838150289
KD Mills,New Zealand,2004,1,3,3,0,0,0,34,32,0,13,0,100.0,6.375
KD Mills,New Zealand,2004/05,5,49,40,1,4,7,164,238,1,385,2,122.50000000000001,4.1344537815126055
KD Mills,New Zealand,2005,2,1,3,0,0,4,73,119,1,172,2,33.33333333333333,3.6806722689075633
KD Mills,New Zealand,2005/06,9,29,41,2,1,16,342,528,3,717,3,70.73170731707317,3.8863636363636362
KD Mills,New Zealand,2006/07,5,31,39,3,1,11,181,239,1,433,2,79.48717948717949,4.543933054393305
KD Mills,New Zealand,2007/08,13,42,48,1,2,26,544,736,4,1083,7,87.5,4.434782608695652
KD Mills,New Zealand,2008,5,79,77,7,3,8,210,270,0,448,3,102.59740259740259,4.666666666666667
KD Mills,New Zealand,2008/09,12,106,109,10,4,16,456,580,1,826,4,97.24770642201835,4.7172413793103445
KD Mills,New Zealand,2009,1,6,20,0,0,1,25,33,0,42,0,30.0,4.545454545454546
KD Mills,New Zealand,2009/10,7,38,46,3,1,12,316,418,2,542,5,82.6086956521739,4.535885167464115
KD Mills,New Zealand,2010,4,72,65,10,3,8,132,186,2,453,1,110.76923076923077,4.258064516129032
KD Mills,New Zealand,2010/11,15,182,195,13,9,22,566,682,2,1145,4,93.33333333333333,4.979472140762463
KD Mills,New Zealand,2011/12,6,16,28,1,0,8,188,287,0,350,3,57.14285714285714,3.930313588850174
KD Mills,New Zealand,2012,4,10,26,0,0,5,137,194,0,229,1,38.46153846153847,4.237113402061856
KD Mills,New Zealand,2012/13,8,53,66,3,2,9,296,378,2,479,3,80.3030303030303,4.698412698412699
KD Mills,New Zealand,2013,6,36,35,3,1,8,206,270,2,395,3,102.85714285714285,4.5777777777777775
KD Mills,New Zealand,2013/14,12,58,67,4,3,13,439,530,2,667,6,86.56716417910447,4.969811320754717
KD Mills,New Zealand,2014/15,5,31,24,2,1,5,196,258,2,304,2,129.16666666666669,4.558139534883721
KD Shah,Hong Kong,2015/16,1,34,38,4,1,0,0,0,0,60,1,89.47368421052632,0.0
KD Shah,Hong Kong,2016/17,3,27,60,4,0,0,30,36,0,50,2,45.0,5.0
KD Shah,Hong Kong,2017/18,1,8,26,0,0,3,10,20,0,85,0,30.76923076923077,3.0
KD Shah,Hong Kong,2018,2,43,68,1,1,3,39,54,0,150,0,63.23529411764706,4.333333333333333
KDK Vithanage,Sri Lanka,2013/14,5,70,87,10,0,0,10,6,2,134,4,80.45977011494253,10.0
KDK Vithanage,Sri Lanka,2014,1,5,5,1,0,0,7,6,0,11,1,100.0,7.0
KED Carroll,Ireland,2006/07,1,0,2,0,0,0,8,6,1,7,0,0.0,8.0
KED Carroll,Ireland,2007,2,28,40,1,0,0,0,0,0,32,0,70.0,0.0
KH Butt,Hong Kong,2008,2,8,29,0,0,0,0,0,1,22,0,27.586206896551722,0.0
KH Pandya,India,2020/21,3,95,77,8,2,1,155,124,0,221,2,123.37662337662339,7.5
KH Pandya,India,2021,2,35,54,3,0,1,61,110,1,132,2,64.81481481481481,3.3272727272727276
KH Prajapati,Oman,2021,3,43,36,2,4,0,0,0,1,82,2,119.44444444444444,0.0
KH Prajapati,Oman,2021/22,9,286,411,31,3,0,0,0,4,502,3,69.58637469586375,0.0
KH Prajapati,Oman,2022,8,244,326,22,2,0,1,2,1,415,4,74.84662576687117,3.0
KH Prajapati,Oman,2023,9,324,396,37,4,0,0,0,8,628,2,81.81818181818183,0.0
KH Prajapati,Oman,2024,6,99,182,8,0,0,0,0,4,179,2,54.395604395604394,0.0
KHRK Fernando,Sri Lanka,2005/06,2,3,15,0,0,1,39,68,1,61,1,20.0,3.441176470588235
KIC Asalanka,Sri Lanka,2021,8,326,389,23,4,1,28,25,0,532,3,83.80462724935732,6.72
KIC Asalanka,Sri Lanka,2021/22,3,146,146,13,3,0,28,30,1,262,2,100.0,5.6
KIC Asalanka,Sri Lanka,2022,5,187,221,16,2,0,24,31,3,341,3,84.61538461538461,4.64516129032258
KIC Asalanka,Sri Lanka,2022/23,5,57,91,8,0,0,0,0,1,93,0,62.637362637362635,0.0
KIC Asalanka,Sri Lanka,2023,11,330,369,25,8,4,19,55,3,685,9,89.43089430894308,2.0727272727272728
KIC Asalanka,Sri Lanka,2023/24,12,513,607,35,19,0,46,36,5,954,3,84.51400329489292,7.666666666666667
KIC Asalanka,Sri Lanka,2024,3,49,75,5,1,6,50,111,0,285,2,65.33333333333333,2.7027027027027026
KIC Asalanka,Sri Lanka,2024/25,9,202,192,21,7,4,187,198,2,554,5,105.20833333333333,5.666666666666667
KJ Abbott,South Africa,2012/13,2,5,5,1,0,1,65,87,2,85,1,100.0,4.482758620689655
KJ Abbott,South Africa,2014,4,29,39,2,0,2,99,172,0,176,4,74.35897435897436,3.453488372093023
KJ Abbott,South Africa,2014/15,8,13,21,2,0,13,341,417,2,529,4,61.904761904761905,4.906474820143885
KJ Abbott,South Africa,2015,4,13,30,1,0,2,127,158,0,131,2,43.333333333333336,4.822784810126582
KJ Abbott,South Africa,2015/16,5,10,18,0,0,9,224,272,2,355,4,55.55555555555556,4.941176470588235
KJ Abbott,South Africa,2016,2,6,14,0,0,1,74,122,0,87,0,42.857142857142854,3.639344262295082
KJ Abbott,South Africa,2016/17,2,0,2,0,0,6,88,108,0,191,2,0.0,4.888888888888889
KJ Coetzer,Scotland,2009,2,37,61,6,1,0,0,0,0,71,0,60.65573770491803,0.0
KJ Coetzer,Scotland,2011,1,89,99,11,1,0,35,49,1,193,1,89.8989898989899,4.285714285714286
KJ Coetzer,Scotland,2013,1,32,61,3,0,0,0,0,0,48,0,52.459016393442624,0.0
KJ Coetzer,Scotland,2014,1,8,14,1,0,0,0,0,0,12,0,57.14285714285714,0.0
KJ Coetzer,Scotland,2014/15,6,230,250,28,4,0,58,47,1,481,0,92.0,7.404255319148937
KJ Coetzer,Scotland,2016,4,253,223,33,5,0,0,0,1,519,3,113.45291479820628,0.0
KJ Coetzer,Scotland,2016/17,2,57,71,9,0,0,0,0,0,101,0,80.28169014084507,0.0
KJ Coetzer,Scotland,2017,2,170,162,20,3,0,0,0,0,324,1,104.93827160493827,0.0
KJ Coetzer,Scotland,2017/18,7,289,324,40,5,0,0,0,0,535,3,89.19753086419753,0.0
KJ Coetzer,Scotland,2019,5,248,334,27,5,0,0,0,0,435,3,74.25149700598801,0.0
KJ Coetzer,Scotland,2019/20,3,113,152,11,1,0,0,0,1,191,1,74.3421052631579,0.0
KJ Coetzer,Scotland,2021,6,195,289,19,4,0,0,0,0,329,4,67.47404844290658,0.0
KJ Coetzer,Scotland,2022,16,418,613,58,0,1,38,73,4,824,11,68.18923327895595,3.1232876712328768
KJ Coetzer,Scotland,2022/23,7,141,173,24,1,0,0,0,5,295,5,81.5028901734104,0.0
KJ Harding,West Indies,2020/21,1,1,1,0,0,0,79,69,0,24,0,100.0,6.869565217391305
KJ O'Brien,Ireland,2006,1,35,49,3,0,1,43,64,2,115,0,71.42857142857143,4.03125
KJ O'Brien,Ireland,2006/07,8,170,275,13,5,3,97,111,1,373,2,61.81818181818181,5.243243243243243
KJ O'Brien,Ireland,2007,3,34,36,5,1,0,40,36,1,84,0,94.44444444444444,6.666666666666667
KJ O'Brien,Ireland,2008,1,10,5,1,1,0,43,42,1,42,1,200.0,6.142857142857143
KJ O'Brien,Ireland,2008/09,1,38,63,0,3,0,0,0,1,68,0,60.317460317460316,0.0
KJ O'Brien,Ireland,2009,2,4,13,0,0,1,61,79,2,77,1,30.76923076923077,4.632911392405063
KJ O'Brien,Ireland,2010,5,65,127,5,0,8,143,230,1,398,2,51.181102362204726,3.7304347826086954
KJ O'Brien,Ireland,2010/11,6,198,163,19,9,4,113,104,3,550,2,121.47239263803682,6.51923076923077
KJ O'Brien,Ireland,2011,3,104,67,9,5,1,30,56,4,267,2,155.22388059701493,3.214285714285714
KJ O'Brien,Ireland,2011/12,2,58,95,6,0,0,10,6,0,94,1,61.05263157894737,10.0
KJ O'Brien,Ireland,2013,5,180,154,22,3,7,149,173,4,606,2,116.88311688311688,5.167630057803469
KJ O'Brien,Ireland,2013/14,1,22,36,0,0,0,18,18,0,28,0,61.111111111111114,6.0
KJ O'Brien,Ireland,2014,4,159,176,19,1,2,63,110,1,364,2,90.3409090909091,3.4363636363636365
KJ O'Brien,Ireland,2014/15,7,144,156,18,3,6,428,337,4,542,4,92.3076923076923,7.620178041543027
KJ O'Brien,Ireland,2015/16,3,31,43,4,0,3,83,111,1,168,1,72.09302325581395,4.486486486486487
KJ O'Brien,Ireland,2016,2,16,11,2,0,0,134,100,0,51,0,145.45454545454547,8.04
KJ O'Brien,Ireland,2016/17,4,133,128,16,1,2,92,128,2,337,2,103.90625,4.3125
KJ O'Brien,Ireland,2017,5,33,33,1,2,2,144,163,3,178,0,100.0,5.300613496932515
KJ O'Brien,Ireland,2017/18,9,245,185,24,8,11,327,394,0,869,7,132.43243243243242,4.979695431472081
KJ O'Brien,Ireland,2019,7,184,186,17,4,0,62,105,4,386,3,98.9247311827957,3.5428571428571427
KJ O'Brien,Ireland,2019/20,3,56,60,8,1,0,0,0,1,108,0,93.33333333333333,0.0
KJ O'Brien,Ireland,2020,3,46,61,1,1,0,0,0,0,56,1,75.40983606557377,0.0
KJ O'Brien,Ireland,2020/21,2,25,25,5,0,1,21,25,0,84,1,100.0,5.04
KJ O'Brien,Ireland,2021,1,0,4,0,0,0,0,0,0,-3,0,0.0,0.0
KJJ van Noortwijk,Netherlands,2002/03,3,141,143,12,3,0,0,0,0,266,1,98.6013986013986,0.0
KK Ahmed,India,2018,1,0,0,0,0,3,47,61,0,99,1,0.0,4.622950819672131
KK Ahmed,India,2018/19,6,8,17,1,0,7,233,270,0,288,3,47.05882352941176,5.177777777777778
KK Ahmed,India,2019,3,0,0,0,0,4,125,104,0,130,2,0.0,7.211538461538462
KK Nair,India,2016,2,46,89,6,0,0,0,0,0,70,2,51.68539325842697,0.0
KL Rahul,India,2016,3,196,239,15,3,0,0,0,3,360,3,82.00836820083683,0.0
KL Rahul,India,2016/17,3,24,38,3,1,0,0,0,1,48,2,63.1578947368421,0.0
KL Rahul,India,2017,5,28,38,2,0,0,0,0,2,52,5,73.68421052631578,0.0
KL Rahul,India,2018,2,9,21,0,0,0,0,0,1,14,1,42.857142857142854,0.0
KL Rahul,India,2018/19,1,26,31,1,0,0,0,0,1,42,0,83.87096774193549,0.0
KL Rahul,India,2019,8,331,420,29,5,0,0,0,1,566,6,78.80952380952381,0.0
KL Rahul,India,2019/20,9,535,547,41,15,0,0,0,5,1019,4,97.80621572212065,0.0
KL Rahul,India,2020/21,6,270,270,16,11,0,0,0,8,554,3,100.0,0.0
KL Rahul,India,2021/22,4,125,156,10,2,0,0,0,2,217,1,80.12820512820514,0.0
KL Rahul,India,2022,2,31,55,1,1,0,0,0,1,59,2,56.36363636363636,0.0
KL Rahul,India,2022/23,9,321,407,27,7,0,0,0,8,601,5,78.86977886977887,0.0
KL Rahul,India,2023,4,169,192,16,2,0,0,0,7,361,3,88.02083333333334,0.0
KL Rahul,India,2023/24,16,665,738,56,13,0,0,0,22,1343,13,90.10840108401084,0.0
KL Rahul,India,2024,2,31,45,2,0,0,0,0,1,48,0,68.88888888888889,0.0
KL Tucker,Bermuda,2006/07,1,0,4,0,0,0,0,0,0,-3,0,0.0,0.0
KM Dabengwa,Zimbabwe,2005,1,0,0,0,0,0,23,24,1,16,0,0.0,5.75
KM Dabengwa,Zimbabwe,2006,2,12,34,0,0,0,50,48,0,26,0,35.294117647058826,6.25
KM Dabengwa,Zimbabwe,2006/07,4,95,151,5,1,3,70,86,1,246,0,62.913907284768214,4.883720930232558
KM Dabengwa,Zimbabwe,2007,2,1,4,0,0,0,37,30,1,17,0,25.0,7.4
KM Dabengwa,Zimbabwe,2007/08,6,87,95,5,2,2,212,203,1,245,1,91.57894736842105,6.266009852216748
KM Dabengwa,Zimbabwe,2008/09,5,88,215,5,1,5,87,152,0,295,3,40.93023255813954,3.43421052631579
KM Dabengwa,Zimbabwe,2010/11,5,81,132,5,2,1,142,172,2,220,1,61.36363636363637,4.953488372093023
KM Jadhav,India,2014/15,1,20,25,3,0,0,0,0,1,40,1,80.0,0.0
KM Jadhav,India,2015,3,126,115,14,1,0,0,0,1,238,3,109.56521739130434,0.0
KM Jadhav,India,2016,1,0,0,0,0,0,0,0,2,16,1,0.0,0.0
KM Jadhav,India,2016/17,8,322,252,33,9,6,138,165,2,809,5,127.77777777777777,5.0181818181818185
KM Jadhav,India,2017,12,161,152,18,2,8,158,207,7,598,9,105.92105263157893,4.579710144927536
KM Jadhav,India,2017/18,11,169,203,17,3,2,193,240,4,433,9,83.2512315270936,4.825
KM Jadhav,India,2018,5,51,55,1,2,4,111,169,1,249,5,92.72727272727272,3.9408284023668636
KM Jadhav,India,2018/19,13,306,344,33,3,4,279,293,5,750,9,88.95348837209302,5.7133105802047774
KM Jadhav,India,2019,7,63,59,6,1,0,69,93,4,155,6,106.77966101694916,4.451612903225806
KM Jadhav,India,2019/20,5,100,102,11,2,0,11,6,3,188,2,98.0392156862745,11.0
KM Jarvis,Zimbabwe,2009/10,5,13,45,2,0,5,223,233,0,217,1,28.888888888888886,5.742489270386265
KM Jarvis,Zimbabwe,2011,3,8,22,0,0,4,147,160,1,168,1,36.36363636363637,5.5125
KM Jarvis,Zimbabwe,2011/12,4,2,5,0,0,4,225,204,1,179,0,40.0,6.617647058823529
KM Jarvis,Zimbabwe,2012/13,2,8,36,0,0,2,118,121,0,100,0,22.22222222222222,5.851239669421488
KM Jarvis,Zimbabwe,2013,5,14,16,2,0,7,232,283,2,330,2,87.5,4.918727915194347
KM Jarvis,Zimbabwe,2017/18,8,27,55,1,0,9,270,351,2,404,3,49.09090909090909,4.615384615384615
KM Jarvis,Zimbabwe,2018/19,6,54,68,6,2,8,213,304,0,424,0,79.41176470588235,4.203947368421053
KM Jarvis,Zimbabwe,2019,8,69,73,7,1,11,249,391,2,577,3,94.52054794520548,3.8209718670076724
KMA Paul,West Indies,2017/18,2,5,11,1,0,2,60,97,1,112,2,45.45454545454545,3.7113402061855667
KMA Paul,West Indies,2018,2,4,4,1,0,1,118,98,3,85,1,100.0,7.224489795918368
KMA Paul,West Indies,2018/19,6,90,119,2,4,5,245,230,1,331,2,75.63025210084034,6.391304347826087
KMA Paul,West Indies,2019,1,0,0,0,0,0,34,34,2,27,0,0.0,6.0
KMA Paul,West Indies,2019/20,7,99,89,11,4,9,285,291,4,534,3,111.23595505617978,5.876288659793815
KMA Paul,West Indies,2022,4,52,50,7,1,2,93,105,1,184,0,104.0,5.314285714285714
KMA Paul,West Indies,2023,7,54,43,4,2,9,242,296,4,468,5,125.5813953488372,4.905405405405405
KMC Bandara,Sri Lanka,2016,1,1,3,0,0,1,82,61,0,42,0,33.33333333333333,8.065573770491804
KMDN Kulasekara,Sri Lanka,2003/04,2,1,3,0,0,2,35,74,1,93,1,33.33333333333333,2.8378378378378377
KMDN Kulasekara,Sri Lanka,2004,2,0,2,0,0,1,53,63,0,48,2,0.0,5.0476190476190474
KMDN Kulasekara,Sri Lanka,2005/06,9,14,57,0,0,6,288,398,2,339,3,24.561403508771928,4.341708542713568
KMDN Kulasekara,Sri Lanka,2006/07,5,14,17,1,0,1,122,179,2,136,3,82.35294117647058,4.089385474860335
KMDN Kulasekara,Sri Lanka,2007,1,1,2,0,0,2,16,43,0,79,1,50.0,2.2325581395348837
KMDN Kulasekara,Sri Lanka,2007/08,5,15,30,1,0,10,189,249,0,368,1,50.0,4.554216867469879
KMDN Kulasekara,Sri Lanka,2008,11,140,224,6,1,16,363,510,3,835,7,62.5,4.270588235294118
KMDN Kulasekara,Sri Lanka,2008/09,13,83,88,7,2,19,455,627,6,944,7,94.31818181818183,4.354066985645933
KMDN Kulasekara,Sri Lanka,2009,7,34,53,3,0,10,252,344,1,457,5,64.15094339622641,4.395348837209302
KMDN Kulasekara,Sri Lanka,2009/10,8,87,100,4,5,12,383,435,1,630,4,87.0,5.2827586206896555
KMDN Kulasekara,Sri Lanka,2010,11,82,95,8,2,8,340,519,4,594,8,86.31578947368422,3.930635838150289
KMDN Kulasekara,Sri Lanka,2010/11,10,64,56,4,2,11,394,523,0,606,7,114.28571428571428,4.520076481835564
KMDN Kulasekara,Sri Lanka,2011,9,106,154,8,3,3,313,369,4,433,3,68.83116883116884,5.0894308943089435
KMDN Kulasekara,Sri Lanka,2011/12,19,203,196,17,6,16,830,1013,4,1159,7,103.57142857142858,4.91609081934847
KMDN Kulasekara,Sri Lanka,2012,6,32,62,1,0,8,165,275,2,382,3,51.61290322580645,3.5999999999999996
KMDN Kulasekara,Sri Lanka,2012/13,10,43,43,5,1,16,370,518,1,729,6,100.0,4.285714285714286
KMDN Kulasekara,Sri Lanka,2013,6,81,67,6,4,6,205,294,1,428,4,120.89552238805969,4.183673469387755
KMDN Kulasekara,Sri Lanka,2013/14,7,60,81,6,2,7,234,254,0,382,3,74.07407407407408,5.52755905511811
KMDN Kulasekara,Sri Lanka,2014,10,56,73,3,2,7,363,386,6,458,6,76.71232876712328,5.642487046632125
KMDN Kulasekara,Sri Lanka,2014/15,11,61,86,2,2,14,519,523,3,629,3,70.93023255813954,5.954110898661567
KMDN Kulasekara,Sri Lanka,2015/16,5,92,112,6,6,4,126,134,1,315,1,82.14285714285714,5.64179104477612
KMDN Kulasekara,Sri Lanka,2016/17,10,49,54,6,1,13,367,451,1,611,4,90.74074074074075,4.882483370288248
KMDN Kulasekara,Sri Lanka,2017,1,5,5,1,0,0,24,19,1,23,0,100.0,7.578947368421053
KNA Bandara,Sri Lanka,2020/21,3,123,162,8,1,0,8,6,2,203,0,75.92592592592592,8.0
KNA Bandara,Sri Lanka,2021,2,18,55,1,0,0,0,0,1,22,0,32.72727272727273,0.0
KNM Fernando,Sri Lanka,2024/25,2,107,99,13,1,0,0,0,0,185,2,108.08080808080808,0.0
KO Meth,Zimbabwe,2006,2,16,41,1,0,0,86,94,0,47,0,39.02439024390244,5.48936170212766
KO Meth,Zimbabwe,2010/11,2,3,7,0,0,0,82,76,1,39,1,42.857142857142854,6.473684210526316
KO Meth,Zimbabwe,2011,1,0,0,0,0,2,56,60,0,70,0,0.0,5.6
KO Meth,Zimbabwe,2011/12,3,30,45,4,0,3,173,170,0,184,1,66.66666666666666,6.105882352941177
KO Otieno,Kenya,2002/03,11,190,414,19,4,0,0,0,10,434,4,45.893719806763286,0.0
KO Otieno,Kenya,2004,2,33,87,5,0,0,0,0,2,80,0,37.93103448275862,0.0
KO Otieno,Kenya,2006,3,6,28,1,0,0,0,0,4,45,0,21.428571428571427,0.0
KO Otieno,Kenya,2008,1,2,27,0,0,0,0,0,0,-4,0,7.4074074074074066,0.0
KO Otieno,Kenya,2008/09,1,19,39,4,0,0,0,0,0,33,0,48.717948717948715,0.0
KOA Powell,West Indies,2009,1,0,2,0,0,0,0,0,1,5,0,0.0,0.0
KOA Powell,West Indies,2009/10,1,5,15,1,0,0,0,0,0,9,0,33.33333333333333,0.0
KOA Powell,West Indies,2011/12,6,67,99,9,1,0,0,0,0,110,1,67.67676767676768,0.0
KOA Powell,West Indies,2012/13,10,357,446,40,5,0,0,0,5,647,4,80.04484304932735,0.0
KOA Powell,West Indies,2013/14,9,286,325,38,3,0,0,0,2,526,5,88.0,0.0
KOA Powell,West Indies,2016/17,3,16,22,2,1,0,0,0,1,38,0,72.72727272727273,0.0
KOA Powell,West Indies,2017,4,95,146,7,0,0,0,0,1,140,1,65.06849315068493,0.0
KOA Powell,West Indies,2018,1,4,7,0,0,0,0,0,2,20,0,57.14285714285714,0.0
KOA Powell,West Indies,2018/19,6,104,129,13,3,0,0,0,2,199,1,80.62015503875969,0.0
KOK Williams,West Indies,2017,4,3,7,0,0,3,183,209,0,148,1,42.857142857142854,5.253588516746411
KOK Williams,West Indies,2017/18,3,16,20,1,0,6,100,131,0,227,2,80.0,4.580152671755726
KP Meiyappan,United Arab Emirates,2019/20,4,12,18,0,0,6,122,190,1,248,3,66.66666666666666,3.8526315789473684
KP Meiyappan,United Arab Emirates,2020/21,2,8,19,1,0,1,93,103,0,71,1,42.10526315789473,5.417475728155339
KP Meiyappan,United Arab Emirates,2021/22,1,0,0,0,0,0,0,0,0,6,0,0.0,0.0
KP Meiyappan,United Arab Emirates,2022,2,0,0,0,0,3,90,121,1,125,2,0.0,4.462809917355371
KP Meiyappan,United Arab Emirates,2022/23,8,59,126,3,0,11,217,262,3,473,2,46.82539682539682,4.969465648854962
KP Meiyappan,United Arab Emirates,2023,15,84,179,7,0,14,557,552,4,686,6,46.927374301675975,6.054347826086956
KP Pietersen,England,2004/05,9,558,565,41,18,0,22,12,6,1065,4,98.76106194690266,11.0
KP Pietersen,England,2005,6,122,150,12,3,0,0,0,4,232,2,81.33333333333333,0.0
KP Pietersen,England,2005/06,5,270,275,35,5,1,4,6,1,525,2,98.18181818181819,4.0
KP Pietersen,ICC World XI,2005/06,1,16,24,0,1,0,0,0,0,22,0,66.66666666666666,0.0
KP Pietersen,England,2006,8,203,252,29,1,0,61,70,3,394,2,80.55555555555556,5.228571428571429
KP Pietersen,England,2006/07,13,644,778,53,9,0,2,6,3,1122,6,82.77634961439588,2.0
KP Pietersen,England,2007,10,251,344,22,1,1,12,12,2,420,5,72.96511627906976,6.0
KP Pietersen,England,2007/08,9,269,379,26,3,0,0,0,5,477,3,70.97625329815304,0.0
KP Pietersen,England,2008,8,268,297,22,5,1,22,30,2,514,4,90.23569023569024,4.4
KP Pietersen,England,2008/09,10,305,356,28,6,1,65,73,1,585,3,85.67415730337079,5.342465753424658
KP Pietersen,England,2009/10,6,93,139,7,2,1,42,63,0,197,5,66.90647482014388,4.0
KP Pietersen,England,2010,5,95,120,15,0,0,0,0,0,164,3,79.16666666666666,0.0
KP Pietersen,England,2010/11,10,316,357,29,5,0,91,98,1,563,3,88.51540616246498,5.571428571428572
KP Pietersen,England,2011,4,85,91,9,1,0,14,13,2,157,2,93.4065934065934,6.461538461538462
KP Pietersen,England,2011/12,8,451,551,45,7,0,15,20,4,835,4,81.85117967332124,4.5
KP Pietersen,England,2012/13,5,185,217,21,2,0,0,0,0,313,2,85.25345622119815,0.0
KP Pietersen,England,2013,4,71,95,8,2,0,0,0,1,132,1,74.73684210526315,0.0
KP Walmsley,New Zealand,2003/04,1,0,0,0,0,1,63,61,0,45,0,0.0,6.19672131147541
KR Mayers,West Indies,2020/21,3,51,90,6,1,1,48,55,0,123,0,56.666666666666664,5.236363636363636
KR Mayers,West Indies,2022,14,435,472,48,14,5,283,305,5,1105,4,92.16101694915254,5.567213114754098
KR Mayers,West Indies,2022/23,2,50,50,6,3,2,50,50,2,182,1,100.0,6.0
KR Mayers,West Indies,2023,9,124,190,15,3,6,224,299,1,486,4,65.26315789473685,4.494983277591973
KR Sen,India,2022/23,1,2,4,0,0,1,34,33,0,42,0,50.0,6.181818181818182
KS Airee,Nepal,2019/20,1,9,6,1,0,0,29,24,0,21,0,150.0,7.25
KS Airee,Nepal,2021/22,2,18,18,1,0,2,70,96,0,108,0,100.0,4.375
KS Lokuarachchi,Sri Lanka,2002/03,2,36,58,1,0,4,59,96,0,188,1,62.06896551724138,3.6875
KS Lokuarachchi,Sri Lanka,2003,2,10,37,0,0,1,65,90,1,87,0,27.027027027027028,4.333333333333333
KS Lokuarachchi,Sri Lanka,2003/04,1,18,19,1,0,1,35,51,0,66,0,94.73684210526315,4.117647058823529
KS Lokuarachchi,Sri Lanka,2004,2,4,6,0,0,2,66,98,1,96,2,66.66666666666666,4.040816326530613
KS Lokuarachchi,Sri Lanka,2004/05,1,4,5,0,0,0,36,36,0,16,0,80.0,6.0
KS Lokuarachchi,Sri Lanka,2005/06,4,83,79,5,3,7,161,205,1,402,1,105.0632911392405,4.71219512195122
KS Lokuarachchi,Sri Lanka,2007/08,2,9,13,0,0,1,69,90,1,75,1,69.23076923076923,4.6
KS Williamson,New Zealand,2010,4,13,38,1,0,1,43,89,1,79,1,34.21052631578947,2.898876404494382
KS Williamson,New Zealand,2010/11,12,339,488,21,3,0,80,73,3,540,2,69.4672131147541,6.575342465753425
KS Williamson,New Zealand,2011/12,9,281,325,24,1,3,40,52,5,579,5,86.46153846153845,4.615384615384616
KS Williamson,New Zealand,2012,5,163,234,11,2,1,42,38,1,292,1,69.65811965811966,6.631578947368421
KS Williamson,New Zealand,2012/13,9,296,368,31,1,7,143,179,1,757,3,80.43478260869566,4.793296089385475
KS Williamson,New Zealand,2013,6,175,209,15,1,4,194,201,2,458,3,83.73205741626795,5.791044776119403
KS Williamson,New Zealand,2013/14,9,432,524,31,5,6,147,163,5,927,5,82.44274809160305,5.411042944785276
KS Williamson,New Zealand,2014/15,19,954,1081,96,6,1,122,120,11,1757,15,88.25161887141536,6.1
KS Williamson,New Zealand,2015,11,676,742,77,6,2,101,105,5,1315,5,91.10512129380054,5.771428571428571
KS Williamson,New Zealand,2015/16,8,304,376,30,4,1,74,86,4,590,5,80.85106382978722,5.162790697674418
KS Williamson,New Zealand,2016/17,18,696,856,71,7,5,140,177,6,1403,9,81.30841121495327,4.745762711864407
KS Williamson,New Zealand,2017,3,244,266,21,3,0,19,12,0,428,0,91.72932330827066,9.5
KS Williamson,New Zealand,2017/18,13,551,730,42,4,2,32,60,8,993,9,75.47945205479452,3.2
KS Williamson,New Zealand,2018/19,12,398,533,35,3,0,39,48,1,652,7,74.671669793621,4.875
KS Williamson,New Zealand,2019,8,499,680,42,3,2,63,91,6,947,4,73.38235294117646,4.153846153846154
KS Williamson,New Zealand,2019/20,2,41,57,4,0,0,0,0,0,57,1,71.9298245614035,0.0
KS Williamson,New Zealand,2022,4,123,236,9,1,0,0,0,3,193,0,52.118644067796616,0.0
KS Williamson,New Zealand,2022/23,5,258,313,22,1,0,0,0,1,427,3,82.42811501597444,0.0
KS Williamson,New Zealand,2023/24,4,256,277,29,4,0,0,0,2,474,2,92.4187725631769,0.0
KT Maphaka,South Africa,2024/25,2,1,3,0,0,5,113,104,0,175,0,33.33333333333333,6.51923076923077
KT Sandher,Canada,2006/07,4,2,6,0,0,6,161,213,0,238,2,33.33333333333333,4.535211267605634
KTGD Prasad,Sri Lanka,2005/06,3,8,12,0,0,3,110,132,0,134,1,66.66666666666666,5.0
KTGD Prasad,Sri Lanka,2009,1,1,5,0,0,1,58,56,0,44,0,20.0,6.2142857142857135
KTGD Prasad,Sri Lanka,2011,1,0,0,0,0,2,25,37,0,64,0,0.0,4.0540540540540535
KTGD Prasad,Sri Lanka,2011/12,5,46,32,3,1,8,237,247,0,356,0,143.75,5.757085020242915
KTGD Prasad,Sri Lanka,2013/14,1,0,0,0,0,3,47,62,1,103,1,0.0,4.548387096774193
KTGD Prasad,Sri Lanka,2014,2,7,6,0,0,3,53,80,0,116,2,116.66666666666667,3.9749999999999996
KTGD Prasad,Sri Lanka,2014/15,9,58,62,6,2,8,354,357,0,429,3,93.54838709677419,5.949579831932773
KU Carty,West Indies,2022,8,145,255,8,3,0,9,8,0,207,3,56.86274509803921,6.75
KU Carty,West Indies,2023,9,229,317,16,3,0,17,19,5,399,6,72.2397476340694,5.368421052631579
KU Carty,West Indies,2023/24,6,204,283,14,4,0,0,0,1,325,2,72.08480565371025,0.0
KU Carty,West Indies,2024/25,9,422,462,43,6,0,0,0,2,754,6,91.34199134199135,0.0
KV Morea,Papua New Guinea,2021,4,11,23,1,0,11,142,236,0,402,0,47.82608695652174,3.6101694915254234
KV Morea,Papua New Guinea,2021/22,3,17,20,1,0,1,48,108,1,113,1,85.0,2.6666666666666665
KV Morea,Papua New Guinea,2022,1,15,40,1,0,2,38,60,1,95,0,37.5,3.8
KV Morea,Papua New Guinea,2022/23,7,22,32,1,1,6,192,267,2,297,2,68.75,4.314606741573034
KV Morea,Papua New Guinea,2023,1,7,4,1,0,0,50,49,0,27,0,175.0,6.122448979591837
KV Sharma,India,2014/15,2,0,0,0,0,0,125,114,3,64,2,0.0,6.578947368421052
KW Richardson,Australia,2012/13,1,0,1,0,0,0,15,36,0,25,0,0.0,2.5
KW Richardson,Australia,2014,3,0,0,0,0,2,129,142,0,104,2,0.0,5.450704225352112
KW Richardson,Australia,2014/15,4,11,5,1,0,5,144,210,0,227,4,220.00000000000003,4.114285714285714
KW Richardson,Australia,2015/16,4,19,13,1,2,6,237,231,1,299,3,146.15384615384613,6.1558441558441555
KW Richardson,Australia,2017/18,3,0,7,0,0,7,156,175,1,237,1,0.0,5.348571428571429
KW Richardson,Australia,2018,3,15,29,0,1,6,154,158,1,232,0,51.724137931034484,5.848101265822785
KW Richardson,Australia,2018/19,2,5,2,1,0,2,95,105,1,101,2,250.0,5.428571428571429
KW Richardson,Australia,2019,2,1,1,0,0,5,105,110,2,186,2,100.0,5.7272727272727275
KW Richardson,Australia,2019/20,3,24,12,4,1,5,177,171,0,227,1,200.0,6.2105263157894735
KY Ottley,West Indies,2020/21,2,25,53,2,1,0,0,0,1,47,0,47.16981132075472,0.0
KY Ottley,West Indies,2023/24,2,16,23,3,0,0,0,0,0,28,0,69.56521739130434,0.0
Kabir Ali,England,2004/05,7,52,46,3,1,12,329,386,1,529,1,113.04347826086956,5.1139896373057
Kabir Ali,England,2005/06,3,2,11,0,0,5,129,149,0,181,0,18.181818181818183,5.194630872483222
Kabir Ali,England,2006,2,0,1,0,0,0,140,105,0,25,0,0.0,8.0
Kaleem Sana,Canada,2023,4,34,55,2,2,6,153,209,1,310,2,61.81818181818181,4.392344497607655
Kaleem Sana,Canada,2023/24,3,0,0,0,0,6,74,157,0,244,3,0.0,2.828025477707006
Kaleem Sana,Canada,2024,8,39,42,1,3,13,255,447,2,622,4,92.85714285714286,3.422818791946309
Kaleemullah,Oman,2019,3,0,2,0,0,0,83,91,2,47,2,0.0,5.472527472527473
Kaleemullah,Oman,2019/20,6,2,5,0,0,4,152,256,2,248,5,40.0,3.5625
Kaleemullah,Oman,2021,7,50,47,4,3,5,169,267,1,337,4,106.38297872340425,3.797752808988764
Kaleemullah,Oman,2021/22,9,23,26,0,2,14,331,486,0,600,3,88.46153846153845,4.08641975308642
Kaleemullah,Oman,2022,8,29,26,1,2,8,264,349,1,390,4,111.53846153846155,4.538681948424069
Kaleemullah,Oman,2023,5,5,9,0,0,3,229,279,3,218,0,55.55555555555556,4.924731182795699
Kaleemullah,Oman,2024,7,16,24,3,0,7,190,309,1,374,2,66.66666666666666,3.6893203883495147
Kamran Akmal,Pakistan,2003,2,0,0,0,0,0,0,0,1,26,2,0.0,0.0
Kamran Akmal,Pakistan,2004/05,8,203,217,19,1,0,0,0,6,405,5,93.54838709677419,0.0
Kamran Akmal,Pakistan,2005,2,30,24,0,3,0,0,0,5,92,2,125.0,0.0
Kamran Akmal,Pakistan,2005/06,13,302,387,38,0,0,0,0,11,644,5,78.0361757105943,0.0
Kamran Akmal,Pakistan,2006,5,14,30,0,0,0,0,0,6,57,2,46.666666666666664,0.0
Kamran Akmal,Pakistan,2006/07,15,235,353,28,1,0,0,0,13,543,6,66.57223796033995,0.0
Kamran Akmal,Pakistan,2007/08,17,290,336,38,3,0,0,0,20,771,11,86.30952380952381,0.0
Kamran Akmal,Pakistan,2008,3,78,88,9,3,0,0,0,6,194,2,88.63636363636364,0.0
Kamran Akmal,Pakistan,2008/09,5,84,85,2,3,0,0,0,10,222,3,98.82352941176471,0.0
Kamran Akmal,Pakistan,2009,10,327,385,45,0,0,0,0,10,682,4,84.93506493506493,0.0
Kamran Akmal,Pakistan,2009/10,11,235,285,24,5,0,0,0,8,491,3,82.45614035087719,0.0
Kamran Akmal,Pakistan,2010,8,289,321,35,4,0,0,0,8,583,3,90.03115264797508,0.0
Kamran Akmal,Pakistan,2010/11,13,347,468,40,3,0,0,0,12,733,9,74.14529914529915,0.0
Kamran Akmal,Pakistan,2012,3,6,18,0,0,0,0,0,1,38,1,33.33333333333333,0.0
Kamran Akmal,Pakistan,2012/13,7,109,139,14,1,0,0,0,11,293,3,78.41726618705036,0.0
Kamran Akmal,Pakistan,2013,6,129,160,17,2,0,0,0,8,328,2,80.625,0.0
Kamran Akmal,Pakistan,2017,3,68,78,7,3,0,0,0,1,123,2,87.17948717948718,0.0
Kamran Ghulam,Pakistan,2024/25,7,192,181,18,9,1,16,24,3,432,5,106.07734806629834,4.0
Kamran Hussain,Pakistan,2007/08,2,28,21,2,0,3,66,103,0,161,2,133.33333333333331,3.844660194174757
Kamran Shazad,United Arab Emirates,2014,1,0,0,0,0,3,39,56,0,95,1,0.0,4.178571428571428
Kamran Shazad,United Arab Emirates,2014/15,1,0,3,0,0,1,58,49,0,36,0,0.0,7.102040816326531
Karan KC,Nepal,2018,1,0,1,0,0,0,59,50,0,11,0,0.0,7.079999999999999
Karan KC,Nepal,2018/19,3,21,20,1,2,4,98,146,0,205,2,105.0,4.027397260273973
Karan KC,Nepal,2019/20,4,22,45,3,0,8,114,173,0,321,2,48.888888888888886,3.953757225433526
Karan KC,Nepal,2021,4,64,78,3,5,6,142,134,1,320,3,82.05128205128204,6.358208955223881
Karan KC,Nepal,2021/22,4,39,51,2,2,6,133,180,0,284,2,76.47058823529412,4.433333333333334
Karan KC,Nepal,2022,7,35,35,4,1,15,248,339,0,593,2,100.0,4.389380530973451
Karan KC,Nepal,2022/23,12,92,120,5,5,13,479,552,2,728,9,76.66666666666667,5.206521739130435
Karan KC,Nepal,2023,10,73,60,8,2,18,410,465,1,783,4,121.66666666666666,5.290322580645161
Karan KC,Nepal,2023/24,3,54,78,5,3,0,71,73,1,126,0,69.23076923076923,5.835616438356165
Karan KC,Nepal,2024,3,52,56,4,3,3,76,145,3,257,0,92.85714285714286,3.1448275862068966
Karan KC,Nepal,2024/25,2,5,5,1,0,2,26,66,0,88,1,100.0,2.3636363636363638
Kashif Daud,United Arab Emirates,2020/21,2,20,23,2,1,2,94,113,0,121,1,86.95652173913044,4.991150442477877
Kashif Daud,United Arab Emirates,2021/22,11,210,223,14,10,10,267,417,1,817,7,94.17040358744396,3.841726618705036
Kashif Daud,United Arab Emirates,2022,6,52,72,3,2,4,103,146,2,253,2,72.22222222222221,4.232876712328768
Khaled Ahmed,Bangladesh,2023,2,1,4,0,0,3,72,80,0,103,0,25.0,5.3999999999999995
Khaled Mahmud,Bangladesh,2002/03,4,38,73,2,1,6,145,200,0,279,0,52.054794520547944,4.35
Khaled Mahmud,Bangladesh,2003,6,73,105,5,0,1,268,272,0,211,0,69.52380952380952,5.911764705882352
Khaled Mahmud,Bangladesh,2003/04,4,18,57,1,0,5,73,142,0,215,0,31.57894736842105,3.084507042253521
Khaled Mahmud,Bangladesh,2004,6,46,76,2,0,4,208,287,2,289,0,60.526315789473685,4.348432055749129
Khaled Mahmud,Bangladesh,2004/05,4,50,83,6,0,5,165,201,2,281,0,60.24096385542169,4.925373134328358
Khaled Mahmud,Bangladesh,2005,3,22,23,1,0,1,115,112,1,95,0,95.65217391304348,6.160714285714286
Khaled Mahmud,Bangladesh,2005/06,1,36,66,4,1,0,13,13,0,66,0,54.54545454545454,6.0
Khaled Mashud,Bangladesh,2002/03,5,79,176,9,0,0,0,0,2,139,0,44.88636363636363,0.0
Khaled Mashud,Bangladesh,2003,4,34,77,3,0,0,0,0,0,65,0,44.15584415584416,0.0
Khaled Mashud,Bangladesh,2003/04,4,35,102,1,0,0,0,0,3,67,0,34.31372549019608,0.0
Khaled Mashud,Bangladesh,2004,5,66,127,2,0,0,0,0,3,119,0,51.96850393700787,0.0
Khaled Mashud,Bangladesh,2004/05,5,85,91,5,1,0,0,0,4,205,1,93.4065934065934,0.0
Khaled Mashud,Bangladesh,2005,5,157,261,13,0,0,0,0,3,251,0,60.15325670498084,0.0
Khaled Mashud,Bangladesh,2005/06,6,95,164,5,0,0,0,0,3,144,1,57.92682926829268,0.0
Khaled Mashud,Bangladesh,2006,4,13,46,1,0,0,0,0,7,119,4,28.26086956521739,0.0
Khaled Mashud,Bangladesh,2006/07,5,41,95,1,0,0,0,0,3,91,3,43.15789473684211,0.0
Khalid Kail,Oman,2024,5,117,158,14,1,0,0,0,2,208,2,74.0506329113924,0.0
Khalid Latif,Pakistan,2007/08,1,19,42,2,0,0,0,0,0,25,1,45.23809523809524,0.0
Khalid Latif,Pakistan,2009/10,5,128,191,11,0,0,0,0,2,207,1,67.01570680628272,0.0
Khawar Ali,Oman,2019,5,128,262,8,2,10,181,265,1,561,3,48.854961832061065,4.09811320754717
Khawar Ali,Oman,2019/20,6,117,190,16,1,2,209,244,6,383,5,61.578947368421055,5.139344262295082
Khawar Ali,Oman,2021,4,14,31,0,0,6,95,141,4,272,2,45.16129032258064,4.042553191489362
Khawar Ali,Oman,2021/22,9,230,352,24,1,8,368,480,3,750,3,65.3409090909091,4.6
Khawar Ali,Oman,2022,8,131,245,7,2,11,304,413,2,627,4,53.46938775510204,4.416464891041162
Khurram Chohan,Canada,2009,2,9,5,0,1,5,39,96,1,202,2,180.0,2.4375
Khurram Chohan,Canada,2010,1,0,0,0,0,3,25,36,0,93,1,0.0,4.166666666666667
Khurram Chohan,Canada,2010/11,4,39,69,4,1,2,150,176,0,163,0,56.52173913043478,5.113636363636364
Khurram Chohan,Canada,2011,2,6,22,0,0,4,114,122,0,154,0,27.27272727272727,5.606557377049181
Khurram Chohan,Canada,2013/14,2,23,48,1,0,5,96,96,0,192,0,47.91666666666667,6.0
Khurram Khan,United Arab Emirates,2008,2,80,89,9,0,1,130,122,2,219,0,89.8876404494382,6.39344262295082
Khurram Khan,United Arab Emirates,2014,1,2,12,0,0,0,0,0,0,8,1,16.666666666666664,0.0
Khurram Khan,United Arab Emirates,2014/15,6,155,217,15,1,0,52,42,1,253,0,71.42857142857143,7.428571428571429
Khurram Manzoor,Pakistan,2007/08,1,50,75,6,0,0,0,0,1,94,1,66.66666666666666,0.0
Khurram Manzoor,Pakistan,2008/09,5,156,248,14,0,0,0,0,2,255,3,62.903225806451616,0.0
Khurram Nawaz,Oman,2019,3,26,49,1,0,0,0,0,1,36,1,53.06122448979592,0.0
Khushdil Shah,Pakistan,2020/21,1,34,50,4,0,0,0,0,1,62,0,68.0,0.0
Khushdil Shah,Pakistan,2021/22,2,46,39,3,2,2,106,97,1,158,1,117.94871794871796,6.556701030927835
Khushdil Shah,Pakistan,2022,6,120,125,7,5,0,15,12,4,228,6,96.0,7.5
Krishna Chandran,United Arab Emirates,2014,1,6,17,1,0,0,24,43,0,28,1,35.294117647058826,3.3488372093023253
Krishna Chandran,United Arab Emirates,2014/15,5,38,119,3,0,1,176,151,2,124,0,31.932773109243694,6.993377483443708
Krishna Chandran,United Arab Emirates,2016,1,15,27,1,0,0,48,36,0,33,0,55.55555555555556,8.0
Kuldeep Yadav,India,2017,6,2,6,0,0,9,229,346,1,374,5,33.33333333333333,3.9710982658959537
Kuldeep Yadav,India,2017/18,13,21,31,4,0,25,543,639,0,892,10,67.74193548387096,5.098591549295775
Kuldeep Yadav,India,2018,8,13,31,0,0,14,345,470,0,561,6,41.935483870967744,4.404255319148937
Kuldeep Yadav,India,2018/19,15,55,95,4,0,26,722,798,2,1023,8,57.89473684210527,5.428571428571429
Kuldeep Yadav,India,2019,8,0,1,0,0,9,353,419,0,374,6,0.0,5.054892601431981
Kuldeep Yadav,India,2019/20,7,17,16,2,0,6,419,427,2,330,4,106.25,5.887587822014051
Kuldeep Yadav,India,2020/21,3,0,0,0,0,1,207,176,2,93,2,0.0,7.0568181818181825
Kuldeep Yadav,India,2021,2,0,0,0,0,2,101,116,0,92,2,0.0,5.224137931034483
Kuldeep Yadav,India,2021/22,1,5,10,0,0,2,49,50,0,71,1,50.0,5.88
Kuldeep Yadav,India,2022,3,2,2,0,0,2,120,172,0,125,3,100.0,4.186046511627906
Kuldeep Yadav,India,2022/23,12,31,57,2,0,21,466,542,2,794,9,54.385964912280706,5.158671586715867
Kuldeep Yadav,India,2023,8,12,41,1,0,15,163,286,0,541,6,29.268292682926827,3.4195804195804196
Kuldeep Yadav,India,2023/24,13,22,52,1,0,17,479,614,0,685,10,42.30769230769231,4.680781758957655
Kuldeep Yadav,India,2024,3,15,69,0,0,4,101,181,0,177,0,21.73913043478261,3.348066298342541
Kushal Malla,Nepal,2019/20,2,78,75,6,5,2,59,114,0,254,1,104.0,3.1052631578947367
Kushal Malla,Nepal,2021,4,7,27,1,0,5,101,163,1,222,3,25.925925925925924,3.7177914110429446
Kushal Malla,Nepal,2022/23,11,309,318,36,13,9,298,371,1,970,10,97.16981132075472,4.819407008086253
Kushal Malla,Nepal,2023,9,228,202,17,18,0,79,85,2,504,3,112.87128712871286,5.576470588235295
Kushal Malla,Nepal,2023/24,7,82,133,3,6,5,177,281,0,389,4,61.65413533834586,3.779359430604982
Kushal Malla,Nepal,2024,1,12,43,0,0,0,10,18,0,12,0,27.906976744186046,3.3333333333333335
Kushal Malla,Nepal,2024/25,2,40,72,1,1,0,14,36,0,76,1,55.55555555555556,2.3333333333333335
L Balaji,India,2003/04,12,60,72,6,2,16,542,655,3,778,5,83.33333333333334,4.964885496183206
L Balaji,India,2004,4,20,36,1,0,8,139,196,2,323,0,55.55555555555556,4.255102040816327
L Balaji,India,2004/05,3,17,14,0,1,1,126,123,3,108,1,121.42857142857142,6.146341463414634
L Balaji,India,2008/09,1,7,10,1,0,0,31,31,0,21,0,70.0,6.0
L Gregory,England,2021,3,117,116,10,3,4,93,118,0,348,3,100.86206896551724,4.728813559322034
L Klusener,South Africa,2002/03,5,91,80,5,6,5,127,156,1,380,2,113.75,4.884615384615385
L Klusener,South Africa,2003/04,4,44,42,2,1,5,141,180,1,276,1,104.76190476190477,4.7
L Klusener,South Africa,2004,3,28,34,2,1,1,104,140,0,121,0,82.35294117647058,4.457142857142857
L Louwrens,Namibia,2021/22,1,14,19,1,0,0,0,0,3,46,1,73.68421052631578,0.0
L Louwrens,Namibia,2022,7,157,285,15,0,0,0,0,6,287,6,55.08771929824562,0.0
L Louwrens,Namibia,2022/23,14,331,509,42,1,0,0,0,5,587,6,65.0294695481336,0.0
L Louwrens,Namibia,2024,3,33,105,4,0,0,0,0,2,58,1,31.428571428571427,0.0
L Ngidi,South Africa,2017/18,4,10,9,2,0,8,196,206,1,300,1,111.11111111111111,5.708737864077669
L Ngidi,South Africa,2018,4,1,1,0,0,10,192,203,2,351,3,100.0,5.67487684729064
L Ngidi,South Africa,2018/19,10,29,45,2,1,16,326,441,0,649,9,64.44444444444444,4.4353741496598635
L Ngidi,South Africa,2019,4,7,11,0,1,7,207,202,1,266,0,63.63636363636363,6.148514851485149
L Ngidi,South Africa,2019/20,4,0,0,0,0,12,186,211,2,421,3,0.0,5.289099526066351
L Ngidi,South Africa,2021,3,0,0,0,0,1,162,164,0,83,1,0.0,5.926829268292683
L Ngidi,South Africa,2021/22,6,15,25,0,2,7,279,329,0,323,4,60.0,5.088145896656535
L Ngidi,South Africa,2022,2,0,8,0,0,1,87,85,0,48,1,0.0,6.141176470588236
L Ngidi,South Africa,2022/23,7,18,33,1,1,11,340,347,3,451,4,54.54545454545454,5.878962536023055
L Ngidi,South Africa,2023/24,10,11,56,0,0,13,374,461,3,540,7,19.642857142857142,4.86767895878525
L Ngidi,South Africa,2024/25,3,29,40,3,1,4,136,139,1,200,2,72.5,5.870503597122302
L Ronchi,Australia,2008,4,76,37,6,6,0,0,0,5,218,4,205.4054054054054,0.0
L Ronchi,New Zealand,2013,6,47,72,7,0,0,0,0,8,158,3,65.27777777777779,0.0
L Ronchi,New Zealand,2013/14,13,216,166,24,7,0,0,0,17,546,7,130.12048192771084,0.0
L Ronchi,New Zealand,2014/15,23,646,542,67,19,0,0,0,37,1552,16,119.18819188191883,0.0
L Ronchi,New Zealand,2015,11,65,63,4,4,0,0,0,7,204,5,103.17460317460319,0.0
L Ronchi,New Zealand,2015/16,9,109,128,7,2,0,0,0,13,267,7,85.15625,0.0
L Ronchi,New Zealand,2016/17,8,56,82,5,1,0,0,0,11,231,5,68.29268292682927,0.0
L Ronchi,New Zealand,2017,7,182,151,29,4,0,0,0,6,437,3,120.52980132450331,0.0
L Siaka,Papua New Guinea,2016/17,3,69,68,8,3,1,14,31,0,158,1,101.47058823529412,2.7096774193548385
L Siaka,Papua New Guinea,2017,2,34,45,3,0,0,11,13,0,54,1,75.55555555555556,5.0769230769230775
L Siaka,Papua New Guinea,2017/18,4,4,19,0,0,0,15,18,1,12,0,21.052631578947366,5.0
L Siaka,Papua New Guinea,2019,9,182,255,15,2,2,71,104,5,398,1,71.37254901960785,4.096153846153847
L Siaka,Papua New Guinea,2021,8,148,185,14,2,0,29,30,2,252,0,80.0,5.8
L Siaka,Papua New Guinea,2021/22,6,162,210,20,1,0,6,6,3,302,3,77.14285714285715,6.0
L Siaka,Papua New Guinea,2022,8,145,223,12,2,0,0,0,5,252,1,65.02242152466367,0.0
L Siaka,Papua New Guinea,2022/23,1,5,8,0,0,0,0,0,0,5,0,62.5,0.0
L Sipamla,South Africa,2019/20,3,10,15,0,0,2,117,151,1,124,2,66.66666666666666,4.6490066225165565
L Sipamla,South Africa,2021,1,4,5,0,0,0,48,38,0,14,0,80.0,7.578947368421053
L Sreekumar,United Arab Emirates,2015/16,1,13,18,2,0,0,0,0,1,29,0,72.22222222222221,0.0
L Sreekumar,United Arab Emirates,2016,2,44,51,8,1,0,0,0,0,86,0,86.27450980392157,0.0
L Tucker,Ireland,2019,5,94,105,10,0,0,0,0,7,217,3,89.52380952380953,0.0
L Tucker,Ireland,2019/20,3,48,95,3,0,0,0,0,6,110,0,50.526315789473685,0.0
L Tucker,Ireland,2020,3,21,32,2,0,0,0,0,5,66,1,65.625,0.0
L Tucker,Ireland,2020/21,2,46,94,2,1,0,0,0,5,106,1,48.93617021276596,0.0
L Tucker,Ireland,2021,8,61,86,2,1,0,0,0,12,199,3,70.93023255813954,0.0
L Tucker,Ireland,2021/22,1,9,14,1,0,0,0,0,1,21,0,64.28571428571429,0.0
L Tucker,Ireland,2022,3,59,79,2,3,0,0,0,3,117,0,74.68354430379746,0.0
L Tucker,Ireland,2022/23,5,57,73,5,0,0,0,0,3,115,1,78.08219178082192,0.0
L Tucker,Ireland,2023,10,179,178,24,2,0,0,0,17,474,3,100.56179775280899,0.0
L Tucker,Ireland,2023/24,3,57,71,4,1,0,0,0,4,127,2,80.28169014084507,0.0
L Tucker,Ireland,2024/25,1,26,29,3,0,0,0,0,3,70,1,89.65517241379311,0.0
L Vincent,New Zealand,2002/03,7,71,106,6,0,0,0,0,4,133,5,66.98113207547169,0.0
L Vincent,New Zealand,2003,3,50,148,3,1,0,0,0,0,58,3,33.78378378378378,0.0
L Vincent,New Zealand,2003/04,4,24,64,5,0,0,0,0,1,49,1,37.5,0.0
L Vincent,New Zealand,2005,2,33,38,4,0,0,0,0,2,66,2,86.8421052631579,0.0
L Vincent,New Zealand,2005/06,12,365,448,42,9,0,0,0,8,739,7,81.47321428571429,0.0
L Vincent,New Zealand,2006/07,14,508,722,49,6,0,22,12,4,914,9,70.3601108033241,11.0
L Vincent,New Zealand,2007/08,5,38,67,4,1,1,0,6,4,120,1,56.71641791044776,0.0
L Wood,England,2022/23,1,10,10,1,0,0,58,61,0,34,0,100.0,5.704918032786885
LA Dawson,England,2016,1,10,13,0,0,2,70,48,0,72,0,76.92307692307693,8.75
LA Dawson,England,2016/17,1,0,0,0,0,0,0,0,1,8,1,0.0,0.0
LA Dawson,England,2018/19,1,4,4,1,0,1,26,36,0,47,1,100.0,4.333333333333333
LA Dawson,England,2022/23,3,49,59,3,1,2,187,181,2,191,0,83.05084745762711,6.198895027624309
LB Williams,South Africa,2021,1,0,0,0,0,1,56,54,0,43,1,0.0,6.222222222222222
LB Williams,South Africa,2023/24,3,2,3,0,0,4,157,179,0,169,2,66.66666666666666,5.262569832402235
LB Williams,South Africa,2024/25,3,15,20,2,0,11,118,156,0,377,2,75.0,4.538461538461538
LC Romero,United States of America,2004,2,1,7,0,0,1,42,26,1,39,0,14.285714285714285,9.692307692307693
LD Chandimal,Sri Lanka,2010,4,143,168,9,5,0,0,0,4,299,3,85.11904761904762,0.0
LD Chandimal,Sri Lanka,2011,7,181,228,18,4,0,0,0,2,342,3,79.3859649122807,0.0
LD Chandimal,Sri Lanka,2011/12,23,735,1000,50,6,0,0,0,6,1158,8,73.5,0.0
LD Chandimal,Sri Lanka,2012,9,159,244,15,0,0,0,0,3,257,4,65.1639344262295,0.0
LD Chandimal,Sri Lanka,2012/13,7,125,191,12,1,0,0,0,5,241,2,65.44502617801047,0.0
LD Chandimal,Sri Lanka,2013,9,158,266,11,3,0,0,0,2,251,4,59.3984962406015,0.0
LD Chandimal,Sri Lanka,2013/14,12,324,411,15,5,0,0,0,4,477,8,78.83211678832117,0.0
LD Chandimal,Sri Lanka,2014,5,73,110,7,0,0,0,0,3,135,2,66.36363636363637,0.0
LD Chandimal,Sri Lanka,2014/15,8,170,186,17,2,0,0,0,3,327,3,91.39784946236558,0.0
LD Chandimal,Sri Lanka,2015,5,180,211,12,2,0,0,0,4,306,2,85.30805687203792,0.0
LD Chandimal,Sri Lanka,2015/16,7,129,205,6,1,0,0,0,5,211,3,62.926829268292686,0.0
LD Chandimal,Sri Lanka,2016,11,506,683,27,5,0,0,0,6,840,2,74.08491947291361,0.0
LD Chandimal,Sri Lanka,2016/17,6,166,256,14,0,0,0,0,4,280,1,64.84375,0.0
LD Chandimal,Sri Lanka,2017,4,48,98,5,0,0,0,0,2,83,1,48.97959183673469,0.0
LD Chandimal,Sri Lanka,2017/18,9,186,306,8,3,0,0,0,0,247,2,60.78431372549019,0.0
LD Chandimal,Sri Lanka,2018/19,6,166,211,11,2,0,0,0,1,264,1,78.67298578199052,0.0
LD Chandimal,Sri Lanka,2020/21,3,99,150,5,2,0,0,0,0,153,0,66.0,0.0
LD Chandimal,Sri Lanka,2021,1,9,12,1,0,0,0,0,2,29,1,75.0,0.0
LD Chandimal,Sri Lanka,2021/22,3,94,125,5,1,0,0,0,0,144,2,75.2,0.0
LD Chandimal,Sri Lanka,2022,1,6,11,1,0,0,0,0,0,10,0,54.54545454545454,0.0
LD Madushanka,Sri Lanka,2016/17,3,13,25,2,0,4,151,135,0,165,0,52.0,6.711111111111111
LD Madushanka,Sri Lanka,2017,1,1,1,0,0,0,17,13,0,5,0,100.0,7.846153846153847
LE Bosman,South Africa,2006/07,8,202,233,26,5,0,0,0,3,399,7,86.69527896995707,0.0
LE Bosman,Africa XI,2007,1,2,12,0,0,0,0,0,0,2,0,16.666666666666664,0.0
LE Bosman,South Africa,2007,1,0,3,0,0,0,0,0,0,9,1,0.0,0.0
LE Bosman,South Africa,2009/10,2,97,70,11,4,0,0,0,0,191,1,138.57142857142856,0.0
LE Plunkett,England,2005/06,8,73,105,7,1,11,315,385,3,554,3,69.52380952380952,4.909090909090909
LE Plunkett,England,2006,6,64,49,3,2,3,276,280,1,266,1,130.6122448979592,5.914285714285715
LE Plunkett,England,2006/07,9,89,90,7,1,16,386,482,2,737,6,98.88888888888889,4.804979253112034
LE Plunkett,England,2007,2,6,12,0,0,5,89,128,0,181,1,50.0,4.171875
LE Plunkett,England,2009/10,1,0,0,0,0,0,12,12,0,4,1,0.0,6.0
LE Plunkett,England,2010/11,1,20,32,0,1,2,43,66,0,100,0,62.5,3.909090909090909
LE Plunkett,England,2015,5,99,60,9,6,6,250,247,2,423,3,165.0,6.0728744939271255
LE Plunkett,England,2016,9,31,17,4,1,15,456,494,5,636,7,182.35294117647058,5.538461538461539
LE Plunkett,England,2016/17,6,38,27,5,1,13,291,334,1,543,5,140.74074074074073,5.227544910179641
LE Plunkett,England,2017,12,33,32,3,1,23,535,617,5,905,11,103.125,5.2025931928687195
LE Plunkett,England,2017/18,3,0,0,0,0,4,112,124,0,142,3,0.0,5.419354838709677
LE Plunkett,England,2018,7,14,25,1,0,12,260,298,2,448,6,56.00000000000001,5.23489932885906
LE Plunkett,England,2018/19,4,7,13,0,0,2,165,168,1,116,2,53.84615384615385,5.892857142857143
LE Plunkett,England,2019,11,62,41,7,1,19,432,531,1,771,9,151.21951219512195,4.88135593220339
LH Ferguson,New Zealand,2016/17,7,15,46,1,0,8,379,402,0,355,4,32.608695652173914,5.656716417910448
LH Ferguson,New Zealand,2017/18,9,25,45,0,1,13,295,417,3,529,8,55.55555555555556,4.244604316546763
LH Ferguson,New Zealand,2018/19,11,18,30,1,0,24,524,662,3,902,6,60.0,4.7492447129909365
LH Ferguson,New Zealand,2019,8,4,9,1,0,17,343,468,2,619,5,44.44444444444444,4.397435897435898
LH Ferguson,New Zealand,2019/20,1,1,7,0,0,2,60,54,0,69,0,14.285714285714285,6.666666666666667
LH Ferguson,New Zealand,2022,7,17,32,1,0,8,407,423,1,377,4,53.125,5.773049645390071
LH Ferguson,New Zealand,2022/23,9,17,36,1,0,8,410,451,1,400,3,47.22222222222222,5.454545454545454
LH Ferguson,New Zealand,2023,4,18,32,1,1,4,172,192,2,217,3,56.25,5.375
LH Ferguson,New Zealand,2023/24,6,7,9,0,1,7,275,289,0,300,3,77.77777777777779,5.709342560553633
LHD Dilhara,Sri Lanka,2005,1,9,12,0,0,2,28,44,0,75,1,75.0,3.8181818181818183
LHD Dilhara,Sri Lanka,2005/06,2,34,26,3,3,1,28,31,0,109,0,130.76923076923077,5.419354838709677
LHD Dilhara,Sri Lanka,2013,1,6,22,0,0,0,37,51,0,19,0,27.27272727272727,4.352941176470588
LJ Burger,Namibia,2002/03,6,11,65,1,0,6,287,336,5,319,0,16.923076923076923,5.125
LJ Hamilton,New Zealand,2004/05,1,2,4,0,0,0,62,52,0,21,0,50.0,7.153846153846154
LJ Woodcock,New Zealand,2010/11,3,14,22,1,0,1,96,111,0,86,2,63.63636363636363,5.1891891891891895
LJ Woodcock,New Zealand,2011/12,1,0,0,0,0,2,57,55,0,68,0,0.0,6.218181818181819
LJ Wright,England,2007,2,50,42,7,1,0,11,12,1,109,1,119.04761904761905,5.5
LJ Wright,England,2007/08,4,71,53,4,5,0,28,30,1,141,1,133.96226415094338,5.6
LJ Wright,England,2008,8,108,143,11,2,3,113,140,5,335,4,75.52447552447552,4.842857142857143
LJ Wright,England,2009,5,115,100,13,3,3,100,147,1,344,1,114.99999999999999,4.081632653061225
LJ Wright,England,2009/10,10,123,128,9,5,5,264,278,6,468,7,96.09375,5.697841726618705
LJ Wright,England,2010,11,133,208,8,2,4,235,307,4,427,7,63.942307692307686,4.592833876221499
LJ Wright,England,2010/11,6,101,129,10,0,0,89,118,3,218,1,78.29457364341084,4.525423728813559
LJ Wright,England,2013,2,5,21,1,0,0,21,18,0,6,1,23.809523809523807,7.0
LJ Wright,England,2013/14,2,1,14,0,0,0,0,0,1,6,1,7.142857142857142,0.0
LL Tsotsobe,South Africa,2008/09,1,0,0,0,0,4,49,55,1,134,1,0.0,5.345454545454546
LL Tsotsobe,South Africa,2009/10,3,0,0,0,0,5,120,149,1,198,3,0.0,4.832214765100671
LL Tsotsobe,South Africa,2010,4,4,2,1,0,6,162,185,1,240,4,200.0,5.254054054054055
LL Tsotsobe,South Africa,2010/11,12,6,8,1,0,24,371,616,1,904,9,75.0,3.6136363636363633
LL Tsotsobe,South Africa,2011/12,11,4,10,1,0,19,419,565,0,714,7,40.0,4.449557522123894
LL Tsotsobe,South Africa,2012,4,0,1,0,0,1,133,146,0,74,1,0.0,5.465753424657534
LL Tsotsobe,South Africa,2012/13,8,14,14,2,0,14,375,443,1,578,4,100.0,5.07900677200903
LL Tsotsobe,South Africa,2013,7,9,30,0,0,10,286,329,1,402,2,30.0,5.21580547112462
LL Tsotsobe,South Africa,2013/14,10,21,48,2,1,11,313,500,1,549,7,43.75,3.7560000000000002
LM Jongwe,Zimbabwe,2014,3,27,61,2,0,0,88,85,0,62,0,44.26229508196721,6.211764705882353
LM Jongwe,Zimbabwe,2015/16,9,94,123,8,2,9,372,455,4,575,3,76.42276422764228,4.905494505494506
LM Jongwe,Zimbabwe,2021,6,40,33,6,0,8,270,274,0,351,1,121.21212121212122,5.912408759124088
LM Jongwe,Zimbabwe,2022,8,76,107,8,2,5,219,247,0,319,2,71.02803738317756,5.319838056680163
LM Jongwe,Zimbabwe,2023,3,54,43,5,0,1,18,27,2,138,2,125.5813953488372,4.0
LM Jongwe,Zimbabwe,2023/24,2,24,31,2,1,1,34,38,0,75,0,77.41935483870968,5.368421052631579
LMP Simmons,West Indies,2006/07,8,126,230,15,0,0,7,8,4,232,3,54.78260869565217,5.25
LMP Simmons,West Indies,2008/09,5,122,203,11,2,0,0,0,1,197,2,60.09852216748769,0.0
LMP Simmons,West Indies,2009,1,0,4,0,0,0,0,0,0,-3,0,0.0,0.0
LMP Simmons,West Indies,2009/10,4,60,121,5,0,0,0,0,0,86,0,49.586776859504134,0.0
LMP Simmons,West Indies,2011,10,456,579,31,16,1,45,56,7,881,4,78.75647668393782,4.821428571428571
LMP Simmons,West Indies,2011/12,7,336,434,27,8,0,20,32,3,617,3,77.41935483870968,3.75
LMP Simmons,West Indies,2012,4,30,97,3,0,0,0,0,2,49,2,30.927835051546392,0.0
LMP Simmons,West Indies,2012/13,2,22,40,2,1,0,0,0,1,44,0,55.00000000000001,0.0
LMP Simmons,West Indies,2013,6,233,305,18,9,0,0,0,4,431,1,76.39344262295083,0.0
LMP Simmons,West Indies,2013/14,10,354,476,32,6,0,77,61,4,618,4,74.36974789915966,7.5737704918032795
LMP Simmons,West Indies,2014,3,46,76,4,0,0,0,0,1,83,3,60.526315789473685,0.0
LMP Simmons,West Indies,2014/15,6,173,176,14,8,0,12,6,2,344,2,98.29545454545455,12.0
LN Onyango,Kenya,2006/07,3,27,42,1,0,2,78,66,0,100,1,64.28571428571429,7.090909090909091
LN Onyango,Kenya,2007/08,4,34,40,5,0,5,82,126,0,243,4,85.0,3.9047619047619047
LN Onyango,Kenya,2013/14,1,0,0,0,0,1,48,62,0,49,1,0.0,4.64516129032258
LN Rajbanshi,Nepal,2018/19,3,5,21,0,0,0,32,43,1,29,2,23.809523809523807,4.465116279069767
LN Rajbanshi,Nepal,2022/23,12,31,79,2,0,18,323,558,3,774,7,39.24050632911392,3.4731182795698925
LN Rajbanshi,Nepal,2023,7,0,7,0,0,9,210,328,1,367,3,0.0,3.8414634146341466
LN Rajbanshi,Nepal,2023/24,6,1,24,0,0,9,212,313,1,361,3,4.166666666666666,4.063897763578275
LN Rajbanshi,Nepal,2024,3,0,25,0,0,3,94,146,0,127,0,0.0,3.8630136986301373
LN Roche,Zimbabwe,2018,3,4,10,0,0,2,149,142,0,100,0,40.0,6.295774647887324
LOB Cann,Bermuda,2006/07,7,162,140,14,9,1,78,79,0,341,0,115.71428571428572,5.924050632911393
LOB Cann,Bermuda,2007/08,3,52,34,9,1,0,0,0,0,106,0,152.94117647058823,0.0
LP van Troost,Netherlands,2002/03,5,73,107,6,2,0,22,18,0,115,1,68.22429906542055,7.333333333333333
LP van Troost,Netherlands,2006/07,4,39,57,3,1,1,54,25,2,110,1,68.42105263157895,12.959999999999999
LPC Silva,Sri Lanka,2006/07,12,461,584,41,5,0,0,0,7,805,7,78.93835616438356,0.0
LPC Silva,Sri Lanka,2007,2,101,130,13,1,0,0,0,1,183,2,77.6923076923077,0.0
LPC Silva,Sri Lanka,2007/08,13,327,538,27,1,0,0,0,5,506,3,60.78066914498142,0.0
LPC Silva,Sri Lanka,2008,9,127,161,7,1,1,20,25,2,230,6,78.88198757763976,4.8
LPC Silva,Sri Lanka,2009/10,1,4,7,0,0,0,0,0,0,4,1,57.14285714285714,0.0
LPC Silva,Sri Lanka,2010,4,72,86,7,1,0,0,0,1,124,2,83.72093023255815,0.0
LPC Silva,Sri Lanka,2010/11,8,114,196,11,0,0,11,19,2,200,6,58.16326530612245,3.473684210526316
LPC Silva,Sri Lanka,2011,3,72,96,9,1,0,0,0,0,123,2,75.0,0.0
LPC Silva,Sri Lanka,2011/12,1,1,7,0,0,0,0,0,0,1,0,14.285714285714285,0.0
LR Johnson,West Indies,2014/15,3,19,65,2,1,0,0,0,2,44,1,29.230769230769234,0.0
LR Morris,Australia,2023/24,2,0,0,0,0,2,69,90,0,91,2,0.0,4.6
LR Morris,Australia,2024/25,1,0,2,0,0,2,24,36,0,61,0,0.0,4.0
LR Naylor,Scotland,2022/23,1,20,21,4,0,0,0,0,0,36,1,95.23809523809523,0.0
LRPL Taylor,New Zealand,2005/06,2,46,41,9,0,0,0,0,0,88,1,112.19512195121952,0.0
LRPL Taylor,New Zealand,2006/07,21,645,828,66,10,0,14,13,13,1243,10,77.89855072463769,6.461538461538462
LRPL Taylor,New Zealand,2007/08,13,290,348,21,9,0,2,6,7,530,6,83.33333333333334,2.0
LRPL Taylor,New Zealand,2008,5,63,118,7,0,0,8,14,4,145,3,53.38983050847458,3.4285714285714284
LRPL Taylor,New Zealand,2008/09,11,317,383,30,7,0,0,0,5,585,4,82.76762402088774,0.0
LRPL Taylor,New Zealand,2009,2,13,19,2,0,0,0,0,2,37,0,68.42105263157895,0.0
LRPL Taylor,New Zealand,2009/10,15,474,621,32,15,0,0,0,16,906,10,76.32850241545893,0.0
LRPL Taylor,New Zealand,2010,3,119,166,12,1,0,0,0,8,267,1,71.6867469879518,0.0
LRPL Taylor,New Zealand,2010/11,21,679,874,39,25,0,3,12,16,1263,6,77.68878718535468,1.5
LRPL Taylor,New Zealand,2011/12,2,130,143,10,3,0,0,0,0,228,1,90.9090909090909,0.0
LRPL Taylor,New Zealand,2012,2,138,153,9,5,0,0,0,2,264,0,90.19607843137256,0.0
LRPL Taylor,New Zealand,2012/13,7,235,306,22,3,0,0,0,3,423,1,76.79738562091504,0.0
LRPL Taylor,New Zealand,2013,6,197,251,14,5,0,0,0,3,338,3,78.48605577689243,0.0
LRPL Taylor,New Zealand,2013/14,12,573,668,54,5,0,0,0,5,1017,6,85.77844311377245,0.0
LRPL Taylor,New Zealand,2014/15,21,782,1035,62,9,0,0,0,10,1350,15,75.55555555555556,0.0
LRPL Taylor,New Zealand,2015,7,487,531,38,8,0,0,0,3,855,3,91.71374764595103,0.0
LRPL Taylor,New Zealand,2015/16,5,86,96,7,1,0,0,0,4,167,3,89.58333333333334,0.0
LRPL Taylor,New Zealand,2016/17,12,437,593,40,2,0,0,0,5,750,6,73.69308600337267,0.0
LRPL Taylor,New Zealand,2017,7,342,428,33,0,0,0,0,4,568,3,79.90654205607477,0.0
LRPL Taylor,New Zealand,2017/18,14,781,886,66,6,0,0,0,11,1375,11,88.14898419864559,0.0
LRPL Taylor,New Zealand,2018/19,13,759,876,59,11,0,0,0,7,1319,8,86.64383561643835,0.0
LRPL Taylor,New Zealand,2019,8,302,426,23,1,0,0,0,0,454,4,70.89201877934272,0.0
LRPL Taylor,New Zealand,2019/20,4,198,191,17,6,0,0,0,2,374,3,103.66492146596859,0.0
LRPL Taylor,New Zealand,2020/21,1,7,14,1,0,0,0,0,0,11,1,50.0,0.0
LRPL Taylor,New Zealand,2021/22,3,26,45,1,1,0,0,0,3,60,3,57.77777777777777,0.0
LS Baker,West Indies,2008/09,5,11,14,2,0,6,155,219,0,266,2,78.57142857142857,4.2465753424657535
LS Baker,West Indies,2009,1,0,3,0,0,1,60,56,0,40,0,0.0,6.428571428571428
LS Livingstone,England,2020/21,3,63,52,5,3,1,20,18,1,154,1,121.15384615384615,6.666666666666667
LS Livingstone,England,2021,1,9,13,0,1,0,0,0,1,23,1,69.23076923076923,0.0
LS Livingstone,England,2022,9,178,147,12,13,5,123,134,5,550,5,121.08843537414967,5.507462686567164
LS Livingstone,England,2023,4,186,175,12,5,3,92,123,0,431,3,106.28571428571429,4.487804878048781
LS Livingstone,England,2023/24,9,112,155,7,4,6,243,239,3,424,2,72.25806451612902,6.100418410041841
LS Livingstone,England,2024,5,108,71,6,10,2,121,85,3,312,2,152.11267605633802,8.541176470588235
LS Livingstone,England,2024/25,3,178,153,9,11,2,121,110,1,418,1,116.33986928104576,6.6000000000000005
LV van Beek,Netherlands,2021,5,89,131,9,1,7,151,265,3,449,3,67.93893129770993,3.418867924528302
LV van Beek,Netherlands,2021/22,3,53,68,3,4,7,138,160,1,344,0,77.94117647058823,5.175
LV van Beek,Netherlands,2022,9,120,150,5,2,8,436,476,4,571,0,80.0,5.495798319327731
LV van Beek,Netherlands,2023,8,105,85,8,5,14,353,452,4,758,4,123.52941176470588,4.685840707964602
LV van Beek,Netherlands,2023/24,7,138,176,9,3,11,419,406,1,629,2,78.4090909090909,6.192118226600985
Liton Das,Bangladesh,2015,6,100,126,11,1,0,0,0,7,215,4,79.36507936507937,0.0
Liton Das,Bangladesh,2015/16,3,24,45,1,1,0,0,0,1,45,3,53.333333333333336,0.0
Liton Das,Bangladesh,2017/18,3,41,48,6,1,0,0,0,1,79,0,85.41666666666666,0.0
Liton Das,Bangladesh,2018,4,134,154,13,2,0,0,0,1,281,2,87.01298701298701,0.0
Liton Das,Bangladesh,2018/19,9,162,217,23,1,0,0,0,4,319,5,74.65437788018433,0.0
Liton Das,Bangladesh,2019,5,244,223,23,6,0,0,0,5,474,2,109.4170403587444,0.0
Liton Das,Bangladesh,2019/20,3,311,265,31,10,0,0,0,3,669,3,117.35849056603773,0.0
Liton Das,Bangladesh,2020/21,6,76,130,10,0,0,0,0,7,172,3,58.46153846153847,0.0
Liton Das,Bangladesh,2021,5,180,232,17,0,0,0,0,3,317,5,77.58620689655173,0.0
Liton Das,Bangladesh,2021/22,3,113,146,16,1,0,0,0,1,207,2,77.3972602739726,0.0
Liton Das,Bangladesh,2022,4,164,191,21,2,0,0,0,0,302,3,85.86387434554975,0.0
Liton Das,Bangladesh,2022/23,9,230,277,23,7,0,0,0,7,456,5,83.03249097472924,0.0
Liton Das,Bangladesh,2023,7,93,119,10,2,0,0,0,6,215,3,78.15126050420169,0.0
Liton Das,Bangladesh,2023/24,13,300,382,32,6,0,0,0,7,557,3,78.53403141361257,0.0
Liton Das,Bangladesh,2024/25,3,6,28,0,0,0,0,0,0,9,0,21.428571428571427,0.0
Lovepreet Singh,United Arab Emirates,2023,2,9,26,1,0,0,0,0,2,25,0,34.61538461538461,0.0
M Bhanuka,Sri Lanka,2019/20,1,36,40,0,2,0,0,0,0,52,0,90.0,0.0
M Bhanuka,Sri Lanka,2021,5,104,159,13,0,0,0,0,5,230,2,65.40880503144653,0.0
M Commins,Ireland,2022/23,2,6,13,0,0,0,0,0,1,14,1,46.15384615384615,0.0
M Dillon,West Indies,2002/03,5,22,19,1,1,4,153,243,1,233,2,115.78947368421053,3.7777777777777777
M Dillon,West Indies,2003,4,10,8,1,0,6,179,230,2,268,2,125.0,4.6695652173913045
M Dillon,West Indies,2003/04,7,6,15,0,0,5,236,327,0,269,4,40.0,4.330275229357798
M Dillon,West Indies,2004,1,0,0,0,0,5,29,60,1,185,1,0.0,2.9
M Dillon,West Indies,2004/05,3,6,10,1,0,3,92,120,0,132,0,60.0,4.6
M Faraz Akram,Zimbabwe,2023/24,2,1,6,0,0,2,100,121,1,101,0,16.666666666666664,4.958677685950413
M Faraz Akram,Zimbabwe,2024/25,1,5,6,1,0,1,56,51,0,51,0,83.33333333333334,6.588235294117647
M Jansen,South Africa,2021/22,2,2,4,0,0,2,102,118,0,95,1,50.0,5.186440677966101
M Jansen,South Africa,2022/23,7,129,124,12,4,8,328,376,2,588,4,104.03225806451613,5.23404255319149
M Jansen,South Africa,2023/24,14,291,259,20,16,25,618,660,3,1412,9,112.35521235521236,5.618181818181818
M Jansen,South Africa,2024/25,3,39,55,2,2,6,167,178,1,282,0,70.9090909090909,5.629213483146067
M Kaif,India,2002/03,15,224,416,20,1,0,0,0,9,409,9,53.84615384615385,0.0
M Kaif,India,2003,1,5,8,1,0,0,0,0,0,9,0,62.5,0.0
M Kaif,India,2003/04,8,185,248,15,0,0,0,0,6,323,4,74.59677419354838,0.0
M Kaif,India,2004,8,195,288,20,0,0,0,0,2,327,3,67.70833333333334,0.0
M Kaif,India,2004/05,6,196,242,19,0,0,0,0,3,349,3,80.99173553719008,0.0
M Kaif,India,2005,4,190,303,21,0,0,0,0,0,306,3,62.70627062706271,0.0
M Kaif,India,2005/06,14,100,195,8,0,0,0,0,8,192,11,51.28205128205128,0.0
M Kaif,India,2006,4,139,218,8,0,0,0,0,1,201,0,63.76146788990825,0.0
M Kaif,India,2006/07,6,80,144,8,0,0,0,0,1,128,0,55.55555555555556,0.0
M Karg,Namibia,2002/03,3,45,66,4,1,0,0,0,1,79,0,68.18181818181817,0.0
M Kartik,India,2003/04,7,56,69,5,0,5,281,360,0,340,3,81.15942028985508,4.683333333333334
M Kartik,India,2004/05,1,0,0,0,0,2,50,64,1,79,0,0.0,4.6875
M Kartik,India,2005,1,0,0,0,0,1,52,54,1,55,1,0.0,5.777777777777778
M Kartik,India,2005/06,7,9,19,0,0,6,305,367,2,304,5,47.368421052631575,4.986376021798366
M Kartik,India,2007/08,7,37,49,4,1,9,291,382,0,458,4,75.51020408163265,4.570680628272251
M Labuschagne,Australia,2019/20,6,305,327,21,0,0,36,24,1,476,1,93.27217125382263,9.0
M Labuschagne,Australia,2020,3,89,121,5,0,0,0,0,2,129,2,73.55371900826447,0.0
M Labuschagne,Australia,2020/21,3,79,76,6,0,0,0,0,1,125,2,103.94736842105263,0.0
M Labuschagne,Australia,2021/22,3,88,98,7,0,0,31,35,4,179,1,89.79591836734694,5.314285714285715
M Labuschagne,Australia,2022,9,173,280,6,0,2,129,127,2,336,6,61.78571428571429,6.094488188976378
M Labuschagne,Australia,2022/23,6,113,133,7,2,0,0,0,3,195,5,84.9624060150376,0.0
M Labuschagne,Australia,2023/24,21,795,967,82,5,0,32,19,15,1465,14,82.21302998965874,10.105263157894738
M Labuschagne,Australia,2024,5,100,104,8,2,3,48,43,6,306,3,96.15384615384616,6.697674418604651
M Labuschagne,Australia,2024/25,2,22,24,2,0,1,5,6,0,57,1,91.66666666666666,5.0
M Levitt,Netherlands,2023/24,4,96,123,11,6,0,31,36,0,204,2,78.04878048780488,5.166666666666667
M Levitt,Netherlands,2024,4,88,114,13,1,1,49,84,3,236,4,77.19298245614034,3.5
M Levitt,Netherlands,2024/25,1,12,10,1,1,0,0,0,0,22,0,120.0,0.0
M Morkel,Africa XI,2007,3,29,33,5,0,8,149,189,2,346,0,87.87878787878788,4.73015873015873
M Morkel,South Africa,2007,3,23,12,0,2,4,104,192,0,224,3,191.66666666666669,3.25
M Morkel,South Africa,2007/08,4,0,1,0,0,8,166,223,0,293,4,0.0,4.466367713004485
M Morkel,South Africa,2008,2,6,10,0,0,1,75,91,0,67,0,60.0,4.945054945054945
M Morkel,South Africa,2008/09,7,23,26,3,0,9,304,419,3,448,5,88.46153846153845,4.3532219570405735
M Morkel,South Africa,2009/10,3,7,15,1,0,3,102,138,0,144,2,46.666666666666664,4.434782608695652
M Morkel,South Africa,2010,4,14,13,2,0,11,167,201,0,387,4,107.6923076923077,4.985074626865671
M Morkel,South Africa,2010/11,16,13,43,1,0,29,533,756,9,1121,10,30.23255813953488,4.23015873015873
M Morkel,South Africa,2011/12,10,2,3,0,0,20,396,523,1,744,6,66.66666666666666,4.54302103250478
M Morkel,South Africa,2012,4,7,11,1,0,5,125,165,1,207,2,63.63636363636363,4.545454545454546
M Morkel,South Africa,2012/13,2,19,14,0,2,5,97,122,0,212,1,135.71428571428572,4.770491803278689
M Morkel,South Africa,2013,6,8,19,1,0,7,241,352,0,341,1,42.10526315789473,4.107954545454546
M Morkel,South Africa,2013/14,7,26,32,2,1,13,235,382,2,549,5,81.25,3.6910994764397906
M Morkel,South Africa,2014,7,0,6,0,0,11,337,388,3,430,5,0.0,5.211340206185566
M Morkel,South Africa,2014/15,18,32,46,4,0,34,732,967,4,1343,11,69.56521739130434,4.541882109617373
M Morkel,South Africa,2015,1,1,3,0,0,0,35,31,0,11,0,33.33333333333333,6.774193548387096
M Morkel,South Africa,2015/16,6,4,2,1,0,11,285,361,3,446,3,200.0,4.736842105263158
M Morkel,South Africa,2016,1,32,48,3,0,1,61,61,0,93,0,66.66666666666666,6.0
M Morkel,South Africa,2017,4,0,1,0,0,5,98,148,0,184,2,0.0,3.972972972972973
M Morkel,South Africa,2017/18,5,22,26,0,2,2,195,239,1,184,1,84.61538461538461,4.895397489539748
M Muralitharan,Sri Lanka,2002/03,15,41,55,5,0,21,462,818,3,986,7,74.54545454545455,3.3887530562347186
M Muralitharan,Sri Lanka,2003,4,12,32,0,0,8,108,226,0,336,1,37.5,2.8672566371681416
M Muralitharan,Sri Lanka,2003/04,4,4,6,0,0,5,134,244,0,226,2,66.66666666666666,3.295081967213115
M Muralitharan,Sri Lanka,2004,4,4,5,0,0,1,131,224,1,133,4,80.0,3.508928571428571
M Muralitharan,Asia XI,2005,2,0,0,0,0,2,33,79,1,96,0,0.0,2.5063291139240507
M Muralitharan,Sri Lanka,2005,3,1,8,0,0,3,96,183,1,173,2,12.5,3.1475409836065573
M Muralitharan,ICC World XI,2005/06,2,0,0,0,0,3,81,120,0,123,0,0.0,4.05
M Muralitharan,Sri Lanka,2005/06,20,69,93,7,2,23,834,1179,5,1166,5,74.19354838709677,4.244274809160306
M Muralitharan,Sri Lanka,2006,2,1,6,0,0,2,97,119,2,115,2,16.666666666666664,4.890756302521009
M Muralitharan,Sri Lanka,2006/07,19,35,21,5,1,34,572,999,3,1384,14,166.66666666666669,3.4354354354354353
M Muralitharan,Sri Lanka,2007/08,7,25,44,1,1,7,313,414,0,353,1,56.81818181818182,4.536231884057971
M Muralitharan,Sri Lanka,2008,9,26,44,2,0,14,347,521,2,623,5,59.09090909090909,3.99616122840691
M Muralitharan,Sri Lanka,2008/09,13,35,35,3,0,21,393,603,2,865,7,100.0,3.91044776119403
M Muralitharan,Sri Lanka,2009,3,32,15,4,1,6,136,187,0,274,3,213.33333333333334,4.363636363636363
M Muralitharan,Sri Lanka,2009/10,2,18,10,2,1,1,103,111,0,94,1,180.0,5.5675675675675675
M Muralitharan,Sri Lanka,2010,3,3,6,0,0,3,142,169,0,144,2,50.0,5.041420118343195
M Muralitharan,Sri Lanka,2010/11,12,11,6,1,1,18,424,656,1,740,9,183.33333333333331,3.878048780487805
M Ntini,South Africa,2002/03,6,14,8,1,1,10,163,326,0,438,3,175.0,3.0
M Ntini,South Africa,2003,6,0,4,0,0,13,210,320,1,477,3,0.0,3.9375
M Ntini,South Africa,2003/04,9,16,28,1,1,18,326,412,1,660,4,57.14285714285714,4.747572815533981
M Ntini,South Africa,2004,3,7,7,0,0,3,99,116,0,126,0,100.0,5.120689655172414
M Ntini,South Africa,2004/05,8,10,13,0,1,14,307,413,1,527,5,76.92307692307693,4.460048426150121
M Ntini,South Africa,2005,1,0,0,0,0,1,33,60,0,57,1,0.0,3.3
M Ntini,ICC World XI,2005/06,1,0,0,0,0,1,57,43,0,37,0,0.0,7.953488372093023
M Ntini,South Africa,2005/06,10,2,11,0,0,21,473,577,1,803,7,18.181818181818183,4.918544194107452
M Ntini,South Africa,2006/07,22,26,49,4,0,31,800,1156,2,1351,15,53.06122448979592,4.152249134948097
M Ntini,South Africa,2007,7,1,2,0,0,5,212,337,1,299,5,50.0,3.7744807121661723
M Ntini,South Africa,2007/08,7,12,11,1,0,14,352,368,1,510,5,109.09090909090908,5.739130434782608
M Ntini,South Africa,2008,3,2,7,0,0,1,124,144,0,78,0,28.57142857142857,5.166666666666667
M Ntini,South Africa,2008/09,5,11,13,0,1,9,247,263,0,347,2,84.61538461538461,5.634980988593155
M Pathirana,Sri Lanka,2023,8,4,14,1,0,13,260,314,0,455,6,28.57142857142857,4.968152866242038
M Pathirana,Sri Lanka,2023/24,2,6,19,1,0,2,154,128,0,100,0,31.57894736842105,7.21875
M Prasidh Krishna,India,2020/21,3,0,3,0,0,6,165,156,0,206,2,0.0,6.346153846153846
M Prasidh Krishna,India,2021/22,4,2,6,0,0,12,122,227,0,415,3,33.33333333333333,3.224669603524229
M Prasidh Krishna,India,2022,7,0,4,0,0,7,288,310,1,297,6,0.0,5.574193548387097
M Prasidh Krishna,India,2023,1,0,2,0,0,1,41,56,0,42,0,0.0,4.392857142857142
M Prasidh Krishna,India,2023/24,2,0,3,0,0,3,97,70,1,94,1,0.0,8.314285714285715
M Pushpakumara,Sri Lanka,2009/10,3,7,21,0,0,0,20,31,1,23,1,33.33333333333333,3.8709677419354835
M Shezi,South Africa,2014,1,0,0,0,0,1,7,37,0,51,1,0.0,1.135135135135135
M Shiraz,Sri Lanka,2024,1,1,1,0,0,0,25,24,0,9,0,100.0,6.25
M Shiraz,Sri Lanka,2024/25,1,0,0,0,0,1,23,30,0,39,0,0.0,4.6
M Shumba,Zimbabwe,2021,1,0,0,0,0,0,0,0,1,8,0,0.0,0.0
M Shumba,Zimbabwe,2021/22,1,9,22,1,0,0,0,0,0,11,0,40.909090909090914,0.0
M Shumba,Zimbabwe,2022,1,1,2,0,0,0,27,29,0,10,1,50.0,5.586206896551724
M Shumba,Zimbabwe,2023/24,4,30,59,2,0,0,0,0,1,47,0,50.847457627118644,0.0
M Spoors,Canada,2023,4,80,146,9,2,0,0,0,0,132,2,54.794520547945204,0.0
M Theekshana,Sri Lanka,2021,1,10,28,0,0,4,34,63,0,135,1,35.714285714285715,3.238095238095238
M Theekshana,Sri Lanka,2021/22,3,5,6,0,0,2,99,156,1,127,2,83.33333333333334,3.8076923076923075
M Theekshana,Sri Lanka,2022,5,13,29,1,0,4,187,285,2,243,3,44.827586206896555,3.9368421052631577
M Theekshana,Sri Lanka,2023,12,61,124,2,0,28,410,608,1,1042,11,49.193548387096776,4.046052631578948
M Theekshana,Sri Lanka,2023/24,12,115,253,9,0,9,436,584,3,631,4,45.45454545454545,4.479452054794521
M Theekshana,Sri Lanka,2024,1,3,4,0,0,1,45,48,0,44,1,75.0,5.625
M Theekshana,Sri Lanka,2024/25,7,44,75,5,1,13,208,302,2,541,4,58.666666666666664,4.132450331125828
M Vijay,India,2009/10,1,25,16,5,0,0,0,0,1,57,0,156.25,0.0
M Vijay,India,2010,3,46,103,2,0,0,0,0,2,64,1,44.66019417475729,0.0
M Vijay,India,2010/11,7,125,206,16,1,0,0,0,3,235,6,60.679611650485434,0.0
M Vijay,India,2013,3,57,65,7,0,0,0,0,2,109,2,87.6923076923077,0.0
M Vijay,India,2015,3,86,126,3,2,1,35,38,1,167,3,68.25396825396825,5.526315789473684
M Zondeki,South Africa,2002/03,3,1,1,0,0,2,69,127,2,127,2,100.0,3.2598425196850394
M Zondeki,South Africa,2004/05,1,0,0,0,0,2,43,63,0,77,1,0.0,4.095238095238095
M Zondeki,Africa XI,2005,1,0,2,0,0,0,0,0,0,-3,0,0.0,0.0
M Zondeki,South Africa,2005/06,3,0,0,0,0,2,150,143,0,105,1,0.0,6.293706293706294
M Zondeki,South Africa,2008/09,1,0,0,0,0,1,47,51,0,42,1,0.0,5.529411764705882
M de Lange,South Africa,2011/12,1,0,0,0,0,4,44,55,0,126,1,0.0,4.800000000000001
M de Lange,South Africa,2014,1,0,0,0,0,3,26,52,0,100,1,0.0,3.0
M de Lange,South Africa,2014/15,1,0,0,0,0,1,31,51,0,44,1,0.0,3.6470588235294117
M de Lange,South Africa,2015/16,1,0,0,0,0,2,81,62,0,68,0,0.0,7.838709677419354
M van Jaarsveld,South Africa,2003,5,29,56,2,0,1,10,32,2,100,3,51.78571428571429,1.875
M van Jaarsveld,South Africa,2004,1,0,1,0,0,0,0,0,0,-3,0,0.0,0.0
M van Lingen,Namibia,2021/22,5,102,135,6,2,1,15,22,1,199,2,75.55555555555556,4.090909090909091
M van Lingen,Namibia,2022,3,127,128,14,3,0,0,0,0,246,3,99.21875,0.0
M van Lingen,Namibia,2022/23,13,477,541,53,9,1,29,36,3,928,6,88.17005545286506,4.833333333333333
M van Lingen,Namibia,2023,4,149,147,15,5,0,9,6,3,308,2,101.36054421768708,9.0
M van Lingen,Namibia,2023/24,4,68,92,10,2,0,10,12,1,134,3,73.91304347826086,5.0
M van Lingen,Namibia,2024,8,377,399,52,8,0,0,0,6,779,2,94.48621553884712,0.0
M van Schoor,Namibia,2002/03,5,58,111,3,1,0,0,0,4,114,0,52.25225225225225,0.0
MA Agarwal,India,2019/20,3,36,42,6,0,0,0,0,1,74,0,85.71428571428571,0.0
MA Agarwal,India,2020/21,2,50,49,6,1,0,10,6,1,98,0,102.04081632653062,10.0
MA Aponso,Sri Lanka,2016,5,6,12,0,0,7,175,265,0,293,1,50.0,3.9622641509433962
MA Aponso,Sri Lanka,2017,1,0,0,0,0,0,74,55,0,14,0,0.0,8.072727272727274
MA Aponso,Sri Lanka,2018,1,4,31,0,0,1,55,54,0,41,0,12.903225806451612,6.111111111111111
MA Aponso,Sri Lanka,2018/19,2,0,2,0,0,2,64,57,0,66,0,0.0,6.7368421052631575
MA Carberry,England,2013,5,108,173,14,0,0,12,6,2,198,2,62.42774566473989,12.0
MA Carberry,England,2014,1,6,8,0,0,0,0,0,0,6,0,75.0,0.0
MA Jones,Scotland,2017/18,5,194,273,16,1,0,0,0,2,316,1,71.06227106227107,0.0
MA Jones,Scotland,2019/20,3,87,132,10,1,0,0,0,1,153,1,65.9090909090909,0.0
MA Jones,Scotland,2022,4,73,135,7,1,0,0,0,1,115,2,54.074074074074076,0.0
MA Jones,Scotland,2024/25,2,31,42,3,0,0,0,0,0,43,1,73.80952380952381,0.0
MA Leask,Scotland,2013/14,2,17,17,0,1,0,0,0,0,23,2,100.0,0.0
MA Leask,Scotland,2014,4,102,81,9,7,1,63,62,0,241,1,125.92592592592592,6.096774193548387
MA Leask,Scotland,2014/15,3,41,36,4,1,1,107,92,2,130,0,113.88888888888889,6.978260869565217
MA Leask,Scotland,2016,3,22,31,1,1,1,109,103,3,119,3,70.96774193548387,6.349514563106796
MA Leask,Scotland,2016/17,1,11,14,2,0,0,13,30,0,33,0,78.57142857142857,2.6
MA Leask,Scotland,2017,2,70,71,6,2,0,74,73,0,150,1,98.59154929577466,6.082191780821918
MA Leask,Scotland,2017/18,6,124,104,12,2,6,228,290,2,474,1,119.23076923076923,4.7172413793103445
MA Leask,Scotland,2019,4,39,38,3,1,5,136,183,3,275,3,102.63157894736842,4.459016393442623
MA Leask,Scotland,2021,3,51,35,3,3,5,56,118,0,283,3,145.7142857142857,2.847457627118644
MA Leask,Scotland,2022,15,338,296,30,13,16,410,540,3,1223,10,114.1891891891892,4.555555555555555
MA Leask,Scotland,2022/23,8,190,182,9,13,11,198,267,2,758,5,104.39560439560441,4.449438202247191
MA Leask,Scotland,2023,7,197,163,16,9,5,147,188,3,570,5,120.85889570552146,4.691489361702128
MA Leask,Scotland,2023/24,3,42,51,3,0,0,40,66,0,96,1,82.35294117647058,3.6363636363636362
MA Leask,Scotland,2024,4,15,25,1,0,6,77,118,3,244,3,60.0,3.9152542372881354
MA Leask,Scotland,2024/25,3,47,29,2,4,0,45,54,1,109,2,162.06896551724137,5.0
MA Ouma,Kenya,2004,2,72,158,7,0,0,0,0,0,100,0,45.56962025316456,0.0
MA Ouma,Kenya,2006,3,40,82,4,0,0,0,0,0,53,0,48.78048780487805,0.0
MA Ouma,Kenya,2006/07,4,25,95,1,0,0,0,0,1,31,1,26.31578947368421,0.0
MA Ouma,Kenya,2007/08,5,142,155,21,1,0,0,0,7,312,5,91.61290322580645,0.0
MA Ouma,Kenya,2008,1,21,45,2,1,0,0,0,0,33,0,46.666666666666664,0.0
MA Ouma,Kenya,2008/09,2,51,89,3,0,0,0,0,0,63,0,57.30337078651685,0.0
MA Ouma,Kenya,2009,1,43,81,7,0,0,0,0,0,75,0,53.086419753086425,0.0
MA Ouma,Kenya,2010/11,5,22,68,1,0,0,0,0,2,61,0,32.35294117647059,0.0
MA Ouma,Kenya,2012/13,1,47,68,3,0,0,0,0,0,63,1,69.11764705882352,0.0
MA Ouma,Kenya,2013/14,2,5,14,0,0,0,0,0,0,5,1,35.714285714285715,0.0
MA Starc,Australia,2010/11,3,0,0,0,0,4,68,117,0,163,1,0.0,3.4871794871794872
MA Starc,Australia,2011/12,5,31,44,3,0,5,192,223,1,254,3,70.45454545454545,5.1659192825112115
MA Starc,Australia,2012,3,11,4,2,0,9,126,177,1,340,2,275.0,4.271186440677966
MA Starc,Australia,2012/13,7,74,65,9,0,14,186,286,2,652,5,113.84615384615384,3.902097902097902
MA Starc,Australia,2013,1,5,8,0,0,1,73,62,0,48,0,62.5,7.064516129032258
MA Starc,Australia,2014,5,33,53,0,2,6,189,227,1,311,2,62.264150943396224,4.995594713656387
MA Starc,Australia,2014/15,16,7,16,0,0,38,527,850,6,1429,14,43.75,3.72
MA Starc,Australia,2015,5,1,4,0,0,7,233,260,1,278,4,25.0,5.3769230769230765
MA Starc,Australia,2016,10,34,43,2,2,20,352,553,1,781,8,79.06976744186046,3.819168173598553
MA Starc,Australia,2016/17,9,62,50,4,3,19,390,505,5,833,6,124.0,4.633663366336633
MA Starc,Australia,2017,3,0,3,0,0,5,130,168,0,193,0,0.0,4.642857142857143
MA Starc,Australia,2017/18,4,3,8,0,0,7,247,242,1,266,0,37.5,6.12396694214876
MA Starc,Australia,2018/19,3,18,20,3,0,4,147,176,0,194,1,90.0,5.011363636363637
MA Starc,Australia,2019,9,68,78,3,2,26,444,530,3,1007,6,87.17948717948718,5.026415094339623
MA Starc,Australia,2019/20,6,23,36,1,0,6,333,344,5,328,2,63.888888888888886,5.808139534883721
MA Starc,Australia,2020,3,30,16,2,2,5,153,186,1,261,2,187.5,4.935483870967742
MA Starc,Australia,2020/21,2,0,0,0,0,1,135,116,4,95,2,0.0,6.982758620689656
MA Starc,Australia,2021,3,27,53,3,0,11,108,171,0,400,2,50.943396226415096,3.789473684210526
MA Starc,Australia,2022,6,41,56,2,1,11,187,314,4,505,5,73.21428571428571,3.573248407643312
MA Starc,Australia,2022/23,5,14,22,1,1,13,239,295,1,479,4,63.63636363636363,4.861016949152543
MA Starc,Australia,2023/24,10,85,153,7,1,16,464,548,5,770,8,55.55555555555556,5.08029197080292
MA Starc,Australia,2024,4,3,10,0,0,5,222,196,1,199,2,30.0,6.795918367346939
MA Starc,Australia,2024/25,2,3,16,0,0,3,55,86,1,134,1,18.75,3.837209302325581
MA Suji,Kenya,2002/03,9,30,43,1,1,7,263,411,1,422,4,69.76744186046511,3.8394160583941606
MA Suji,Kenya,2004,2,6,8,0,0,2,76,111,0,102,0,75.0,4.108108108108108
MA Vermeulen,Zimbabwe,2002/03,3,66,138,11,0,0,0,0,0,113,2,47.82608695652174,0.0
MA Vermeulen,Zimbabwe,2003/04,8,196,283,26,0,0,0,0,2,338,2,69.25795053003534,0.0
MA Vermeulen,Zimbabwe,2004,5,79,88,9,1,0,0,0,3,148,0,89.77272727272727,0.0
MA Vermeulen,Zimbabwe,2004/05,6,34,79,4,0,0,0,0,1,45,0,43.037974683544306,0.0
MA Vermeulen,Zimbabwe,2009,4,124,165,12,0,0,0,0,3,224,1,75.15151515151514,0.0
MA Vermeulen,Zimbabwe,2009/10,3,18,43,1,0,0,0,0,4,58,0,41.86046511627907,0.0
MA Wood,England,2015,7,26,29,3,0,5,334,364,1,302,3,89.65517241379311,5.5054945054945055
MA Wood,England,2016,4,8,5,1,0,7,226,248,2,288,3,160.0,5.467741935483871
MA Wood,England,2017,8,3,6,0,0,9,314,407,2,401,7,50.0,4.62899262899263
MA Wood,England,2017/18,7,6,8,0,0,6,329,366,0,284,5,75.0,5.39344262295082
MA Wood,England,2018,7,0,0,0,0,6,281,335,3,305,6,0.0,5.032835820895523
MA Wood,England,2018/19,5,1,3,0,0,7,239,263,0,271,2,33.33333333333333,5.452471482889734
MA Wood,England,2019,10,11,12,2,0,17,479,553,2,653,6,91.66666666666666,5.197106690777576
MA Wood,England,2020,2,0,0,0,0,3,91,117,1,127,0,0.0,4.666666666666667
MA Wood,England,2020/21,2,16,28,1,0,5,108,103,0,185,0,57.14285714285714,6.29126213592233
MA Wood,England,2021,2,0,0,0,0,0,52,104,0,46,2,0.0,3.0
MA Wood,England,2022/23,2,0,0,0,0,2,43,77,1,87,2,0.0,3.3506493506493507
MA Wood,England,2023/24,6,67,44,4,5,4,291,278,1,309,1,152.27272727272728,6.280575539568345
MADI Hemantha,Sri Lanka,2023,3,13,17,1,1,2,48,61,1,101,2,76.47058823529412,4.721311475409836
MADI Hemantha,Sri Lanka,2023/24,4,4,4,1,0,0,93,97,3,61,2,100.0,5.752577319587629
MB Kruger,Namibia,2023/24,1,39,50,5,0,0,0,0,0,63,1,78.0,0.0
MB Kruger,Namibia,2024,6,115,167,11,0,0,0,0,0,172,0,68.8622754491018,0.0
MB Loye,England,2006/07,7,142,190,19,5,0,0,0,0,259,3,74.73684210526315,0.0
MBS Jonkman,Netherlands,2006/07,4,20,33,2,0,5,100,144,0,209,2,60.60606060606061,4.166666666666667
MC Henriques,Australia,2009/10,2,18,30,0,0,1,78,94,0,76,1,60.0,4.9787234042553195
MC Henriques,Australia,2012/13,3,14,22,0,0,3,39,72,1,129,1,63.63636363636363,3.25
MC Henriques,Australia,2013/14,1,0,0,0,0,0,0,0,1,14,0,0.0,0.0
MC Henriques,Australia,2014/15,1,4,11,0,0,1,34,42,0,43,1,36.36363636363637,4.857142857142857
MC Henriques,Australia,2016,2,10,23,0,0,1,87,85,1,69,1,43.47826086956522,6.141176470588236
MC Henriques,Australia,2017,3,35,33,7,0,1,61,66,2,132,0,106.06060606060606,5.545454545454546
MC Henriques,Australia,2020/21,2,24,32,3,0,1,40,49,1,85,1,75.0,4.8979591836734695
MC Henriques,Australia,2021,3,12,41,0,0,0,0,0,1,14,2,29.268292682926827,0.0
MC Sorensen,Ireland,2013,2,55,62,4,2,2,58,87,1,186,1,88.70967741935483,4.0
MC Sorensen,Ireland,2013/14,1,1,3,0,0,1,32,26,0,34,0,33.33333333333333,7.384615384615385
MC Sorensen,Ireland,2014,4,41,69,4,0,6,133,202,1,307,2,59.42028985507246,3.950495049504951
MC Sorensen,Ireland,2014/15,3,22,19,3,1,3,192,152,1,165,2,115.78947368421053,7.578947368421053
MD Bates,New Zealand,2011/12,2,13,10,1,1,2,52,84,1,117,1,130.0,3.7142857142857144
MD Dai,Papua New Guinea,2016/17,3,92,109,6,4,6,129,180,1,391,1,84.40366972477065,4.3
MD Dai,Papua New Guinea,2017,2,42,58,5,0,2,81,121,1,168,1,72.41379310344827,4.016528925619834
MD Dai,Papua New Guinea,2017/18,5,143,200,15,1,3,154,244,3,430,1,71.5,3.7868852459016398
MD Gunathilaka,Sri Lanka,2015/16,5,117,140,14,4,0,0,0,1,219,2,83.57142857142857,0.0
MD Gunathilaka,Sri Lanka,2016,10,251,278,23,4,4,141,151,8,617,2,90.28776978417267,5.602649006622516
MD Gunathilaka,Sri Lanka,2016/17,3,43,56,4,1,0,22,18,2,88,1,76.78571428571429,7.333333333333333
MD Gunathilaka,Sri Lanka,2017,9,466,581,48,4,1,87,97,1,865,3,80.20654044750431,5.381443298969072
MD Gunathilaka,Sri Lanka,2017/18,6,71,90,7,2,0,15,19,3,149,3,78.88888888888889,4.736842105263158
MD Gunathilaka,Sri Lanka,2018/19,3,145,195,13,0,0,20,12,0,221,0,74.35897435897436,10.0
MD Gunathilaka,Sri Lanka,2019/20,2,147,159,18,1,0,8,12,0,289,0,92.45283018867924,4.0
MD Gunathilaka,Sri Lanka,2020/21,3,187,202,23,3,1,70,84,0,390,0,92.57425742574257,5.0
MD Gunathilaka,Sri Lanka,2021,3,84,100,12,1,1,5,12,1,181,1,84.0,2.5
MD Gunathilaka,Sri Lanka,2022,3,81,98,9,0,0,0,0,1,139,1,82.6530612244898,0.0
MD Patel,United States of America,2019,4,170,264,13,0,0,0,0,2,262,3,64.39393939393939,0.0
MD Patel,United States of America,2019/20,8,117,182,9,2,0,0,0,2,196,3,64.28571428571429,0.0
MD Patel,United States of America,2021,4,144,179,11,2,0,0,0,7,300,2,80.44692737430168,0.0
MD Patel,United States of America,2022,15,616,720,46,13,0,0,0,11,1138,6,85.55555555555556,0.0
MD Patel,United States of America,2022/23,4,153,194,16,1,0,0,0,1,259,3,78.8659793814433,0.0
MD Patel,United States of America,2023,9,152,210,8,1,0,0,0,8,287,4,72.38095238095238,0.0
MD Patel,United States of America,2024,7,321,354,25,8,0,0,0,3,572,5,90.67796610169492,0.0
MD Patel,United States of America,2024/25,3,119,136,12,1,0,0,0,1,204,1,87.5,0.0
MD Shanaka,Sri Lanka,2016,6,77,87,6,2,1,78,72,2,180,1,88.50574712643679,6.5
MD Shanaka,Sri Lanka,2016/17,2,0,0,0,0,0,22,25,0,12,1,0.0,5.279999999999999
MD Shanaka,Sri Lanka,2018,3,93,72,6,6,1,39,30,0,202,2,129.16666666666669,7.8
MD Shanaka,Sri Lanka,2018/19,5,115,115,9,7,0,36,36,0,217,1,100.0,6.0
MD Shanaka,Sri Lanka,2019,1,30,14,2,2,3,25,38,0,143,1,214.28571428571428,3.947368421052632
MD Shanaka,Sri Lanka,2019/20,3,111,105,11,4,0,28,30,2,227,1,105.71428571428572,5.6
MD Shanaka,Sri Lanka,2020/21,1,22,27,1,0,0,0,0,0,26,0,81.48148148148148,0.0
MD Shanaka,Sri Lanka,2021,11,225,330,12,5,2,114,140,2,436,3,68.18181818181817,4.885714285714286
MD Shanaka,Sri Lanka,2021/22,3,127,131,9,4,0,46,38,1,249,2,96.94656488549617,7.2631578947368425
MD Shanaka,Sri Lanka,2022,5,45,57,6,0,2,62,44,2,150,3,78.94736842105263,8.454545454545455
MD Shanaka,Sri Lanka,2022/23,5,152,156,16,5,3,78,131,2,437,0,97.43589743589743,3.572519083969466
MD Shanaka,Sri Lanka,2023,13,61,108,3,0,9,206,264,5,434,11,56.481481481481474,4.681818181818182
MD Shanaka,Sri Lanka,2023/24,4,95,115,6,3,0,78,90,1,189,1,82.6086956521739,5.2
MD du Preez,Namibia,2021/22,1,4,14,0,0,0,0,0,2,20,1,28.57142857142857,0.0
MD du Preez,Namibia,2023,2,10,31,0,0,0,0,0,2,26,1,32.25806451612903,0.0
MDJ Walker,New Zealand,2003/04,1,0,0,0,0,0,25,30,1,18,0,0.0,5.0
MDK Perera,Sri Lanka,2007/08,4,44,81,4,0,1,28,42,0,103,2,54.32098765432099,4.0
MDK Perera,Sri Lanka,2014/15,1,0,0,0,0,1,52,55,0,43,1,0.0,5.672727272727273
MDK Perera,Sri Lanka,2016,5,55,62,6,1,7,245,289,2,375,1,88.70967741935483,5.086505190311419
MDK Perera,Sri Lanka,2016/17,2,24,20,3,0,1,41,62,0,87,1,120.0,3.9677419354838706
MDK Perera,Sri Lanka,2018,1,29,44,0,2,0,25,18,0,51,0,65.9090909090909,8.333333333333334
MDKJ Perera,Sri Lanka,2012/13,6,166,199,19,3,0,0,0,7,336,3,83.41708542713567,0.0
MDKJ Perera,Sri Lanka,2013,6,25,44,5,0,0,0,0,1,50,3,56.81818181818182,0.0
MDKJ Perera,Sri Lanka,2013/14,12,396,454,34,14,0,0,0,2,711,9,87.22466960352423,0.0
MDKJ Perera,Sri Lanka,2014,6,116,122,15,3,0,0,0,1,217,4,95.08196721311475,0.0
MDKJ Perera,Sri Lanka,2014/15,10,130,172,12,3,0,0,0,3,224,4,75.5813953488372,0.0
MDKJ Perera,Sri Lanka,2015,5,230,193,29,6,0,0,0,2,459,2,119.17098445595855,0.0
MDKJ Perera,Sri Lanka,2015/16,3,163,160,10,6,0,0,0,4,333,3,101.875,0.0
MDKJ Perera,Sri Lanka,2016,11,298,359,31,3,0,0,0,4,570,2,83.008356545961,0.0
MDKJ Perera,Sri Lanka,2016/17,4,46,58,8,0,0,0,0,1,86,3,79.3103448275862,0.0
MDKJ Perera,Sri Lanka,2017,2,91,112,10,0,0,0,0,1,149,1,81.25,0.0
MDKJ Perera,Sri Lanka,2017/18,3,130,144,12,3,0,0,0,0,224,1,90.27777777777779,0.0
MDKJ Perera,Sri Lanka,2018,6,190,183,25,3,0,0,0,4,384,2,103.82513661202186,0.0
MDKJ Perera,Sri Lanka,2018/19,6,220,260,26,2,0,0,0,1,388,0,84.61538461538461,0.0
MDKJ Perera,Sri Lanka,2019,9,378,361,49,2,0,0,0,10,778,5,104.70914127423822,0.0
MDKJ Perera,Sri Lanka,2019/20,3,86,108,8,0,0,0,0,0,123,3,79.62962962962963,0.0
MDKJ Perera,Sri Lanka,2021,6,246,282,22,1,0,0,0,4,429,1,87.2340425531915,0.0
MDKJ Perera,Sri Lanka,2023,2,17,11,4,0,0,0,0,0,30,1,154.54545454545453,0.0
MDKJ Perera,Sri Lanka,2023/24,7,149,153,25,2,0,0,0,3,324,2,97.38562091503267,0.0
ME Sanuth,Oman,2019/20,4,46,41,5,1,0,60,61,1,120,3,112.19512195121952,5.901639344262295
ME Trescothick,England,2002/03,11,328,425,46,2,0,0,0,5,636,4,77.17647058823529,0.0
ME Trescothick,England,2003,9,435,517,55,3,0,0,0,5,838,5,84.13926499032883,0.0
ME Trescothick,England,2003/04,5,125,175,18,0,0,0,0,1,223,3,71.42857142857143,0.0
ME Trescothick,England,2004,11,402,514,57,1,2,42,45,8,861,6,78.21011673151752,5.6
ME Trescothick,England,2004/05,7,99,132,14,1,0,100,110,3,224,1,75.0,5.454545454545455
ME Trescothick,England,2005,6,160,177,20,2,0,0,0,2,312,2,90.3954802259887,0.0
ME Trescothick,England,2005/06,3,36,58,5,0,0,0,0,3,80,2,62.06896551724138,0.0
ME Trescothick,England,2006,9,412,482,52,3,0,0,0,2,749,1,85.47717842323651,0.0
MEK Hussey,Australia,2003/04,1,17,23,3,0,0,14,19,1,43,1,73.91304347826086,4.421052631578948
MEK Hussey,Australia,2004/05,1,65,73,3,1,0,22,18,3,129,1,89.04109589041096,7.333333333333333
MEK Hussey,Australia,2005,4,143,154,15,0,1,54,55,2,290,1,92.85714285714286,5.8909090909090915
MEK Hussey,Australia,2005/06,19,614,656,51,12,1,61,92,11,1166,13,93.59756097560977,3.9782608695652173
MEK Hussey,Australia,2006/07,26,670,850,51,17,0,10,14,22,1289,18,78.82352941176471,4.285714285714286
MEK Hussey,Australia,2007/08,11,287,415,12,1,0,0,0,6,421,6,69.1566265060241,0.0
MEK Hussey,Australia,2008,7,344,451,17,3,0,0,0,6,544,7,76.27494456762749,0.0
MEK Hussey,Australia,2008/09,15,549,635,37,7,0,0,0,13,983,5,86.45669291338582,0.0
MEK Hussey,Australia,2009,6,156,168,12,3,0,0,0,2,254,5,92.85714285714286,0.0
MEK Hussey,Australia,2009/10,24,974,1040,70,10,0,37,31,10,1578,18,93.65384615384616,7.161290322580645
MEK Hussey,Australia,2010,6,151,166,9,2,0,21,13,2,251,3,90.96385542168674,9.692307692307693
MEK Hussey,Australia,2010/11,8,251,308,14,1,0,0,0,4,385,3,81.4935064935065,0.0
MEK Hussey,Australia,2011,7,212,250,15,2,0,0,0,6,391,5,84.8,0.0
MEK Hussey,Australia,2011/12,18,512,666,37,8,0,0,0,11,858,10,76.87687687687688,0.0
MEK Hussey,Australia,2012,3,131,157,8,3,0,6,7,1,215,2,83.43949044585987,5.142857142857142
MF Maharoof,Sri Lanka,2004,9,37,39,3,0,11,235,396,0,501,7,94.87179487179486,3.5606060606060606
MF Maharoof,Sri Lanka,2004/05,3,24,27,1,1,2,70,102,1,143,2,88.88888888888889,4.117647058823529
MF Maharoof,Sri Lanka,2005,3,20,24,3,0,6,65,164,2,308,2,83.33333333333334,2.3780487804878048
MF Maharoof,Sri Lanka,2005/06,14,121,196,7,4,18,446,588,3,889,3,61.73469387755102,4.551020408163265
MF Maharoof,Sri Lanka,2006,4,58,52,5,2,2,134,155,1,220,4,111.53846153846155,5.187096774193549
MF Maharoof,Sri Lanka,2006/07,17,170,243,14,4,27,545,703,5,1314,10,69.95884773662551,4.65149359886202
MF Maharoof,Sri Lanka,2007,3,17,17,0,1,4,69,169,1,231,3,100.0,2.4497041420118344
MF Maharoof,Sri Lanka,2007/08,5,38,52,4,0,10,172,276,1,451,1,73.07692307692307,3.739130434782609
MF Maharoof,Sri Lanka,2008/09,11,174,180,16,2,11,404,494,2,746,6,96.66666666666667,4.906882591093118
MF Maharoof,Sri Lanka,2010,3,11,18,1,0,5,134,146,1,214,2,61.111111111111114,5.506849315068494
MF Maharoof,Sri Lanka,2011/12,10,58,79,2,1,12,426,503,4,598,4,73.41772151898735,5.081510934393639
MF Maharoof,Sri Lanka,2016,5,71,64,4,2,2,219,215,1,246,1,110.9375,6.111627906976744
MG Bevan,Australia,2002/03,10,326,613,22,2,0,0,0,2,483,9,53.181076672104396,0.0
MG Bevan,Australia,2003,3,140,171,8,2,0,0,0,2,220,3,81.87134502923976,0.0
MG Bevan,Australia,2003/04,12,289,393,19,2,0,0,0,2,423,8,73.53689567430025,0.0
MG Bracewell,New Zealand,2021/22,3,4,8,0,0,4,96,114,2,164,3,50.0,5.052631578947368
MG Bracewell,New Zealand,2022,9,260,236,22,11,4,294,350,5,760,6,110.16949152542372,5.04
MG Bracewell,New Zealand,2022/23,7,246,206,23,13,4,242,276,1,696,2,119.41747572815532,5.260869565217392
MG Bracewell,New Zealand,2024/25,4,47,58,6,1,6,152,170,2,308,1,81.03448275862068,5.364705882352942
MG Erasmus,Namibia,2019,4,106,138,11,3,0,59,101,6,274,3,76.81159420289855,3.5049504950495054
MG Erasmus,Namibia,2019/20,3,100,131,10,0,0,9,7,1,168,1,76.33587786259542,7.7142857142857135
MG Erasmus,Namibia,2021/22,5,271,335,17,4,0,0,0,0,429,2,80.8955223880597,0.0
MG Erasmus,Namibia,2022,7,362,442,26,7,7,153,272,4,925,6,81.90045248868778,3.375
MG Erasmus,Namibia,2022/23,14,453,627,31,15,4,179,242,6,980,6,72.24880382775119,4.43801652892562
MG Erasmus,Namibia,2023,4,154,191,14,1,4,77,106,3,415,2,80.6282722513089,4.3584905660377355
MG Erasmus,Namibia,2023/24,4,85,113,13,2,11,120,207,3,570,3,75.22123893805309,3.4782608695652173
MG Erasmus,Namibia,2024,8,279,331,29,7,6,266,351,2,798,2,84.29003021148036,4.547008547008547
MG Johnson,Australia,2005/06,4,0,0,0,0,3,94,160,0,148,3,0.0,3.525
MG Johnson,Australia,2006/07,12,14,30,1,0,21,465,587,3,814,9,46.666666666666664,4.75298126064736
MG Johnson,Australia,2007/08,16,60,85,3,1,25,522,853,3,1135,8,70.58823529411765,3.671746776084408
MG Johnson,Australia,2008,8,3,3,0,0,14,202,337,1,530,8,100.0,3.596439169139466
MG Johnson,Australia,2008/09,13,83,129,7,2,22,586,733,2,973,4,64.34108527131784,4.796725784447476
MG Johnson,Australia,2009,6,71,53,7,1,9,251,309,3,479,5,133.96226415094338,4.87378640776699
MG Johnson,Australia,2009/10,19,220,202,21,6,30,781,1074,5,1612,14,108.91089108910892,4.363128491620111
MG Johnson,Australia,2010/11,14,157,160,9,3,17,469,683,2,988,9,98.125,4.120058565153734
MG Johnson,Australia,2011,8,69,43,6,4,18,311,453,1,786,6,160.46511627906978,4.119205298013245
MG Johnson,Australia,2011/12,3,15,33,2,0,5,108,153,0,200,2,45.45454545454545,4.235294117647059
MG Johnson,Australia,2012,4,11,17,0,0,4,160,214,1,194,2,64.70588235294117,4.4859813084112155
MG Johnson,Australia,2012/13,9,36,64,2,0,14,275,406,1,580,7,56.25,4.064039408866995
MG Johnson,Australia,2013,7,32,32,4,0,8,238,352,1,397,2,100.0,4.056818181818182
MG Johnson,Australia,2013/14,7,41,58,4,1,8,339,389,2,427,3,70.6896551724138,5.228791773778921
MG Johnson,Australia,2014,4,51,28,4,3,4,145,216,0,278,2,182.14285714285714,4.027777777777778
MG Johnson,Australia,2014/15,12,71,65,10,1,23,442,618,3,972,10,109.23076923076923,4.29126213592233
MG Kariata,Namibia,2024,1,0,0,0,0,1,30,31,0,35,1,0.0,5.806451612903225
MG Neser,Australia,2018,2,8,16,0,0,2,118,102,0,94,0,50.0,6.9411764705882355
MG Neser,Australia,2023/24,2,3,13,0,0,1,117,122,1,77,0,23.076923076923077,5.754098360655738
MH Cross,Scotland,2013/14,2,59,74,7,0,0,0,0,7,159,2,79.72972972972973,0.0
MH Cross,Scotland,2014,4,15,30,2,0,0,0,0,8,91,1,50.0,0.0
MH Cross,Scotland,2014/15,6,74,100,6,1,0,0,0,9,190,0,74.0,0.0
MH Cross,Scotland,2016,4,14,28,1,0,0,0,0,5,58,3,50.0,0.0
MH Cross,Scotland,2016/17,2,68,93,6,1,0,0,0,4,150,0,73.11827956989248,0.0
MH Cross,Scotland,2017,2,36,50,7,0,0,0,0,3,104,1,72.0,0.0
MH Cross,Scotland,2017/18,9,321,390,24,8,0,0,0,6,601,3,82.3076923076923,0.0
MH Cross,Scotland,2019,5,162,263,9,1,0,0,0,3,264,3,61.59695817490495,0.0
MH Cross,Scotland,2019/20,3,77,125,7,0,0,0,0,3,141,1,61.6,0.0
MH Cross,Scotland,2021,6,123,187,13,1,0,0,0,11,286,4,65.77540106951871,0.0
MH Cross,Scotland,2022,16,382,531,30,4,0,0,0,21,811,11,71.939736346516,0.0
MH Cross,Scotland,2022/23,8,109,190,10,2,0,0,0,10,245,5,57.36842105263158,0.0
MH Cross,Scotland,2023,7,163,272,14,0,0,0,0,4,264,5,59.92647058823529,0.0
MH Cross,Scotland,2023/24,3,47,72,3,0,0,0,0,0,81,1,65.27777777777779,0.0
MH Cross,Scotland,2024,4,10,23,1,0,0,0,0,5,58,3,43.47826086956522,0.0
MH Cross,Scotland,2024/25,3,15,36,0,0,0,0,0,2,41,2,41.66666666666667,0.0
MH Yardy,England,2006,2,12,35,0,0,4,46,102,0,156,2,34.285714285714285,2.7058823529411766
MH Yardy,England,2006/07,3,18,47,0,0,0,60,114,0,68,1,38.297872340425535,3.1578947368421053
MH Yardy,England,2007,1,19,43,1,0,0,27,38,0,35,0,44.18604651162791,4.2631578947368425
MH Yardy,England,2010,12,121,160,8,0,7,429,547,1,546,7,75.625,4.705667276051188
MH Yardy,England,2010/11,9,156,205,11,1,7,451,488,5,617,2,76.09756097560975,5.545081967213115
MHW Papps,New Zealand,2003/04,1,29,52,4,0,0,0,0,0,49,1,55.769230769230774,0.0
MHW Papps,New Zealand,2004/05,1,3,11,0,0,0,0,0,1,11,0,27.27272727272727,0.0
MJ Clarke,Australia,2002/03,1,39,47,3,0,1,24,42,0,104,1,82.97872340425532,3.4285714285714284
MJ Clarke,Australia,2003,1,1,4,0,0,0,0,0,0,1,0,25.0,0.0
MJ Clarke,Australia,2003/04,14,320,352,26,2,11,250,327,5,929,11,90.9090909090909,4.587155963302752
MJ Clarke,Australia,2004,7,241,229,35,1,0,13,12,2,473,5,105.24017467248908,6.5
MJ Clarke,Australia,2004/05,9,333,396,32,2,1,13,18,2,596,6,84.0909090909091,4.333333333333333
MJ Clarke,Australia,2005,5,139,215,9,1,0,63,75,0,245,2,64.65116279069767,5.04
MJ Clarke,Australia,2005/06,21,503,664,36,2,7,232,255,11,1102,15,75.75301204819277,5.458823529411765
MJ Clarke,Australia,2006/07,25,855,1120,71,9,7,276,362,9,1753,19,76.33928571428571,4.574585635359115
MJ Clarke,Australia,2007/08,18,591,805,44,4,5,197,244,7,1203,10,73.41614906832298,4.844262295081967
MJ Clarke,Australia,2008,8,157,316,11,0,6,111,158,5,459,8,49.68354430379747,4.215189873417722
MJ Clarke,Australia,2008/09,11,364,490,32,1,3,189,253,5,766,4,74.28571428571429,4.482213438735178
MJ Clarke,Australia,2009,11,488,748,45,0,4,109,139,5,984,8,65.24064171122996,4.705035971223022
MJ Clarke,Australia,2009/10,10,344,467,14,1,0,36,54,5,524,8,73.66167023554604,4.0
MJ Clarke,Australia,2010,5,220,275,14,0,0,25,24,0,333,2,80.0,6.25
MJ Clarke,Australia,2010/11,16,652,796,49,5,0,49,61,6,1110,10,81.90954773869346,4.8196721311475414
MJ Clarke,Australia,2011,7,390,522,24,4,0,13,12,3,618,5,74.71264367816092,6.5
MJ Clarke,Australia,2011/12,9,402,444,34,8,1,57,62,3,749,5,90.54054054054053,5.516129032258064
MJ Clarke,Australia,2012,8,250,369,23,1,3,67,109,5,537,2,67.75067750677508,3.6880733944954125
MJ Clarke,Australia,2012/13,6,97,153,9,0,0,21,20,6,193,4,63.39869281045751,6.3
MJ Clarke,Australia,2013,4,202,210,27,1,0,4,6,3,414,2,96.19047619047619,4.0
MJ Clarke,Australia,2013/14,4,102,117,12,0,0,16,25,3,196,4,87.17948717948718,3.84
MJ Clarke,Australia,2014,1,68,103,2,0,0,2,6,1,98,0,66.01941747572816,2.0
MJ Clarke,Australia,2014/15,7,230,253,26,3,0,0,0,3,412,6,90.9090909090909,0.0
MJ Cosgrove,Australia,2005/06,1,74,72,7,2,0,12,24,0,136,1,102.77777777777777,3.0
MJ Cosgrove,Australia,2006/07,1,4,9,0,0,0,0,0,0,4,0,44.44444444444444,0.0
MJ Fourie,Ireland,2007,2,5,13,0,0,0,43,81,0,42,0,38.46153846153847,3.185185185185185
MJ Guptill,New Zealand,2008/09,9,283,345,24,7,0,0,0,2,497,3,82.02898550724638,0.0
MJ Guptill,New Zealand,2009,2,25,55,3,0,0,12,12,2,57,0,45.45454545454545,6.0
MJ Guptill,New Zealand,2009/10,16,475,597,48,11,2,39,55,10,986,10,79.5644891122278,4.254545454545455
MJ Guptill,New Zealand,2010,3,11,8,2,0,0,0,0,1,21,1,137.5,0.0
MJ Guptill,New Zealand,2010/11,18,613,838,65,10,0,0,0,3,1068,7,73.15035799522673,0.0
MJ Guptill,New Zealand,2011/12,8,483,547,49,9,0,0,0,1,869,5,88.29981718464352,0.0
MJ Guptill,New Zealand,2012,5,96,164,9,2,0,2,2,4,195,1,58.536585365853654,6.0
MJ Guptill,New Zealand,2012/13,3,32,56,5,1,0,0,0,5,113,2,57.14285714285714,0.0
MJ Guptill,New Zealand,2013,6,372,375,39,7,0,0,0,2,748,3,99.2,0.0
MJ Guptill,New Zealand,2013/14,9,304,440,30,6,0,12,13,5,574,6,69.0909090909091,5.538461538461539
MJ Guptill,New Zealand,2014/15,22,823,947,88,21,0,10,12,12,1586,15,86.90601900739176,5.0
MJ Guptill,New Zealand,2015,11,501,617,55,8,0,12,6,10,993,5,81.19935170178282,12.0
MJ Guptill,New Zealand,2015/16,10,604,532,57,31,0,2,6,7,1260,7,113.53383458646617,2.0
MJ Guptill,New Zealand,2016/17,14,570,566,63,21,2,2,10,2,1188,7,100.70671378091873,1.2
MJ Guptill,New Zealand,2017,3,86,91,13,1,0,0,0,0,158,0,94.5054945054945,0.0
MJ Guptill,New Zealand,2017/18,13,476,659,46,10,0,0,0,8,879,8,72.23065250379362,0.0
MJ Guptill,New Zealand,2018/19,10,464,450,43,16,0,0,0,6,930,7,103.11111111111111,0.0
MJ Guptill,New Zealand,2019,9,187,227,22,4,0,0,0,6,370,5,82.37885462555066,0.0
MJ Guptill,New Zealand,2019/20,4,217,245,17,8,0,0,0,1,389,3,88.57142857142857,0.0
MJ Guptill,New Zealand,2020/21,3,84,71,8,5,0,0,0,2,170,3,118.30985915492957,0.0
MJ Guptill,New Zealand,2021/22,3,114,145,12,2,0,0,0,4,246,3,78.62068965517241,0.0
MJ Guptill,New Zealand,2022,9,305,383,36,4,0,0,0,7,606,6,79.63446475195822,0.0
MJ Hay,New Zealand,2024/25,3,59,72,4,1,0,0,0,5,129,1,81.94444444444444,0.0
MJ Henry,New Zealand,2013/14,1,0,0,0,0,4,36,62,0,132,1,0.0,3.4838709677419355
MJ Henry,New Zealand,2014/15,8,21,27,2,0,19,355,452,0,695,4,77.77777777777779,4.712389380530974
MJ Henry,New Zealand,2015,6,12,12,1,1,5,336,330,3,284,2,100.0,6.109090909090909
MJ Henry,New Zealand,2015/16,8,53,44,4,4,23,351,458,3,915,7,120.45454545454545,4.598253275109171
MJ Henry,New Zealand,2016/17,5,79,80,8,2,7,314,295,0,401,2,98.75,6.386440677966102
MJ Henry,New Zealand,2017,2,5,14,0,0,3,84,109,0,122,1,35.714285714285715,4.623853211009174
MJ Henry,New Zealand,2017/18,3,0,0,0,0,6,107,132,2,224,3,0.0,4.863636363636363
MJ Henry,New Zealand,2018/19,8,23,14,2,2,11,389,454,2,519,6,164.28571428571428,5.140969162995594
MJ Henry,New Zealand,2019,8,18,27,2,0,14,333,443,2,578,5,66.66666666666666,4.510158013544018
MJ Henry,New Zealand,2020/21,3,0,0,0,0,6,95,176,0,246,3,0.0,3.2386363636363638
MJ Henry,New Zealand,2021/22,2,0,0,0,0,5,66,94,0,174,2,0.0,4.212765957446809
MJ Henry,New Zealand,2022,5,12,30,0,0,12,250,297,2,455,3,40.0,5.05050505050505
MJ Henry,New Zealand,2022/23,5,0,2,0,0,4,120,243,2,243,3,0.0,2.962962962962963
MJ Henry,New Zealand,2023,8,13,13,1,0,11,420,453,1,482,2,100.0,5.562913907284768
MJ Henry,New Zealand,2023/24,6,19,22,1,1,10,293,302,5,421,3,86.36363636363636,5.821192052980132
MJ Henry,New Zealand,2024/25,3,13,9,1,1,9,87,152,1,334,2,144.44444444444443,3.43421052631579
MJ Hoggard,England,2002/03,2,5,11,0,0,0,69,67,0,25,0,45.45454545454545,6.179104477611941
MJ Hoggard,England,2004/05,4,0,0,0,0,5,213,232,0,221,1,0.0,5.508620689655173
MJ Hoggard,England,2005/06,1,0,0,0,0,0,55,50,1,24,1,0.0,6.6
MJ Horne,New Zealand,2003,1,0,0,0,0,0,0,0,1,8,1,0.0,0.0
MJ Humphreys,Ireland,2022/23,2,4,7,1,0,0,90,67,0,26,0,57.14285714285714,8.059701492537314
MJ Humphreys,Ireland,2024/25,1,2,2,0,0,1,16,42,0,55,1,100.0,2.2857142857142856
MJ Lumb,England,2013/14,3,165,206,12,3,0,0,0,1,283,2,80.09708737864078,0.0
MJ Mason,New Zealand,2003/04,3,13,14,2,0,2,144,181,0,143,1,92.85714285714286,4.773480662983426
MJ Mason,New Zealand,2005/06,3,0,0,0,0,6,125,168,0,221,3,0.0,4.464285714285714
MJ Mason,New Zealand,2006/07,9,5,26,0,0,9,302,396,2,424,5,19.230769230769234,4.575757575757576
MJ Mason,New Zealand,2007/08,2,0,0,0,0,4,49,91,0,144,2,0.0,3.230769230769231
MJ Mason,New Zealand,2008,2,0,0,0,0,2,85,73,0,74,0,0.0,6.986301369863014
MJ Mason,New Zealand,2009/10,1,2,1,0,0,1,67,61,0,47,0,200.0,6.59016393442623
MJ McClenaghan,New Zealand,2012/13,4,2,10,0,0,10,188,247,0,352,3,20.0,4.566801619433199
MJ McClenaghan,New Zealand,2013,6,5,17,0,0,19,260,332,3,637,3,29.411764705882355,4.698795180722891
MJ McClenaghan,New Zealand,2013/14,12,7,23,0,0,19,586,606,0,715,5,30.434782608695656,5.801980198019802
MJ McClenaghan,New Zealand,2014/15,12,45,59,6,0,18,582,634,0,758,8,76.27118644067797,5.50788643533123
MJ McClenaghan,New Zealand,2015,8,18,15,1,1,10,479,452,1,453,4,120.0,6.358407079646018
MJ McClenaghan,New Zealand,2015/16,4,31,19,3,2,6,105,168,0,278,3,163.1578947368421,3.75
MJ Mindley,West Indies,2024/25,1,0,0,0,0,1,44,43,0,43,1,0.0,6.13953488372093
MJ North,Australia,2009,2,6,19,0,0,0,16,18,1,20,1,31.57894736842105,5.333333333333333
MJ Potts,England,2022,1,3,4,0,0,0,30,27,0,12,0,75.0,6.666666666666667
MJ Potts,England,2023,1,3,3,0,0,2,45,44,0,67,1,100.0,6.136363636363637
MJ Potts,England,2023/24,1,15,13,1,0,0,15,18,1,33,0,115.38461538461537,5.0
MJ Potts,England,2024,5,24,42,0,1,8,190,224,2,345,2,57.14285714285714,5.0892857142857135
MJ Prior,England,2004/05,1,35,50,6,0,0,0,0,1,71,1,70.0,0.0
MJ Prior,England,2005/06,8,153,241,23,0,0,0,0,2,273,3,63.48547717842323,0.0
MJ Prior,England,2007,10,229,317,20,2,0,0,0,19,560,5,72.2397476340694,0.0
MJ Prior,England,2008,5,120,135,16,3,0,0,0,13,343,4,88.88888888888889,0.0
MJ Prior,England,2008/09,8,121,181,13,0,0,0,0,6,245,3,66.85082872928176,0.0
MJ Prior,England,2009,10,239,333,18,0,0,0,0,7,438,4,71.77177177177178,0.0
MJ Prior,England,2009/10,7,116,144,11,0,0,0,0,10,266,6,80.55555555555556,0.0
MJ Prior,England,2010/11,13,216,251,25,1,0,0,0,11,520,4,86.05577689243027,0.0
MJ Santner,New Zealand,2015,5,97,76,10,4,6,223,186,1,384,2,127.63157894736842,7.193548387096774
MJ Santner,New Zealand,2015/16,8,197,212,13,6,8,288,309,3,635,6,92.9245283018868,5.592233009708738
MJ Santner,New Zealand,2016/17,18,158,252,12,2,16,690,976,10,1077,9,62.698412698412696,4.241803278688525
MJ Santner,New Zealand,2017,7,51,55,4,1,7,248,337,1,375,3,92.72727272727272,4.415430267062315
MJ Santner,New Zealand,2017/18,14,268,274,18,9,15,506,674,3,1087,9,97.8102189781022,4.5044510385756675
MJ Santner,New Zealand,2018/19,5,55,78,1,2,2,183,231,1,217,2,70.51282051282051,4.753246753246753
MJ Santner,New Zealand,2019,9,72,102,4,2,6,313,408,3,426,5,70.58823529411765,4.602941176470588
MJ Santner,New Zealand,2019/20,3,26,26,2,1,2,143,184,2,170,2,100.0,4.663043478260869
MJ Santner,New Zealand,2020/21,3,3,1,0,0,3,75,131,3,151,3,300.0,3.435114503816794
MJ Santner,New Zealand,2022,9,130,164,12,2,10,357,493,4,679,5,79.26829268292683,4.344827586206896
MJ Santner,New Zealand,2022/23,9,191,193,18,4,3,359,407,3,568,3,98.96373056994818,5.292383292383293
MJ Santner,New Zealand,2023,1,4,8,0,0,1,36,44,1,51,0,50.0,4.909090909090909
MJ Santner,New Zealand,2023/24,9,96,77,5,5,13,406,514,2,709,4,124.67532467532467,4.739299610894942
MJ Santner,New Zealand,2024/25,5,37,54,3,1,5,175,255,4,336,2,68.51851851851852,4.117647058823529
MJ Swepson,Australia,2021/22,2,0,0,0,0,2,102,99,0,86,1,0.0,6.181818181818182
MJ Swepson,Australia,2022,2,2,2,0,0,1,57,61,0,53,0,100.0,5.606557377049181
MJG Rippon,Netherlands,2013,1,3,15,0,0,0,20,26,1,19,0,20.0,4.615384615384616
MJG Rippon,Netherlands,2013/14,2,0,0,0,0,4,46,66,0,132,1,0.0,4.181818181818182
MJG Rippon,Netherlands,2021/22,3,109,145,9,3,3,132,150,0,304,0,75.17241379310344,5.28
MK Pandey,India,2015,1,71,88,4,1,0,0,0,0,105,1,80.68181818181817,0.0
MK Pandey,India,2015/16,3,110,88,9,1,0,0,0,1,204,1,125.0,0.0
MK Pandey,India,2016,2,4,1,1,0,0,0,0,1,16,2,400.0,0.0
MK Pandey,India,2016/17,6,76,103,6,1,0,0,0,1,121,3,73.7864077669903,0.0
MK Pandey,India,2017,2,86,96,6,0,0,0,0,0,128,2,89.58333333333334,0.0
MK Pandey,India,2017/18,7,85,99,11,1,0,0,0,5,186,5,85.85858585858585,0.0
MK Pandey,India,2018,1,0,0,0,0,0,0,0,1,8,1,0.0,0.0
MK Pandey,India,2019,1,0,0,0,0,0,0,0,1,8,1,0.0,0.0
MK Pandey,India,2019/20,3,52,57,4,0,0,0,0,1,80,2,91.22807017543859,0.0
MK Pandey,India,2021,3,74,92,4,1,0,0,0,3,130,2,80.43478260869566,0.0
MK Tiwary,India,2007/08,1,2,16,0,0,0,0,0,0,2,0,12.5,0.0
MK Tiwary,India,2011,5,35,49,2,1,0,26,24,5,107,0,71.42857142857143,6.5
MK Tiwary,India,2011/12,4,128,158,14,1,1,41,38,2,283,4,81.0126582278481,6.473684210526316
MK Tiwary,India,2012,2,86,107,8,0,4,69,68,0,266,2,80.37383177570094,6.088235294117647
MK Tiwary,India,2014,1,2,6,0,0,0,0,0,0,2,0,33.33333333333333,0.0
MK Tiwary,India,2015,3,34,76,0,1,0,6,6,1,44,3,44.73684210526316,6.0
MKDI Amerasinghe,Sri Lanka,2007/08,7,5,7,1,0,9,325,391,1,386,1,71.42857142857143,4.987212276214834
MKGCP Lakshitha,Sri Lanka,2002/03,2,4,6,0,0,2,65,72,0,78,0,66.66666666666666,5.416666666666667
ML Cummins,West Indies,2013/14,1,0,0,0,0,1,38,40,0,42,1,0.0,5.7
ML Cummins,West Indies,2016/17,1,0,0,0,0,0,34,66,0,34,0,0.0,3.090909090909091
ML Cummins,West Indies,2017,6,5,9,1,0,7,346,304,1,281,0,55.55555555555556,6.828947368421053
ML Hayden,Australia,2002/03,16,587,706,54,11,0,0,0,0,961,15,83.14447592067988,0.0
ML Hayden,Australia,2003,5,132,202,14,0,0,0,0,1,214,3,65.34653465346535,0.0
ML Hayden,Australia,2003/04,15,660,848,58,5,0,0,0,8,1146,11,77.83018867924528,0.0
ML Hayden,Australia,2004,7,255,349,33,2,0,0,0,4,472,5,73.06590257879655,0.0
ML Hayden,Australia,2004/05,6,98,189,6,0,0,0,0,3,152,3,51.85185185185185,0.0
ML Hayden,Australia,2005,7,205,260,29,3,0,0,0,3,389,4,78.84615384615384,0.0
ML Hayden,Australia,2006/07,26,1368,1611,142,29,0,0,0,15,2645,19,84.91620111731844,0.0
ML Hayden,Australia,2007/08,16,634,791,75,8,0,0,0,7,1168,10,80.15170670037926,0.0
ML Lewis,Australia,2005/06,5,4,4,0,0,3,252,232,1,169,3,100.0,6.517241379310345
ML Nkala,Zimbabwe,2004,4,81,107,7,2,3,125,166,0,277,0,75.70093457943925,4.518072289156627
ML Nkala,Zimbabwe,2004/05,5,30,45,3,0,1,156,127,1,111,0,66.66666666666666,7.37007874015748
ML Nkala,Zimbabwe,2006/07,2,14,26,2,0,0,11,18,0,25,0,53.84615384615385,3.6666666666666665
ML Patel,Kenya,2004,1,0,1,0,0,0,0,0,0,-3,0,0.0,0.0
ML Patel,Kenya,2006,1,15,60,0,0,0,0,0,0,9,0,25.0,0.0
ML Udawatte,Sri Lanka,2007/08,3,87,149,8,1,0,0,0,0,134,0,58.38926174496645,0.0
ML Udawatte,Sri Lanka,2008,2,110,133,12,0,0,0,0,0,174,2,82.70676691729322,0.0
ML Udawatte,Sri Lanka,2008/09,3,46,85,4,1,0,0,0,0,66,3,54.11764705882353,0.0
MM Ali,England,2013/14,3,109,138,7,1,3,41,60,2,276,2,78.98550724637681,4.1
MM Ali,England,2014,2,76,58,6,3,2,74,90,0,216,1,131.0344827586207,4.933333333333334
MM Ali,England,2014/15,17,547,536,57,21,14,706,902,5,1738,5,102.05223880597015,4.696230598669623
MM Ali,England,2015,5,52,65,5,1,6,202,240,0,318,2,80.0,5.05
MM Ali,England,2015/16,9,72,86,6,1,10,391,487,2,546,5,83.72093023255815,4.817248459958932
MM Ali,England,2016,7,75,95,4,2,3,324,368,3,330,6,78.94736842105263,5.282608695652174
MM Ali,England,2016/17,9,130,114,11,1,0,371,429,4,387,6,114.03508771929825,5.188811188811189
MM Ali,England,2017,10,283,183,25,16,4,356,385,3,831,9,154.6448087431694,5.548051948051947
MM Ali,England,2017/18,10,105,139,10,1,10,412,529,2,623,7,75.53956834532374,4.672967863894139
MM Ali,England,2018,8,89,103,7,1,12,354,415,1,576,7,86.40776699029125,5.118072289156626
MM Ali,England,2018/19,8,61,79,6,1,4,326,294,2,298,5,77.21518987341773,6.653061224489796
MM Ali,England,2019,8,90,101,6,4,5,381,400,3,422,5,89.10891089108911,5.715
MM Ali,England,2019/20,1,17,17,3,0,1,42,60,0,76,1,100.0,4.2
MM Ali,England,2020,4,7,21,0,0,0,174,210,0,78,2,33.33333333333333,4.9714285714285715
MM Ali,England,2020/21,3,59,65,4,3,1,114,120,2,184,1,90.76923076923077,5.7
MM Ali,England,2021,1,28,57,1,0,1,5,12,2,79,1,49.122807017543856,2.5
MM Ali,England,2022,8,146,182,12,5,6,270,290,0,490,4,80.21978021978022,5.586206896551724
MM Ali,England,2022/23,8,189,197,16,8,5,246,260,5,602,3,95.93908629441624,5.676923076923076
MM Ali,England,2023,3,48,51,5,1,7,121,128,1,305,3,94.11764705882352,5.671875
MM Ali,England,2023/24,6,95,131,8,1,4,248,256,4,361,2,72.51908396946564,5.8125
MM English,Scotland,2024,1,107,124,9,2,0,0,0,1,203,1,86.29032258064517,0.0
MM Iqbal,Scotland,2009,1,6,15,0,0,0,45,36,0,16,0,40.0,7.5
MM Iqbal,Scotland,2013,1,10,43,0,0,0,0,0,0,4,0,23.25581395348837,0.0
MM Patel,India,2005/06,2,1,3,0,0,0,75,99,0,43,1,33.33333333333333,4.545454545454546
MM Patel,India,2006,2,2,6,0,0,1,95,110,0,64,0,33.33333333333333,5.1818181818181825
MM Patel,India,2006/07,14,28,39,3,0,24,480,744,2,1007,4,71.7948717948718,3.870967741935484
MM Patel,India,2007,5,1,3,0,0,6,184,236,1,255,4,33.33333333333333,4.677966101694915
MM Patel,India,2007/08,3,0,9,0,0,2,118,164,0,125,2,0.0,4.317073170731708
MM Patel,India,2008,5,20,18,2,1,7,166,246,0,313,3,111.11111111111111,4.048780487804878
MM Patel,India,2008/09,7,0,1,0,0,5,227,235,2,228,7,0.0,5.795744680851064
MM Patel,India,2009/10,2,2,5,0,0,1,84,80,0,52,0,40.0,6.3
MM Patel,India,2010,2,7,12,1,0,5,60,100,0,186,1,58.333333333333336,3.5999999999999996
MM Patel,India,2010/11,17,13,18,1,0,24,657,827,3,969,12,72.22222222222221,4.766626360338573
MM Patel,India,2011,7,0,0,0,0,10,309,347,0,390,3,0.0,5.3429394812680115
MM Sharma,India,2013,2,0,0,0,0,3,49,98,1,139,2,0.0,3.0
MM Sharma,India,2013/14,3,0,5,0,0,1,174,144,0,65,1,0.0,7.25
MM Sharma,India,2014,5,5,23,0,0,4,79,137,1,194,4,21.73913043478261,3.45985401459854
MM Sharma,India,2014/15,10,15,14,3,0,15,396,507,1,625,7,107.14285714285714,4.686390532544379
MM Sharma,India,2015,2,11,19,2,0,3,79,73,1,127,1,57.89473684210527,6.493150684931507
MM Sharma,India,2015/16,4,0,5,0,0,5,207,194,1,188,2,0.0,6.4020618556701026
MMA Jonkman,Netherlands,2010,1,13,38,2,0,1,19,26,0,50,0,34.21052631578947,4.384615384615385
MN Samuels,West Indies,2003,5,76,90,6,3,5,150,234,5,403,3,84.44444444444444,3.8461538461538463
MN Samuels,West Indies,2003/04,2,61,73,3,3,0,32,31,0,115,0,83.56164383561644,6.193548387096774
MN Samuels,West Indies,2004/05,3,27,32,2,0,0,129,127,1,89,0,84.375,6.094488188976378
MN Samuels,West Indies,2006,6,45,104,5,0,5,158,279,1,300,5,43.269230769230774,3.3978494623655915
MN Samuels,West Indies,2006/07,24,568,748,68,9,11,564,734,5,1613,11,75.93582887700535,4.610354223433243
MN Samuels,West Indies,2007,3,86,113,9,1,0,18,30,2,183,2,76.10619469026548,3.6
MN Samuels,West Indies,2007/08,10,302,352,20,11,3,145,217,2,680,4,85.79545454545455,4.009216589861752
MN Samuels,West Indies,2011,9,185,304,13,3,0,0,0,2,291,3,60.85526315789473,0.0
MN Samuels,West Indies,2011/12,13,343,485,35,9,8,454,634,4,1056,5,70.72164948453609,4.296529968454259
MN Samuels,West Indies,2012,7,244,300,24,3,6,244,308,1,680,4,81.33333333333333,4.753246753246753
MN Samuels,West Indies,2012/13,5,170,238,21,2,0,72,76,0,355,2,71.42857142857143,5.684210526315789
MN Samuels,West Indies,2013,12,344,604,29,8,6,266,369,2,866,4,56.95364238410596,4.32520325203252
MN Samuels,West Indies,2013/14,5,152,199,15,5,0,56,74,1,296,2,76.38190954773869,4.54054054054054
MN Samuels,West Indies,2014/15,15,680,829,53,24,5,309,355,3,1530,5,82.02653799758745,5.222535211267606
MN Samuels,West Indies,2015/16,3,175,177,19,3,0,34,33,1,344,0,98.87005649717514,6.181818181818182
MN Samuels,West Indies,2016,7,258,284,24,7,0,0,0,3,503,3,90.84507042253522,0.0
MN Samuels,West Indies,2016/17,3,116,131,6,4,0,0,0,0,182,0,88.54961832061069,0.0
MN Samuels,West Indies,2017,4,61,128,2,0,0,41,24,0,77,0,47.65625,10.25
MN Samuels,West Indies,2017/18,5,178,245,14,5,0,67,84,0,330,5,72.6530612244898,4.785714285714286
MN Samuels,West Indies,2018/19,8,134,218,16,2,3,86,83,0,319,2,61.46788990825688,6.216867469879518
MN Waller,Zimbabwe,2008/09,1,5,19,0,0,0,0,0,0,5,1,26.31578947368421,0.0
MN Waller,Zimbabwe,2009,3,15,20,1,0,0,77,68,2,57,1,75.0,6.794117647058823
MN Waller,Zimbabwe,2009/10,4,80,123,8,1,0,14,13,1,133,0,65.04065040650406,6.461538461538462
MN Waller,Zimbabwe,2011,5,104,115,11,1,0,12,12,2,192,0,90.43478260869566,6.0
MN Waller,Zimbabwe,2011/12,5,175,175,18,1,2,57,66,0,363,1,100.0,5.181818181818182
MN Waller,Zimbabwe,2012/13,2,66,100,8,0,0,22,18,1,124,0,66.0,7.333333333333333
MN Waller,Zimbabwe,2013,10,193,321,18,1,1,54,60,3,361,2,60.12461059190031,5.4
MN Waller,Zimbabwe,2014,4,50,103,6,0,1,67,109,1,153,1,48.54368932038835,3.6880733944954125
MN Waller,Zimbabwe,2015,2,5,8,0,0,0,0,0,2,21,0,62.5,0.0
MN Waller,Zimbabwe,2015/16,7,50,102,5,0,0,35,30,3,116,2,49.01960784313725,7.0
MN Waller,Zimbabwe,2016,1,8,15,0,0,0,0,0,0,8,0,53.333333333333336,0.0
MN Waller,Zimbabwe,2016/17,1,14,13,2,0,0,0,0,1,30,0,107.6923076923077,0.0
MN Waller,Zimbabwe,2017,6,208,163,24,5,4,89,142,2,550,3,127.60736196319019,3.76056338028169
MN Waller,Zimbabwe,2017/18,4,66,106,5,1,0,48,62,0,111,1,62.264150943396224,4.64516129032258
MN van Wyk,South Africa,2003,1,17,22,2,0,0,0,0,0,25,0,77.27272727272727,0.0
MN van Wyk,South Africa,2003/04,1,0,0,0,0,0,0,0,1,8,1,0.0,0.0
MN van Wyk,South Africa,2007,4,178,276,18,1,0,0,0,1,307,2,64.4927536231884,0.0
MN van Wyk,South Africa,2007/08,1,0,4,0,0,0,0,0,0,-3,1,0.0,0.0
MN van Wyk,South Africa,2010/11,7,136,175,17,1,0,0,0,7,302,6,77.71428571428571,0.0
MN van Wyk,South Africa,2014/15,1,18,24,4,0,0,0,0,0,46,0,75.0,0.0
MN van Wyk,South Africa,2015,3,76,130,7,2,0,0,0,2,144,2,58.46153846153847,0.0
MNK Fernando,Sri Lanka,2022/23,4,75,107,10,0,0,22,12,0,131,0,70.09345794392523,11.0
MNK Fernando,Sri Lanka,2024/25,2,0,0,0,0,0,0,0,3,24,1,0.0,0.0
MO Jones,Bermuda,2006/07,3,5,18,1,0,4,135,144,2,173,0,27.77777777777778,5.625
MO Jones,Bermuda,2007/08,3,53,54,3,4,2,112,136,0,197,0,98.14814814814815,4.941176470588235
MO Odumbe,Kenya,2002/03,10,324,363,31,2,6,301,364,5,844,4,89.25619834710744,4.961538461538462
MP Kuhnemann,Australia,2022,4,16,15,3,0,6,189,230,2,292,1,106.66666666666667,4.930434782608695
MP O'Dowd,Netherlands,2019,2,145,206,13,1,0,0,0,2,255,2,70.3883495145631,0.0
MP O'Dowd,Netherlands,2021,5,185,255,19,1,0,36,46,1,321,3,72.54901960784314,4.695652173913043
MP O'Dowd,Netherlands,2021/22,4,29,54,4,0,0,0,0,1,48,0,53.70370370370371,0.0
MP O'Dowd,Netherlands,2022,9,296,448,24,3,0,0,0,0,474,0,66.07142857142857,0.0
MP O'Dowd,Netherlands,2022/23,5,204,270,23,2,0,0,0,0,338,1,75.55555555555556,0.0
MP O'Dowd,Netherlands,2023,8,299,385,31,7,0,0,0,1,522,4,77.66233766233766,0.0
MP O'Dowd,Netherlands,2023/24,12,203,323,21,8,1,31,33,2,403,4,62.848297213622295,5.636363636363637
MP O'Dowd,Netherlands,2024,4,223,354,23,0,0,0,0,2,383,4,62.994350282485875,0.0
MP O'Dowd,Netherlands,2024/25,4,98,146,11,3,0,49,48,3,212,1,67.12328767123287,6.125
MP Stoinis,Australia,2015,1,4,5,0,0,0,17,24,0,12,0,80.0,4.25
MP Stoinis,Australia,2016/17,2,188,171,13,12,3,65,86,1,493,0,109.94152046783626,4.534883720930233
MP Stoinis,Australia,2017/18,10,374,386,29,14,4,343,349,3,888,2,96.89119170984456,5.896848137535817
MP Stoinis,Australia,2018,5,76,92,4,2,3,217,201,0,244,0,82.6086956521739,6.477611940298507
MP Stoinis,Australia,2018/19,15,321,403,29,8,16,522,540,4,1137,9,79.65260545905707,5.8
MP Stoinis,Australia,2019,7,87,115,14,0,5,201,204,2,345,4,75.65217391304347,5.911764705882353
MP Stoinis,Australia,2020,3,56,56,7,1,0,34,25,0,106,2,100.0,8.16
MP Stoinis,Australia,2020/21,1,0,1,0,0,0,25,38,0,11,1,0.0,3.947368421052632
MP Stoinis,Australia,2021/22,3,94,97,7,3,1,32,36,0,191,1,96.90721649484536,5.333333333333333
MP Stoinis,Australia,2022,6,71,77,6,3,2,57,96,1,218,5,92.20779220779221,3.5625
MP Stoinis,Australia,2022/23,5,55,64,4,1,4,117,150,2,265,4,85.9375,4.68
MP Stoinis,Australia,2023/24,9,155,129,19,5,8,328,306,3,605,5,120.15503875968992,6.431372549019608
MP Stoinis,Australia,2024/25,1,8,26,1,0,0,11,18,0,18,0,30.76923076923077,3.6666666666666665
MP Vaughan,England,2002/03,9,269,371,34,1,2,106,128,3,567,4,72.50673854447439,4.96875
MP Vaughan,England,2003,8,158,234,19,1,0,34,44,3,300,4,67.52136752136752,4.636363636363637
MP Vaughan,England,2003/04,5,144,223,16,1,0,0,0,1,248,3,64.57399103139014,0.0
MP Vaughan,England,2004,11,228,401,26,2,2,106,127,7,527,6,56.85785536159601,5.0078740157480315
MP Vaughan,England,2004/05,9,316,471,15,3,1,67,84,3,522,4,67.09129511677283,4.785714285714286
MP Vaughan,England,2005,3,15,37,2,0,0,13,6,0,20,0,40.54054054054054,13.0
MP Vaughan,England,2006/07,12,252,381,31,2,3,86,133,5,603,7,66.14173228346458,3.8796992481203008
MQ Sheikh,Scotland,2008,2,6,21,0,0,0,0,0,0,6,1,28.57142857142857,0.0
MR Adair,Ireland,2019,7,102,80,8,5,8,400,402,1,527,3,127.49999999999999,5.970149253731344
MR Adair,Ireland,2019/20,3,45,70,2,2,1,86,74,1,126,0,64.28571428571429,6.972972972972973
MR Adair,Ireland,2020,1,0,0,0,0,1,43,44,1,47,1,0.0,5.863636363636364
MR Adair,Ireland,2020/21,1,0,0,0,0,0,46,50,0,16,0,0.0,5.52
MR Adair,Ireland,2021,6,40,36,2,2,3,180,203,2,229,2,111.11111111111111,5.320197044334975
MR Adair,Ireland,2021/22,3,22,14,0,3,3,97,165,3,225,2,157.14285714285714,3.5272727272727273
MR Adair,Ireland,2022,2,27,19,3,2,4,65,79,0,181,0,142.10526315789474,4.936708860759494
MR Adair,Ireland,2022/23,6,21,18,3,0,7,242,275,1,316,1,116.66666666666667,5.279999999999999
MR Adair,Ireland,2023,11,97,61,8,5,21,480,591,5,964,3,159.01639344262296,4.873096446700508
MR Adair,Ireland,2023/24,3,25,31,4,0,1,53,125,2,153,2,80.64516129032258,2.544
MR Adair,Ireland,2024/25,3,41,66,3,1,6,174,183,1,285,1,62.121212121212125,5.704918032786885
MR Gillespie,New Zealand,2006/07,16,52,57,5,0,16,663,791,4,835,6,91.22807017543859,5.029077117572692
MR Gillespie,New Zealand,2007/08,7,24,25,3,1,7,336,334,3,374,3,96.0,6.035928143712575
MR Gillespie,New Zealand,2008,3,4,13,0,0,4,91,172,0,214,3,30.76923076923077,3.1744186046511627
MR Gillespie,New Zealand,2008/09,1,0,0,0,0,1,27,45,0,50,0,0.0,3.6
MR Johnson,United States of America,2004,2,20,23,3,0,0,0,0,1,37,0,86.95652173913044,0.0
MR Marsh,Australia,2011/12,1,8,5,1,0,1,19,24,1,53,1,160.0,4.75
MR Marsh,Australia,2013,3,31,51,4,0,0,23,26,0,61,0,60.78431372549019,5.307692307692308
MR Marsh,Australia,2014,5,222,234,14,12,3,110,146,2,551,2,94.87179487179486,4.52054794520548
MR Marsh,Australia,2014/15,7,182,208,16,3,7,171,217,4,584,4,87.5,4.728110599078342
MR Marsh,Australia,2015,6,145,131,11,4,8,214,221,4,549,4,110.68702290076335,5.8099547511312215
MR Marsh,Australia,2015/16,7,274,275,28,4,10,289,301,2,836,4,99.63636363636364,5.760797342192691
MR Marsh,Australia,2016,6,154,193,14,0,4,170,237,5,478,4,79.79274611398964,4.30379746835443
MR Marsh,Australia,2016/17,11,218,229,18,11,8,420,440,5,794,5,95.19650655021834,5.7272727272727275
MR Marsh,Australia,2017/18,5,186,220,14,3,3,79,110,2,429,1,84.54545454545455,4.3090909090909095
MR Marsh,Australia,2019/20,4,111,140,8,1,3,134,137,2,297,1,79.28571428571428,5.868613138686132
MR Marsh,Australia,2020,3,76,116,6,0,2,97,120,1,221,2,65.51724137931035,4.85
MR Marsh,Australia,2021,3,57,61,5,3,1,23,39,2,161,2,93.44262295081968,3.5384615384615383
MR Marsh,Australia,2022,4,62,105,7,1,3,52,86,0,215,2,59.04761904761905,3.627906976744186
MR Marsh,Australia,2022/23,5,274,226,27,16,1,30,42,0,587,4,121.23893805309736,4.285714285714286
MR Marsh,Australia,2023/24,16,640,605,70,29,2,89,85,4,1391,10,105.78512396694215,6.2823529411764705
MR Marsh,Australia,2024,4,122,154,12,5,1,25,26,0,251,2,79.22077922077922,5.76923076923077
MR Swart,Netherlands,2011,1,3,10,0,0,0,0,0,0,3,0,30.0,0.0
MR Swart,Netherlands,2013,3,27,40,3,1,0,43,54,1,71,1,67.5,4.777777777777778
MR Swart,Netherlands,2013/14,2,29,28,3,0,0,72,90,2,95,1,103.57142857142858,4.8
MRJ Watt,Scotland,2016,2,1,2,0,0,2,61,85,0,85,1,50.0,4.305882352941176
MRJ Watt,Scotland,2016/17,2,30,59,2,0,0,79,105,0,78,0,50.847457627118644,4.514285714285714
MRJ Watt,Scotland,2017/18,8,83,93,6,2,8,330,428,5,529,3,89.24731182795699,4.626168224299065
MRJ Watt,Scotland,2019,5,14,26,2,0,5,166,284,0,269,3,53.84615384615385,3.5070422535211265
MRJ Watt,Scotland,2019/20,3,3,7,0,0,7,121,178,0,258,1,42.857142857142854,4.078651685393258
MRJ Watt,Scotland,2021,5,28,42,2,0,3,148,277,1,261,4,66.66666666666666,3.205776173285199
MRJ Watt,Scotland,2022,12,143,186,13,1,18,397,602,3,961,9,76.88172043010752,3.956810631229236
MRJ Watt,Scotland,2022/23,8,53,79,3,0,20,247,453,2,802,5,67.08860759493672,3.271523178807947
MRJ Watt,Scotland,2023,7,151,131,18,3,10,288,384,3,681,5,115.2671755725191,4.5
MRJ Watt,Scotland,2023/24,3,30,58,3,0,2,124,171,0,153,1,51.724137931034484,4.350877192982456
MRJ Watt,Scotland,2024,3,11,19,0,0,4,97,133,2,191,2,57.89473684210527,4.37593984962406
MRJ Watt,Scotland,2024/25,3,39,43,1,3,4,108,134,2,229,2,90.69767441860465,4.835820895522389
MS Atapattu,Sri Lanka,2002/03,17,583,793,65,0,0,0,0,3,1005,7,73.51828499369482,0.0
MS Atapattu,Sri Lanka,2003,4,86,206,8,0,0,0,0,1,130,1,41.74757281553398,0.0
MS Atapattu,Sri Lanka,2003/04,3,67,122,7,0,0,0,0,2,113,1,54.91803278688525,0.0
MS Atapattu,Sri Lanka,2004,6,136,241,16,0,0,0,0,1,217,4,56.43153526970954,0.0
MS Atapattu,Sri Lanka,2004/05,3,112,173,9,0,0,0,0,4,196,2,64.73988439306359,0.0
MS Atapattu,Sri Lanka,2005,2,125,205,9,0,0,0,0,1,193,2,60.97560975609756,0.0
MS Atapattu,Sri Lanka,2005/06,18,595,811,50,0,0,0,0,5,945,5,73.36621454993835,0.0
MS Atapattu,Sri Lanka,2006/07,12,274,409,30,0,0,0,0,0,414,6,66.99266503667481,0.0
MS Chapman,Hong Kong,2015/16,1,124,116,11,2,0,0,0,0,222,1,106.89655172413792,0.0
MS Chapman,New Zealand,2017/18,3,9,23,1,0,0,0,0,0,10,0,39.130434782608695,0.0
MS Chapman,New Zealand,2019/20,1,1,2,0,0,0,0,0,0,1,1,50.0,0.0
MS Chapman,New Zealand,2022,1,101,75,6,7,0,0,0,1,219,1,134.66666666666666,0.0
MS Chapman,New Zealand,2023,5,118,105,11,5,0,0,0,1,216,1,112.38095238095238,0.0
MS Chapman,New Zealand,2023/24,7,81,80,9,2,0,0,0,0,137,3,101.25,0.0
MS Chapman,New Zealand,2024/25,5,250,264,25,6,0,0,0,2,468,2,94.6969696969697,0.0
MS Dhoni,India,2004/05,6,237,248,22,6,0,0,0,7,508,3,95.56451612903226,0.0
MS Dhoni,India,2005,4,149,140,5,8,0,0,0,2,285,3,106.42857142857143,0.0
MS Dhoni,India,2005/06,19,640,648,65,16,0,0,0,20,1373,14,98.76543209876543,0.0
MS Dhoni,India,2006,4,77,110,9,0,0,0,0,4,165,0,70.0,0.0
MS Dhoni,India,2006/07,18,452,515,27,14,0,0,0,21,960,5,87.76699029126213,0.0
MS Dhoni,Asia XI,2007,3,174,142,17,7,0,0,0,3,414,3,122.53521126760563,0.0
MS Dhoni,India,2007,12,316,423,28,1,0,0,0,13,651,8,74.70449172576832,0.0
MS Dhoni,India,2007/08,21,677,884,47,9,0,0,0,23,1377,10,76.58371040723982,0.0
MS Dhoni,India,2008,14,608,696,42,10,0,0,0,15,1190,9,87.35632183908046,0.0
MS Dhoni,India,2008/09,15,592,668,38,8,0,0,0,11,1098,12,88.62275449101796,0.0
MS Dhoni,India,2009,7,281,363,17,4,0,0,0,8,561,4,77.41046831955923,0.0
MS Dhoni,India,2009/10,19,754,878,64,13,1,13,13,14,1519,9,85.87699316628702,6.0
MS Dhoni,India,2010,9,313,468,25,4,0,0,0,16,653,5,66.88034188034187,0.0
MS Dhoni,India,2010/11,15,316,426,23,3,0,0,0,11,683,10,74.17840375586854,0.0
MS Dhoni,India,2011,5,236,250,19,5,0,0,0,0,408,0,94.39999999999999,0.0
MS Dhoni,India,2011/12,14,488,545,33,10,0,0,0,12,976,9,89.54128440366974,0.0
MS Dhoni,India,2012,5,135,132,14,2,0,0,0,6,299,4,102.27272727272727,0.0
MS Dhoni,India,2012/13,8,351,426,25,13,0,0,0,7,707,4,82.3943661971831,0.0
MS Dhoni,India,2013,7,99,119,9,2,0,16,25,6,314,6,83.19327731092437,3.84
MS Dhoni,India,2013/14,16,688,690,60,21,0,0,0,12,1416,5,99.71014492753623,0.0
MS Dhoni,India,2014,3,81,102,7,1,0,0,0,3,215,2,79.41176470588235,0.0
MS Dhoni,India,2014/15,14,372,433,29,7,0,0,0,17,758,9,85.91224018475751,0.0
MS Dhoni,India,2015,3,121,159,9,1,0,0,0,2,201,1,76.10062893081762,0.0
MS Dhoni,India,2015/16,10,298,312,21,8,0,0,0,11,623,3,95.51282051282051,0.0
MS Dhoni,India,2016,3,0,0,0,0,0,0,0,4,38,3,0.0,0.0
MS Dhoni,India,2016/17,8,357,448,26,12,0,0,0,8,769,5,79.6875,0.0
MS Dhoni,India,2017,15,383,498,24,6,0,0,0,14,797,11,76.90763052208835,0.0
MS Dhoni,India,2017/18,16,309,377,29,7,0,0,0,14,709,12,81.9628647214854,0.0
MS Dhoni,India,2018,8,148,238,12,0,0,0,0,9,329,6,62.18487394957983,0.0
MS Dhoni,India,2018/19,14,377,484,24,7,0,0,0,8,732,10,77.89256198347107,0.0
MS Dhoni,India,2019,8,245,268,17,5,0,0,0,7,473,6,91.4179104477612,0.0
MS Gony,India,2008,2,0,0,0,0,2,73,81,0,84,2,0.0,5.407407407407407
MS Kasprowicz,Australia,2003/04,1,0,6,0,0,5,44,55,0,156,1,0.0,4.800000000000001
MS Kasprowicz,Australia,2004,7,2,6,0,0,17,214,399,1,636,6,33.33333333333333,3.218045112781955
MS Kasprowicz,Australia,2004/05,5,9,9,1,0,5,165,246,2,265,3,100.0,4.024390243902439
MS Kasprowicz,Australia,2005,3,0,0,0,0,4,123,183,2,189,2,0.0,4.032786885245901
MS Panesar,England,2006/07,17,9,50,0,0,15,611,834,2,732,9,18.0,4.39568345323741
MS Panesar,England,2007,8,14,29,2,0,7,325,420,1,377,5,48.275862068965516,4.642857142857143
MS Panesar,England,2007/08,1,3,13,0,0,1,31,60,0,52,0,23.076923076923077,3.1
MS Sinclair,New Zealand,2002/03,5,113,200,8,1,0,0,0,0,177,4,56.49999999999999,0.0
MS Sinclair,New Zealand,2003/04,3,67,116,8,0,0,0,0,1,113,0,57.758620689655174,0.0
MS Sinclair,New Zealand,2004/05,2,65,117,5,0,0,0,0,1,97,1,55.55555555555556,0.0
MS Sinclair,New Zealand,2007/08,6,122,133,11,1,0,0,0,2,208,2,91.72932330827066,0.0
MS Tshabalala,South Africa,2007,4,2,3,0,0,3,145,156,0,142,3,66.66666666666666,5.576923076923077
MS Wade,Australia,2011/12,16,387,529,24,7,0,0,0,24,824,8,73.15689981096408,0.0
MS Wade,Australia,2012,7,84,167,4,1,0,0,0,3,119,2,50.29940119760479,0.0
MS Wade,Australia,2012/13,7,95,144,7,1,0,0,0,7,197,5,65.97222222222221,0.0
MS Wade,Australia,2013,6,97,127,10,1,0,0,0,3,193,2,76.37795275590551,0.0
MS Wade,Australia,2013/14,2,54,88,3,0,0,0,0,2,98,1,61.36363636363637,0.0
MS Wade,Australia,2014/15,5,117,144,8,1,0,0,0,13,283,4,81.25,0.0
MS Wade,Australia,2015,6,166,123,20,3,0,0,0,13,420,4,134.95934959349594,0.0
MS Wade,Australia,2015/16,7,98,114,6,3,0,0,0,10,239,4,85.96491228070175,0.0
MS Wade,Australia,2016,10,243,277,12,4,0,0,0,10,469,7,87.72563176895306,0.0
MS Wade,Australia,2016/17,14,325,339,25,9,0,0,0,13,667,8,95.87020648967551,0.0
MS Wade,Australia,2017,3,2,3,0,0,0,0,0,3,26,0,66.66666666666666,0.0
MS Wade,Australia,2017/18,4,34,41,1,1,0,0,0,3,68,1,82.92682926829268,0.0
MS Wade,Australia,2021,3,90,130,7,2,0,0,0,0,146,2,69.23076923076923,0.0
MT Chinouya,Zimbabwe,2013,2,6,9,1,0,1,48,68,0,58,0,66.66666666666666,4.235294117647059
MV Boucher,South Africa,2002/03,6,125,153,8,2,0,0,0,11,271,3,81.69934640522875,0.0
MV Boucher,South Africa,2003,5,96,142,11,0,0,0,0,9,236,3,67.6056338028169,0.0
MV Boucher,South Africa,2003/04,9,69,70,7,0,0,0,0,16,257,4,98.57142857142858,0.0
MV Boucher,South Africa,2004,3,58,97,4,1,0,0,0,2,96,0,59.79381443298969,0.0
MV Boucher,South Africa,2004/05,10,203,210,18,3,0,0,0,8,380,7,96.66666666666667,0.0
MV Boucher,Africa XI,2005,1,42,61,3,0,0,0,0,4,94,1,68.85245901639344,0.0
MV Boucher,South Africa,2005,2,16,13,1,0,0,0,0,0,32,2,123.07692307692308,0.0
MV Boucher,South Africa,2005/06,18,503,621,33,8,0,0,0,27,1050,10,80.99838969404188,0.0
MV Boucher,South Africa,2006/07,26,609,537,48,27,0,0,0,41,1479,18,113.40782122905028,0.0
MV Boucher,Africa XI,2007,3,105,113,8,2,0,0,0,1,175,0,92.92035398230088,0.0
MV Boucher,South Africa,2007,4,91,97,6,1,0,0,0,6,199,2,93.81443298969072,0.0
MV Boucher,South Africa,2007/08,12,223,312,16,1,0,0,0,17,475,9,71.47435897435898,0.0
MV Boucher,South Africa,2008,4,55,77,5,0,0,0,0,3,97,0,71.42857142857143,0.0
MV Boucher,South Africa,2008/09,10,199,179,12,7,0,0,0,10,469,7,111.17318435754191,0.0
MV Boucher,South Africa,2009/10,11,195,236,17,3,0,0,0,14,423,5,82.62711864406779,0.0
MV Boucher,South Africa,2010,1,6,19,0,0,0,0,0,1,14,1,31.57894736842105,0.0
MV Boucher,South Africa,2011/12,3,22,24,2,0,0,0,0,3,60,1,91.66666666666666,0.0
MVT Fernando,Sri Lanka,2017,5,20,34,2,0,3,217,222,0,182,0,58.82352941176471,5.864864864864865
MVT Fernando,Sri Lanka,2017/18,1,7,11,1,0,0,21,24,0,23,0,63.63636363636363,5.25
MVT Fernando,Sri Lanka,2018/19,2,3,17,0,0,2,88,62,0,65,0,17.647058823529413,8.516129032258064
MW Forde,West Indies,2023/24,4,39,49,3,1,5,134,142,2,252,1,79.59183673469387,5.661971830985915
MW Forde,West Indies,2024/25,4,23,11,0,3,8,139,199,1,327,3,209.0909090909091,4.190954773869347
MW Harvey,Australia,2022/23,1,0,0,0,0,0,0,0,1,8,1,0.0,0.0
MW Harvey,Australia,2023/24,3,0,0,0,0,0,0,0,2,22,3,0.0,0.0
MW Machan,Scotland,2013,2,38,44,5,1,1,64,85,1,131,0,86.36363636363636,4.517647058823529
MW Machan,Scotland,2013/14,2,81,80,6,1,1,36,44,0,164,2,101.25,4.909090909090909
MW Machan,Scotland,2014,1,33,38,4,0,0,6,6,0,55,0,86.8421052631579,6.0
MW Machan,Scotland,2014/15,6,241,335,21,2,1,107,91,0,438,0,71.94029850746269,7.054945054945056
MW Parkinson,England,2019/20,2,0,0,0,0,0,62,65,0,21,0,0.0,5.723076923076923
MW Parkinson,England,2021,3,7,8,1,0,5,138,146,1,192,3,87.5,5.671232876712329
MW Short,Australia,2023/24,4,52,67,4,1,0,64,74,2,120,2,77.61194029850746,5.189189189189189
MW Short,Australia,2024,4,101,79,12,6,1,91,87,2,276,3,127.84810126582278,6.275862068965517
MW Short,Australia,2024/25,3,42,51,5,0,0,2,6,1,78,1,82.35294117647058,2.0
MWA van Nierop,Netherlands,2006/07,1,4,16,1,0,0,0,0,0,8,1,25.0,0.0
Mahbubul Alam,Bangladesh,2008/09,2,22,28,1,1,1,84,87,1,98,1,78.57142857142857,5.793103448275862
Mahbubul Alam,Bangladesh,2009,3,59,44,2,3,6,177,150,0,307,2,134.0909090909091,7.08
Mahedi Hasan,Bangladesh,2020/21,3,24,35,1,2,2,100,139,0,146,0,68.57142857142857,4.316546762589928
Mahedi Hasan,Bangladesh,2023,5,65,85,7,0,4,179,249,0,291,1,76.47058823529412,4.313253012048193
Mahedi Hasan,Bangladesh,2023/24,3,33,75,2,0,6,146,146,1,245,0,44.0,6.0
Mahmudullah,Bangladesh,2007,1,36,55,1,0,2,28,30,0,104,0,65.45454545454545,5.6
Mahmudullah,Bangladesh,2007/08,5,130,236,11,0,1,200,183,0,267,0,55.08474576271186,6.557377049180328
Mahmudullah,Bangladesh,2008,8,89,168,3,0,3,279,331,0,285,1,52.976190476190474,5.057401812688822
Mahmudullah,Bangladesh,2008/09,2,0,0,0,0,2,30,56,0,80,2,0.0,3.214285714285714
Mahmudullah,Bangladesh,2009,8,164,199,10,4,7,278,338,4,577,7,82.41206030150754,4.93491124260355
Mahmudullah,Bangladesh,2009/10,14,334,438,27,4,6,339,370,5,818,3,76.25570776255708,5.4972972972972975
Mahmudullah,Bangladesh,2010,7,102,199,6,0,1,153,170,0,216,2,51.256281407035175,5.4
Mahmudullah,Bangladesh,2010/11,8,105,218,9,0,7,221,298,0,440,5,48.1651376146789,4.449664429530202
Mahmudullah,Bangladesh,2011,8,216,248,16,4,4,221,300,5,596,2,87.09677419354838,4.42
Mahmudullah,Bangladesh,2011/12,7,109,153,11,0,4,75,99,2,308,2,71.24183006535948,4.545454545454546
Mahmudullah,Bangladesh,2012/13,7,194,274,20,1,8,215,342,2,681,4,70.8029197080292,3.7719298245614037
Mahmudullah,Bangladesh,2013,3,142,166,9,2,1,59,72,0,273,1,85.54216867469879,4.916666666666667
Mahmudullah,Bangladesh,2013/14,8,102,133,6,1,7,235,286,4,456,3,76.69172932330827,4.93006993006993
Mahmudullah,Bangladesh,2014,6,79,108,9,1,3,138,175,3,285,0,73.14814814814815,4.731428571428571
Mahmudullah,Bangladesh,2014/15,10,521,645,52,6,3,212,225,6,1124,7,80.7751937984496,5.653333333333333
Mahmudullah,Bangladesh,2015,6,76,126,9,0,2,69,105,2,223,5,60.317460317460316,3.942857142857143
Mahmudullah,Bangladesh,2015/16,3,65,83,6,1,0,0,0,0,103,3,78.3132530120482,0.0
Mahmudullah,Bangladesh,2016/17,9,130,162,9,2,0,35,30,6,271,2,80.24691358024691,7.0
Mahmudullah,Bangladesh,2017,8,277,311,26,5,0,31,30,3,509,3,89.06752411575563,6.2
Mahmudullah,Bangladesh,2017/18,7,172,230,15,5,0,76,68,4,346,2,74.78260869565217,6.705882352941176
Mahmudullah,Bangladesh,2018,7,165,207,10,5,1,88,111,3,352,4,79.71014492753623,4.756756756756757
Mahmudullah,Bangladesh,2018/19,9,80,156,5,2,3,186,193,1,257,5,51.28205128205128,5.782383419689119
Mahmudullah,Bangladesh,2019,13,294,337,17,8,0,25,25,4,490,6,87.24035608308606,6.0
Mahmudullah,Bangladesh,2019/20,3,76,89,5,1,0,33,43,3,150,3,85.39325842696628,4.604651162790698
Mahmudullah,Bangladesh,2020/21,5,192,211,12,8,0,10,13,1,344,2,90.99526066350711,4.615384615384616
Mahmudullah,Bangladesh,2021,6,207,290,8,5,2,46,61,4,406,5,71.37931034482759,4.524590163934427
Mahmudullah,Bangladesh,2021/22,3,50,62,4,1,1,31,20,1,119,2,80.64516129032258,9.299999999999999
Mahmudullah,Bangladesh,2022,6,206,301,12,4,0,11,9,1,323,4,68.43853820598007,7.333333333333333
Mahmudullah,Bangladesh,2022/23,6,182,265,14,2,1,41,30,3,337,3,68.67924528301886,8.2
Mahmudullah,Bangladesh,2023,3,70,104,6,1,0,45,48,0,119,0,67.3076923076923,5.625
Mahmudullah,Bangladesh,2023/24,10,366,415,32,15,0,25,25,5,707,3,88.19277108433735,6.0
Mahmudullah,Bangladesh,2024/25,3,196,206,12,11,0,0,0,0,364,0,95.14563106796116,0.0
Manjural Islam,Bangladesh,2002/03,5,2,11,0,0,5,173,227,1,231,0,18.181818181818183,4.572687224669603
Manjural Islam Rana,Bangladesh,2003/04,4,109,209,8,0,0,102,140,0,203,0,52.15311004784689,4.371428571428572
Manjural Islam Rana,Bangladesh,2004,4,83,140,4,0,4,98,164,0,279,0,59.285714285714285,3.5853658536585367
Manjural Islam Rana,Bangladesh,2004/05,3,29,74,2,0,2,94,178,0,163,1,39.189189189189186,3.1685393258426964
Manjural Islam Rana,Bangladesh,2005,3,7,13,1,0,4,93,116,0,153,0,53.84615384615385,4.810344827586207
Manjural Islam Rana,Bangladesh,2005/06,1,23,32,2,0,0,15,12,0,35,0,71.875,7.5
Mansoor Amjad,Pakistan,2008,2,5,10,0,0,1,44,48,1,58,1,50.0,5.5
Mashrafe Mortaza,Bangladesh,2002/03,1,0,2,0,0,2,31,55,0,73,0,0.0,3.381818181818182
Mashrafe Mortaza,Bangladesh,2003,5,17,24,2,0,6,242,283,0,295,0,70.83333333333334,5.130742049469965
Mashrafe Mortaza,Bangladesh,2004/05,3,56,37,4,3,1,138,173,2,210,1,151.35135135135135,4.786127167630058
Mashrafe Mortaza,Bangladesh,2005,5,30,31,4,0,3,184,246,1,235,1,96.7741935483871,4.487804878048781
Mashrafe Mortaza,Bangladesh,2005/06,6,43,55,2,2,8,248,297,1,394,1,78.18181818181819,5.01010101010101
Mashrafe Mortaza,Bangladesh,2006,3,43,53,6,0,12,98,180,0,482,3,81.13207547169812,3.2666666666666666
Mashrafe Mortaza,Bangladesh,2006/07,16,175,232,12,6,22,508,822,3,1246,8,75.43103448275862,3.708029197080292
Mashrafe Mortaza,Asia XI,2007,2,14,20,0,0,1,105,98,1,81,2,70.0,6.428571428571429
Mashrafe Mortaza,Bangladesh,2007,2,48,34,1,5,3,79,129,0,223,0,141.1764705882353,3.6744186046511627
Mashrafe Mortaza,Bangladesh,2007/08,10,125,224,9,1,10,383,450,3,629,0,55.80357142857143,5.1066666666666665
Mashrafe Mortaza,Bangladesh,2008,10,74,133,2,1,6,414,509,4,453,1,55.639097744360896,4.880157170923379
Mashrafe Mortaza,Bangladesh,2008/09,4,3,15,0,0,9,138,209,2,327,2,20.0,3.9617224880382773
Mashrafe Mortaza,Bangladesh,2009/10,1,4,6,1,0,0,37,36,0,20,0,66.66666666666666,6.166666666666667
Mashrafe Mortaza,Bangladesh,2010,7,56,65,9,1,8,276,330,0,424,2,86.15384615384616,5.0181818181818185
Mashrafe Mortaza,Bangladesh,2010/11,5,38,31,5,1,3,98,171,1,239,4,122.58064516129032,3.43859649122807
Mashrafe Mortaza,Bangladesh,2011,2,0,0,0,0,5,144,109,0,155,0,0.0,7.9266055045871555
Mashrafe Mortaza,Bangladesh,2011/12,4,19,12,2,0,6,173,243,1,282,2,158.33333333333331,4.271604938271605
Mashrafe Mortaza,Bangladesh,2012/13,4,24,34,1,2,5,147,190,1,245,2,70.58823529411765,4.6421052631578945
Mashrafe Mortaza,Bangladesh,2013/14,5,38,37,5,2,3,228,242,2,253,3,102.7027027027027,5.652892561983471
Mashrafe Mortaza,Bangladesh,2014,6,40,48,3,2,9,211,304,0,428,0,83.33333333333334,4.1644736842105265
Mashrafe Mortaza,Bangladesh,2014/15,9,62,60,6,2,13,370,452,3,637,7,103.33333333333334,4.911504424778761
Mashrafe Mortaza,Bangladesh,2015,8,25,41,3,0,10,335,373,3,434,6,60.97560975609756,5.3887399463806975
Mashrafe Mortaza,Bangladesh,2015/16,3,43,33,5,1,4,93,147,1,243,3,130.3030303030303,3.795918367346939
Mashrafe Mortaza,Bangladesh,2016/17,9,106,109,9,4,17,418,510,4,834,2,97.24770642201835,4.91764705882353
Mashrafe Mortaza,Bangladesh,2017,7,31,32,5,0,7,277,349,1,368,3,96.875,4.762177650429799
Mashrafe Mortaza,Bangladesh,2017/18,8,29,50,4,0,6,326,368,1,328,3,57.99999999999999,5.315217391304348
Mashrafe Mortaza,Bangladesh,2018,7,94,99,6,5,11,261,348,2,597,4,94.94949494949495,4.5
Mashrafe Mortaza,Bangladesh,2018/19,9,32,53,1,1,8,388,497,0,429,5,60.37735849056604,4.6841046277666
Mashrafe Mortaza,Bangladesh,2019,11,34,35,1,3,7,505,501,2,411,6,97.14285714285714,6.047904191616767
Mashrafe Mortaza,Bangladesh,2019/20,3,1,4,0,0,4,132,135,1,155,3,25.0,5.866666666666666
Matiullah Khan,United Arab Emirates,2023,1,0,0,0,0,1,36,31,0,35,0,0.0,6.967741935483871
Mehedi Hasan Miraz,Bangladesh,2016/17,3,51,75,6,0,4,141,181,0,253,1,68.0,4.6740331491712706
Mehedi Hasan Miraz,Bangladesh,2017,2,20,32,2,0,0,49,54,0,46,0,62.5,5.444444444444445
Mehedi Hasan Miraz,Bangladesh,2017/18,2,20,53,1,0,3,112,120,0,135,0,37.735849056603776,5.6
Mehedi Hasan Miraz,Bangladesh,2018,7,101,144,6,2,6,231,370,1,462,4,70.13888888888889,3.745945945945946
Mehedi Hasan Miraz,Bangladesh,2018/19,8,90,99,12,1,12,313,424,4,652,4,90.9090909090909,4.429245283018868
Mehedi Hasan Miraz,Bangladesh,2019,12,90,96,12,0,11,565,671,4,681,5,93.75,5.052160953800298
Mehedi Hasan Miraz,Bangladesh,2019/20,3,12,10,0,1,3,104,139,1,155,3,120.0,4.489208633093525
Mehedi Hasan Miraz,Bangladesh,2020/21,6,1,12,0,0,6,141,263,2,281,3,8.333333333333332,3.2167300380228134
Mehedi Hasan Miraz,Bangladesh,2021,5,32,46,1,1,8,153,244,4,377,4,69.56521739130434,3.7622950819672134
Mehedi Hasan Miraz,Bangladesh,2021/22,3,57,66,1,4,5,143,145,2,278,2,86.36363636363636,5.917241379310345
Mehedi Hasan Miraz,Bangladesh,2022,6,45,72,4,0,11,251,282,3,482,4,62.5,5.340425531914893
Mehedi Hasan Miraz,Bangladesh,2022/23,7,160,171,13,6,9,312,331,3,662,4,93.56725146198829,5.6555891238670695
Mehedi Hasan Miraz,Bangladesh,2023,7,129,161,15,0,3,171,210,3,371,3,80.12422360248446,4.885714285714286
Mehedi Hasan Miraz,Bangladesh,2023/24,14,228,294,21,4,11,600,661,5,915,4,77.55102040816327,5.446293494704992
Mehedi Hasan Miraz,Bangladesh,2024/25,3,152,185,14,3,1,152,145,1,351,0,82.16216216216216,6.289655172413793
Mehrab Hossain jnr,Bangladesh,2006/07,5,150,327,16,0,2,47,74,1,312,5,45.87155963302752,3.8108108108108105
Mehrab Hossain jnr,Bangladesh,2007,1,0,0,0,0,0,0,0,1,8,0,0.0,0.0
Mehrab Hossain jnr,Bangladesh,2007/08,1,3,14,0,0,0,0,0,1,11,0,21.428571428571427,0.0
Mehrab Hossain jnr,Bangladesh,2008,2,1,18,0,0,0,0,0,1,6,0,5.555555555555555,0.0
Mehrab Hossain jnr,Bangladesh,2008/09,2,4,31,0,0,0,7,12,1,10,1,12.903225806451612,3.5
Mehrab Hossain jnr,Bangladesh,2009,2,25,41,1,0,1,99,102,1,106,1,60.97560975609756,5.823529411764706
Mehran Khan,Oman,2024,4,66,70,3,6,0,74,61,0,140,0,94.28571428571428,7.278688524590164
Milind Kumar,United States of America,2024,8,354,316,31,11,8,151,217,5,994,6,112.0253164556962,4.175115207373272
Milind Kumar,United States of America,2024/25,1,5,23,0,0,0,0,0,0,-1,0,21.73913043478261,0.0
Misbah-ul-Haq,Pakistan,2002/03,1,42,55,2,1,0,0,0,0,60,1,76.36363636363637,0.0
Misbah-ul-Haq,Pakistan,2003/04,2,25,31,1,1,0,0,0,1,43,2,80.64516129032258,0.0
Misbah-ul-Haq,Pakistan,2004/05,1,23,39,3,0,0,0,0,0,35,1,58.97435897435898,0.0
Misbah-ul-Haq,Pakistan,2007/08,18,505,553,37,9,0,30,24,9,857,12,91.32007233273056,7.5
Misbah-ul-Haq,Pakistan,2008,8,275,239,25,8,0,0,0,6,537,5,115.06276150627615,0.0
Misbah-ul-Haq,Pakistan,2008/09,5,60,105,1,0,0,0,0,2,95,3,57.14285714285714,0.0
Misbah-ul-Haq,Pakistan,2009,8,252,377,21,1,0,0,0,8,446,4,66.84350132625994,0.0
Misbah-ul-Haq,Pakistan,2009/10,3,47,77,4,0,0,0,0,2,77,2,61.038961038961034,0.0
Misbah-ul-Haq,Pakistan,2010/11,13,482,687,27,5,0,0,0,3,745,9,70.16011644832606,0.0
Misbah-ul-Haq,Pakistan,2011,8,267,351,18,3,0,0,0,5,451,6,76.06837606837607,0.0
Misbah-ul-Haq,Pakistan,2011/12,15,415,686,27,4,0,0,0,8,643,9,60.49562682215743,0.0
Misbah-ul-Haq,Pakistan,2012,7,232,364,16,0,0,0,0,3,352,2,63.73626373626373,0.0
Misbah-ul-Haq,Pakistan,2012/13,8,284,403,25,6,0,0,0,1,474,4,70.47146401985111,0.0
Misbah-ul-Haq,Pakistan,2013,13,693,992,38,13,0,0,0,4,1141,7,69.85887096774194,0.0
Misbah-ul-Haq,Pakistan,2013/14,17,555,741,33,13,0,0,0,6,915,8,74.89878542510121,0.0
Misbah-ul-Haq,Pakistan,2014,3,67,104,6,0,0,0,0,0,95,1,64.42307692307693,0.0
Misbah-ul-Haq,Pakistan,2014/15,13,528,745,35,12,0,0,0,3,853,5,70.87248322147651,0.0
Mohammad Aadil Alam,Nepal,2022,6,70,82,6,3,6,157,272,1,409,2,85.36585365853658,3.4632352941176467
Mohammad Abbas,Pakistan,2018/19,3,0,0,0,0,1,148,167,0,82,0,0.0,5.317365269461078
Mohammad Amir,Pakistan,2009,5,51,69,5,0,9,173,269,2,431,2,73.91304347826086,3.8587360594795537
Mohammad Amir,Pakistan,2009/10,8,108,130,13,3,14,284,427,2,729,3,83.07692307692308,3.9906323185011705
Mohammad Amir,Pakistan,2010,2,8,21,0,0,2,109,123,0,102,0,38.095238095238095,5.317073170731708
Mohammad Amir,Pakistan,2015/16,2,1,8,0,0,5,62,108,0,164,0,12.5,3.4444444444444446
Mohammad Amir,Pakistan,2016,5,64,35,6,4,5,199,242,0,353,2,182.85714285714286,4.9338842975206605
Mohammad Amir,Pakistan,2016/17,7,37,40,2,1,10,345,388,0,455,3,92.5,5.335051546391752
Mohammad Amir,Pakistan,2017,7,37,61,1,0,10,273,364,0,445,5,60.65573770491803,4.5
Mohammad Amir,Pakistan,2017/18,4,22,39,3,0,2,139,174,0,165,0,56.41025641025641,4.793103448275862
Mohammad Amir,Pakistan,2018,6,18,26,1,0,1,156,253,0,171,4,69.23076923076923,3.6996047430830044
Mohammad Amir,Pakistan,2018/19,4,6,13,0,0,2,159,188,0,126,1,46.15384615384615,5.074468085106383
Mohammad Amir,Pakistan,2019,7,11,15,1,0,17,307,388,1,608,4,73.33333333333333,4.747422680412371
Mohammad Amir,Pakistan,2019/20,2,0,0,0,0,4,66,107,0,145,2,0.0,3.7009345794392527
Mohammad Ashraful,Bangladesh,2002/03,4,71,109,8,1,0,33,39,2,150,0,65.13761467889908,5.076923076923077
Mohammad Ashraful,Bangladesh,2003,2,4,9,1,0,0,0,0,0,5,0,44.44444444444444,0.0
Mohammad Ashraful,Bangladesh,2003/04,1,0,2,0,0,0,4,3,0,-2,0,0.0,8.0
Mohammad Ashraful,Bangladesh,2004,6,108,212,9,1,0,4,3,0,156,0,50.943396226415096,8.0
Mohammad Ashraful,Bangladesh,2004/05,4,49,79,4,0,0,0,0,1,75,0,62.0253164556962,0.0
Mohammad Ashraful,Asia XI,2005,1,0,1,0,0,0,0,0,0,-3,0,0.0,0.0
Mohammad Ashraful,Bangladesh,2005,6,169,201,14,3,0,4,1,0,289,1,84.07960199004975,24.0
Mohammad Ashraful,Bangladesh,2005/06,5,137,202,17,0,0,0,0,2,241,1,67.82178217821783,0.0
Mohammad Ashraful,Bangladesh,2006,3,88,77,15,1,0,0,0,1,180,3,114.28571428571428,0.0
Mohammad Ashraful,Bangladesh,2006/07,16,290,438,34,1,0,7,2,2,484,8,66.21004566210046,21.0
Mohammad Ashraful,Bangladesh,2007,5,94,147,8,0,1,1,7,1,169,0,63.94557823129252,0.8571428571428571
Mohammad Ashraful,Bangladesh,2007/08,11,196,253,25,1,0,49,37,1,343,0,77.4703557312253,7.945945945945946
Mohammad Ashraful,Bangladesh,2008,10,268,414,21,1,0,0,0,3,440,1,64.73429951690821,0.0
Mohammad Ashraful,Bangladesh,2008/09,4,120,180,14,0,0,9,24,1,206,2,66.66666666666666,2.25
Mohammad Ashraful,Bangladesh,2009,8,288,399,25,3,2,13,30,2,558,7,72.18045112781954,2.6
Mohammad Ashraful,Bangladesh,2009/10,12,249,406,27,2,1,87,100,3,495,4,61.330049261083744,5.22
Mohammad Ashraful,Bangladesh,2010,4,56,118,3,1,0,28,30,1,86,1,47.45762711864407,5.6
Mohammad Ashraful,Bangladesh,2010/11,3,18,37,3,0,2,52,67,1,112,1,48.64864864864865,4.656716417910448
Mohammad Ashraful,Bangladesh,2011,3,23,66,3,0,0,37,49,0,47,1,34.84848484848485,4.530612244897959
Mohammad Ashraful,Bangladesh,2011/12,2,2,8,0,0,0,17,12,0,3,0,25.0,8.5
Mohammad Ashraful,Bangladesh,2012/13,2,29,45,5,0,0,0,0,0,50,1,64.44444444444444,0.0
Mohammad Ashraful,Bangladesh,2013,3,42,62,5,0,0,0,0,0,66,1,67.74193548387096,0.0
Mohammad Asif,Pakistan,2005/06,10,9,18,1,0,10,340,527,1,530,4,50.0,3.870967741935484
Mohammad Asif,Pakistan,2006,5,4,13,0,0,8,172,290,0,345,2,30.76923076923077,3.5586206896551724
Mohammad Asif,Pakistan,2006/07,4,7,37,0,0,3,127,177,0,151,1,18.91891891891892,4.305084745762712
Mohammad Asif,Asia XI,2007,3,0,0,0,0,4,191,186,2,179,3,0.0,6.161290322580645
Mohammad Asif,Pakistan,2007/08,3,5,3,0,0,5,130,160,0,190,2,166.66666666666669,4.875
Mohammad Asif,Pakistan,2009/10,5,1,21,0,0,8,204,295,1,320,0,4.761904761904762,4.149152542372882
Mohammad Asif,Pakistan,2010,2,0,2,0,0,2,113,116,0,85,1,0.0,5.844827586206897
Mohammad Boota,United Arab Emirates,2017/18,4,75,122,5,1,0,0,0,0,115,0,61.47540983606557,0.0
Mohammad Boota,United Arab Emirates,2018/19,2,62,39,5,4,0,10,12,0,128,1,158.97435897435898,5.0
Mohammad Boota,United Arab Emirates,2019,1,36,79,2,1,0,0,0,0,52,0,45.56962025316456,0.0
Mohammad Hafeez,Pakistan,2002/03,4,100,194,9,1,5,82,147,2,357,4,51.546391752577314,3.3469387755102042
Mohammad Hafeez,Pakistan,2003,9,235,431,30,0,8,202,324,3,734,5,54.524361948955914,3.740740740740741
Mohammad Hafeez,Pakistan,2003/04,5,33,110,5,0,5,129,216,2,267,2,30.0,3.5833333333333335
Mohammad Hafeez,Pakistan,2004/05,6,35,93,3,0,3,161,177,4,207,3,37.634408602150536,5.4576271186440675
Mohammad Hafeez,Pakistan,2006,5,65,105,10,1,2,87,137,2,228,2,61.904761904761905,3.81021897810219
Mohammad Hafeez,Pakistan,2006/07,12,226,296,24,3,6,243,339,4,688,5,76.35135135135135,4.300884955752212
Mohammad Hafeez,Pakistan,2007/08,1,6,24,0,0,0,43,61,0,28,0,25.0,4.229508196721311
Mohammad Hafeez,Pakistan,2010,5,167,258,19,1,0,128,162,2,351,2,64.72868217054264,4.7407407407407405
Mohammad Hafeez,Pakistan,2010/11,19,584,728,72,4,17,503,744,4,1748,11,80.21978021978022,4.056451612903226
Mohammad Hafeez,Pakistan,2011,8,455,555,41,7,8,256,399,0,1159,6,81.98198198198197,3.8496240601503757
Mohammad Hafeez,Pakistan,2011/12,16,493,746,55,2,14,442,830,5,1585,10,66.08579088471849,3.195180722891566
Mohammad Hafeez,Pakistan,2012,8,162,252,12,3,9,223,408,0,655,2,64.28571428571429,3.2794117647058822
Mohammad Hafeez,Pakistan,2012/13,8,215,254,25,4,6,282,425,1,703,4,84.64566929133859,3.9811764705882355
Mohammad Hafeez,Pakistan,2013,14,517,606,48,12,7,360,624,6,1388,7,85.31353135313532,3.4615384615384617
Mohammad Hafeez,Pakistan,2013/14,16,717,912,63,11,10,579,779,9,1843,8,78.61842105263158,4.459563543003851
Mohammad Hafeez,Pakistan,2014,3,84,89,14,0,4,70,109,3,320,1,94.3820224719101,3.8532110091743115
Mohammad Hafeez,Pakistan,2014/15,6,204,243,19,5,0,0,0,0,369,2,83.9506172839506,0.0
Mohammad Hafeez,Pakistan,2015,11,462,519,46,12,5,222,268,4,1094,5,89.01734104046243,4.970149253731344
Mohammad Hafeez,Pakistan,2015/16,9,352,442,32,10,0,0,0,5,661,3,79.63800904977376,0.0
Mohammad Hafeez,Pakistan,2016,2,48,75,6,1,0,0,0,1,90,1,64.0,0.0
Mohammad Hafeez,Pakistan,2016/17,5,123,175,11,1,0,192,237,4,311,1,70.28571428571428,4.860759493670886
Mohammad Hafeez,Pakistan,2017,8,349,395,26,12,4,197,273,5,859,6,88.35443037974684,4.329670329670329
Mohammad Hafeez,Pakistan,2017/18,10,231,308,23,5,3,120,234,3,594,5,75.0,3.076923076923077
Mohammad Hafeez,Pakistan,2018/19,8,195,221,19,3,1,118,157,3,425,3,88.23529411764706,4.509554140127388
Mohammad Hafeez,Pakistan,2019,9,293,316,23,8,2,251,253,5,664,4,92.72151898734177,5.952569169960475
Mohammad Haris,Pakistan,2022,4,10,18,1,0,0,0,0,4,73,4,55.55555555555556,0.0
Mohammad Haris,Pakistan,2023,2,20,18,1,1,0,0,0,1,38,1,111.11111111111111,0.0
Mohammad Hasnain,Pakistan,2018/19,3,0,1,0,0,2,153,141,0,87,0,0.0,6.51063829787234
Mohammad Hasnain,Pakistan,2019,2,28,17,4,1,3,139,112,1,170,0,164.70588235294116,7.446428571428571
Mohammad Hasnain,Pakistan,2020/21,1,3,3,0,0,5,25,61,0,178,0,100.0,2.459016393442623
Mohammad Hasnain,Pakistan,2021,2,12,5,3,0,2,123,123,0,120,1,240.0,6.0
Mohammad Hasnain,Pakistan,2022/23,1,4,2,1,0,0,37,42,0,22,0,200.0,5.285714285714286
Mohammad Hasnain,Pakistan,2024/25,5,6,6,1,0,5,177,216,1,224,3,100.0,4.916666666666667
Mohammad Iqbal,Canada,2007/08,2,33,56,6,0,0,0,0,0,67,0,58.92857142857143,0.0
Mohammad Irfan,Pakistan,2010,2,3,5,0,0,0,76,76,0,28,0,60.0,6.0
Mohammad Irfan,Pakistan,2012/13,7,4,12,1,0,14,271,362,1,509,4,33.33333333333333,4.49171270718232
Mohammad Irfan,Pakistan,2013,13,6,17,1,0,16,426,669,3,732,6,35.294117647058826,3.820627802690583
Mohammad Irfan,Pakistan,2013/14,5,8,29,1,0,9,229,296,0,343,1,27.586206896551722,4.641891891891892
Mohammad Irfan,Pakistan,2014,3,6,15,1,0,3,142,163,0,138,1,40.0,5.226993865030675
Mohammad Irfan,Pakistan,2014/15,15,17,44,0,2,23,652,846,3,957,5,38.63636363636363,4.624113475177305
Mohammad Irfan,Pakistan,2015,5,4,7,1,0,4,246,292,0,225,3,57.14285714285714,5.054794520547945
Mohammad Irfan,Pakistan,2015/16,9,0,23,0,0,12,357,477,2,487,3,0.0,4.490566037735849
Mohammad Irfan,Pakistan,2016,1,0,0,0,0,2,23,33,1,79,0,0.0,4.181818181818182
Mohammad Kashif,Netherlands,2006/07,4,1,11,0,0,4,91,114,1,159,2,9.090909090909092,4.7894736842105265
Mohammad Khalil,Pakistan,2004/05,3,0,0,0,0,5,135,153,2,191,2,0.0,5.294117647058823
Mohammad Mithun,Bangladesh,2014,1,26,43,5,0,0,0,0,0,50,0,60.46511627906976,0.0
Mohammad Mithun,Bangladesh,2017/18,1,10,27,0,1,0,0,0,1,20,0,37.03703703703704,0.0
Mohammad Mithun,Bangladesh,2018,4,134,177,10,2,0,0,0,1,218,2,75.70621468926554,0.0
Mohammad Mithun,Bangladesh,2018/19,6,187,242,16,5,0,0,0,2,327,4,77.27272727272727,0.0
Mohammad Mithun,Bangladesh,2019,9,133,187,10,4,0,0,0,1,206,4,71.12299465240642,0.0
Mohammad Mithun,Bangladesh,2019/20,3,82,59,8,2,0,0,0,1,154,3,138.98305084745763,0.0
Mohammad Mithun,Bangladesh,2020/21,3,88,128,7,2,0,10,13,0,138,0,68.75,4.615384615384616
Mohammad Mithun,Bangladesh,2021,4,51,85,5,0,0,0,0,0,70,4,60.0,0.0
Mohammad Nadeem,Oman,2019,4,40,95,1,0,0,23,18,1,56,3,42.10526315789473,7.666666666666667
Mohammad Nadeem,Oman,2019/20,6,172,256,10,3,9,209,230,2,575,5,67.1875,5.452173913043478
Mohammad Nadeem,Oman,2021,5,98,213,4,1,3,93,138,0,253,3,46.009389671361504,4.043478260869565
Mohammad Nadeem,Oman,2021/22,3,19,45,2,0,3,131,147,1,157,1,42.22222222222222,5.346938775510204
Mohammad Nadeem,Oman,2022,5,75,83,6,1,0,49,46,2,150,3,90.36144578313254,6.391304347826087
Mohammad Nadeem,Oman,2023,9,266,381,27,2,2,171,181,0,523,2,69.81627296587926,5.668508287292817
Mohammad Nadeem,Oman,2024/25,3,27,64,2,0,0,0,0,0,33,3,42.1875,0.0
Mohammad Naim,Bangladesh,2019/20,1,0,0,0,0,0,0,0,2,16,1,0.0,0.0
Mohammad Naim,Bangladesh,2021,1,1,2,0,0,0,0,0,0,1,0,50.0,0.0
Mohammad Naim,Bangladesh,2022,1,0,0,0,0,0,0,0,1,8,0,0.0,0.0
Mohammad Naim,Bangladesh,2023,3,57,97,8,0,0,0,0,0,87,0,58.76288659793815,0.0
Mohammad Naveed,United Arab Emirates,2014,1,16,25,0,1,1,15,39,0,78,1,64.0,2.3076923076923075
Mohammad Naveed,United Arab Emirates,2014/15,6,73,62,6,5,8,295,314,1,448,0,117.74193548387098,5.6369426751592355
Mohammad Naveed,United Arab Emirates,2016,2,3,7,0,0,2,100,102,0,85,0,42.857142857142854,5.882352941176471
Mohammad Naveed,United Arab Emirates,2016/17,4,57,47,7,3,4,137,213,1,306,2,121.27659574468086,3.859154929577465
Mohammad Naveed,United Arab Emirates,2017,2,2,10,0,0,1,76,79,1,58,1,20.0,5.772151898734178
Mohammad Naveed,United Arab Emirates,2017/18,9,73,82,9,2,19,450,475,0,772,3,89.02439024390245,5.684210526315789
Mohammad Naveed,United Arab Emirates,2018,1,0,1,0,0,3,47,61,1,100,1,0.0,4.622950819672131
Mohammad Naveed,United Arab Emirates,2018/19,3,30,12,1,3,5,121,172,0,255,1,250.0,4.220930232558139
Mohammad Naveed,United Arab Emirates,2019,3,21,21,0,2,2,78,104,0,131,0,100.0,4.5
Mohammad Nawaz,Pakistan,2022,6,50,70,1,3,11,251,351,2,507,6,71.42857142857143,4.2905982905982905
Mohammad Nawaz,Pakistan,2022/23,3,11,15,0,1,6,124,181,2,251,1,73.33333333333333,4.110497237569061
Mohammad Nawaz,Pakistan,2023,6,31,34,4,0,1,215,223,3,172,4,91.17647058823529,5.7847533632287
Mohammad Nawaz,Pakistan,2023/24,5,81,100,5,3,2,223,227,1,258,2,81.0,5.894273127753304
Mohammad Nawaz (3),Pakistan,2016,5,119,127,11,0,2,191,203,1,306,2,93.7007874015748,5.6453201970443345
Mohammad Nawaz (3),Pakistan,2016/17,4,24,35,0,1,7,166,207,0,287,3,68.57142857142857,4.811594202898551
Mohammad Nawaz (3),Pakistan,2017/18,1,23,13,3,1,0,43,60,1,75,0,176.9230769230769,4.3
Mohammad Nawaz (3),Pakistan,2018,3,23,36,1,0,2,116,154,0,128,1,63.888888888888886,4.51948051948052
Mohammad Nawaz (3),Pakistan,2019/20,1,0,0,0,0,1,24,24,0,33,1,0.0,6.0
Mohammad Nawaz (3),Pakistan,2021,1,4,10,0,0,3,34,42,0,93,1,40.0,4.857142857142857
Mohammad Rafique,Bangladesh,2002/03,5,59,79,5,2,2,128,179,0,224,0,74.68354430379746,4.290502793296089
Mohammad Rafique,Bangladesh,2003,6,38,73,6,0,4,218,304,2,299,0,52.054794520547944,4.302631578947369
Mohammad Rafique,Bangladesh,2003/04,2,40,43,6,0,0,70,69,0,88,0,93.02325581395348,6.086956521739131
Mohammad Rafique,Bangladesh,2004,6,71,120,3,1,1,225,287,0,227,0,59.166666666666664,4.70383275261324
Mohammad Rafique,Bangladesh,2004/05,4,91,99,9,5,4,160,244,0,374,1,91.91919191919192,3.934426229508197
Mohammad Rafique,Bangladesh,2005,6,58,94,5,2,3,269,318,2,295,1,61.702127659574465,5.0754716981132075
Mohammad Rafique,Bangladesh,2005/06,6,36,69,3,0,8,185,302,0,368,1,52.17391304347826,3.6754966887417218
Mohammad Rafique,Bangladesh,2006,4,0,7,0,0,2,103,199,0,147,4,0.0,3.105527638190955
Mohammad Rafique,Bangladesh,2006/07,15,74,128,2,2,14,495,791,2,800,7,57.8125,3.754740834386852
Mohammad Rafique,Asia XI,2007,2,1,6,0,0,5,125,122,0,163,2,16.666666666666664,6.147540983606557
Mohammad Rafique,Bangladesh,2007,2,24,27,0,2,3,105,121,1,159,0,88.88888888888889,5.206611570247934
Mohammad Rizwan,Pakistan,2015,8,220,221,23,2,0,0,0,7,428,3,99.5475113122172,0.0
Mohammad Rizwan,Pakistan,2015/16,7,128,154,8,3,0,0,0,3,224,2,83.11688311688312,0.0
Mohammad Rizwan,Pakistan,2016,2,40,48,4,0,0,0,0,2,78,1,83.33333333333334,0.0
Mohammad Rizwan,Pakistan,2016/17,8,72,101,3,0,0,0,0,12,208,4,71.28712871287128,0.0
Mohammad Rizwan,Pakistan,2018/19,7,245,279,23,1,0,0,0,5,474,1,87.81362007168458,0.0
Mohammad Rizwan,Pakistan,2020/21,3,25,61,0,0,0,0,0,3,43,2,40.98360655737705,0.0
Mohammad Rizwan,Pakistan,2021,6,134,143,16,0,0,0,0,5,255,2,93.7062937062937,0.0
Mohammad Rizwan,Pakistan,2021/22,2,33,45,0,0,0,0,0,2,55,1,73.33333333333333,0.0
Mohammad Rizwan,Pakistan,2022,5,168,211,8,3,0,0,0,4,276,5,79.62085308056872,0.0
Mohammad Rizwan,Pakistan,2022/23,3,182,212,14,1,0,0,0,1,318,1,85.84905660377359,0.0
Mohammad Rizwan,Pakistan,2023,10,356,366,33,5,0,0,0,16,758,6,97.26775956284153,0.0
Mohammad Rizwan,Pakistan,2023/24,8,387,409,38,4,0,0,0,10,753,4,94.62102689486552,0.0
Mohammad Rizwan,Pakistan,2024/25,9,264,330,20,8,0,0,0,17,602,7,80.0,0.0
Mohammad Saifuddin,Bangladesh,2017/18,3,30,46,2,1,1,75,66,1,87,1,65.21739130434783,6.818181818181818
Mohammad Saifuddin,Bangladesh,2018/19,7,145,213,10,1,6,288,360,0,506,4,68.07511737089203,4.8
Mohammad Saifuddin,Bangladesh,2019,9,85,74,12,1,16,480,465,1,725,5,114.86486486486487,6.193548387096774
Mohammad Saifuddin,Bangladesh,2019/20,2,28,16,0,3,7,57,87,1,273,2,175.0,3.9310344827586206
Mohammad Saifuddin,Bangladesh,2020/21,2,12,6,1,0,3,91,101,0,124,1,200.0,5.405940594059406
Mohammad Saifuddin,Bangladesh,2021,5,60,84,4,0,7,203,198,1,318,5,71.42857142857143,6.151515151515151
Mohammad Salman,Pakistan,2011,4,22,40,2,0,0,0,0,2,67,2,55.00000000000001,0.0
Mohammad Sami,Pakistan,2002/03,4,23,15,1,2,9,121,219,0,379,4,153.33333333333334,3.315068493150685
Mohammad Sami,Pakistan,2003,8,33,55,2,1,11,259,434,2,548,4,60.0,3.580645161290323
Mohammad Sami,Pakistan,2003/04,11,78,88,1,3,21,438,652,2,940,6,88.63636363636364,4.030674846625767
Mohammad Sami,Pakistan,2004,7,19,36,0,1,6,215,315,1,317,4,52.77777777777778,4.095238095238095
Mohammad Sami,Pakistan,2004/05,5,14,35,1,0,5,241,296,1,260,3,40.0,4.885135135135135
Mohammad Sami,Pakistan,2005/06,4,14,20,1,0,6,154,184,1,248,1,70.0,5.021739130434782
Mohammad Sami,Pakistan,2006/07,5,65,113,6,1,6,167,251,0,355,2,57.52212389380531,3.9920318725099597
Mohammad Sami,Pakistan,2012,2,0,0,0,0,3,90,98,1,131,1,0.0,5.510204081632653
Mohammad Sami,Pakistan,2015,2,0,0,0,0,0,114,98,0,32,2,0.0,6.979591836734694
Mohammad Shahzad,United Arab Emirates,2014,1,0,2,0,0,4,25,61,0,135,1,0.0,2.459016393442623
Mohammad Shahzad,United Arab Emirates,2016,2,49,66,5,2,4,105,97,0,217,0,74.24242424242425,6.494845360824741
Mohammad Talha,Pakistan,2013/14,3,0,1,0,0,4,138,126,0,138,2,0.0,6.571428571428571
Mohammad Tauqir,United Arab Emirates,2008,2,26,39,4,0,2,52,79,1,126,0,66.66666666666666,3.949367088607595
Mohammad Tauqir,United Arab Emirates,2014/15,6,8,44,0,0,4,227,267,0,192,0,18.181818181818183,5.101123595505618
Mohammad Wasim,Pakistan,2021/22,3,0,1,0,0,5,149,174,1,205,2,0.0,5.137931034482759
Mohammad Wasim,Pakistan,2022,5,34,36,2,2,10,183,237,0,402,5,94.44444444444444,4.632911392405063
Mohammad Wasim,Pakistan,2022/23,3,17,20,1,0,3,120,124,0,149,1,85.0,5.806451612903225
Mohammad Wasim,Pakistan,2023,4,6,4,0,1,6,136,156,2,251,2,150.0,5.230769230769231
Mohammad Wasim,Pakistan,2023/24,4,23,26,2,2,10,203,236,1,393,2,88.46153846153845,5.161016949152542
Mohammad Yousuf,Pakistan,2005/06,13,423,599,38,0,0,0,0,4,679,5,70.6176961602671,0.0
Mohammad Yousuf,Pakistan,2006,4,149,288,9,1,0,0,0,0,207,2,51.736111111111114,0.0
Mohammad Yousuf,Pakistan,2006/07,12,453,614,46,2,1,0,1,0,774,4,73.7785016286645,0.0
Mohammad Yousuf,Asia XI,2007,3,119,129,8,2,0,0,0,2,205,3,92.24806201550388,0.0
Mohammad Yousuf,Pakistan,2007/08,19,993,1252,73,5,0,0,0,1,1565,13,79.31309904153355,0.0
Mohammad Yousuf,Pakistan,2008,6,168,170,23,0,0,0,0,0,290,3,98.82352941176471,0.0
Mohammad Yousuf,Pakistan,2009,3,53,77,6,0,0,0,0,0,81,2,68.83116883116884,0.0
Mohammad Yousuf,Pakistan,2009/10,10,329,475,29,2,0,0,0,4,535,3,69.26315789473684,0.0
Mohammad Yousuf,Pakistan,2010,5,93,132,4,1,0,0,0,1,125,2,70.45454545454545,0.0
Mohammad Yousuf,Pakistan,2010/11,1,3,5,0,0,0,0,0,0,3,0,60.0,0.0
Mohammed Qasim,United Arab Emirates,2016/17,2,47,85,6,0,0,0,0,1,83,2,55.294117647058826,0.0
Mohammed Qasim,United Arab Emirates,2017,2,44,94,4,0,2,43,78,1,152,1,46.808510638297875,3.3076923076923075
Mohammed Shami,India,2012/13,5,1,12,0,0,4,167,235,0,214,4,8.333333333333332,4.263829787234043
Mohammed Shami,India,2013,6,6,2,0,1,6,241,334,2,312,5,300.0,4.3293413173652695
Mohammed Shami,India,2013/14,17,46,57,1,3,38,947,916,3,1368,5,80.7017543859649,6.203056768558953
Mohammed Shami,India,2014,4,0,2,0,0,8,148,199,1,282,3,0.0,4.462311557788945
Mohammed Shami,India,2014/15,13,56,61,6,2,29,526,698,6,1182,8,91.80327868852459,4.521489971346705
Mohammed Shami,India,2017,2,1,2,0,0,4,81,120,0,157,1,50.0,4.05
Mohammed Shami,India,2017/18,1,6,6,1,0,0,61,61,0,34,0,100.0,6.0
Mohammed Shami,India,2018/19,13,15,19,2,0,22,624,724,5,875,9,78.94736842105263,5.171270718232044
Mohammed Shami,India,2019,6,4,10,0,0,14,240,267,3,500,4,40.0,5.393258426966292
Mohammed Shami,India,2019/20,7,11,17,1,0,13,406,396,2,505,4,64.70588235294117,6.151515151515151
Mohammed Shami,India,2020/21,2,14,15,1,1,4,130,116,1,168,0,93.33333333333333,6.724137931034483
Mohammed Shami,India,2022,3,23,28,2,1,4,113,148,0,190,2,82.14285714285714,4.581081081081081
Mohammed Shami,India,2022/23,8,20,17,1,1,10,282,331,0,435,6,117.64705882352942,5.11178247734139
Mohammed Shami,India,2023,2,6,6,1,0,3,58,93,0,127,1,100.0,3.7419354838709675
Mohammed Shami,India,2023/24,9,10,20,1,0,30,328,398,2,1001,8,50.0,4.944723618090452
Mohammed Siraj,India,2018/19,1,0,0,0,0,0,73,63,0,21,1,0.0,6.9523809523809526
Mohammed Siraj,India,2021/22,3,7,11,1,0,5,87,162,0,215,3,63.63636363636363,3.2222222222222223
Mohammed Siraj,India,2022,6,2,3,0,0,8,206,304,0,343,6,66.66666666666666,4.065789473684211
Mohammed Siraj,India,2022/23,14,21,51,1,0,30,463,634,5,1107,9,41.17647058823529,4.381703470031545
Mohammed Siraj,India,2023,5,6,21,0,0,10,116,164,1,365,4,28.57142857142857,4.2439024390243905
Mohammed Siraj,India,2023/24,11,10,17,1,0,15,444,512,0,591,9,58.82352941176471,5.203125
Mohammed Siraj,India,2024,3,9,30,0,0,3,155,152,0,144,0,30.0,6.11842105263158
Moin Khan,Pakistan,2003/04,8,210,227,17,3,0,0,0,9,432,5,92.51101321585902,0.0
Moin Khan,Pakistan,2004,7,43,57,3,0,0,0,0,6,109,4,75.43859649122807,0.0
Moin Khan,Pakistan,2004/05,2,21,34,1,0,0,0,0,1,45,1,61.76470588235294,0.0
Mominul Haque,Bangladesh,2012/13,5,80,121,8,1,2,20,31,2,208,3,66.11570247933885,3.8709677419354835
Mominul Haque,Bangladesh,2013,2,62,123,5,0,0,7,6,2,102,1,50.40650406504065,7.0
Mominul Haque,Bangladesh,2013/14,8,257,292,35,0,4,70,96,0,573,2,88.01369863013699,4.375
Mominul Haque,Bangladesh,2014,2,11,31,0,0,0,19,6,0,13,0,35.483870967741936,19.0
Mominul Haque,Bangladesh,2014/15,4,80,100,5,0,0,18,18,0,118,3,80.0,6.0
Mominul Haque,Bangladesh,2018,1,5,4,1,0,0,0,0,0,9,1,125.0,0.0
Moniruzzaman,Bangladesh,2003/04,2,1,20,0,0,0,0,0,0,-2,0,5.0,0.0
Mosaddek Hossain,Bangladesh,2016/17,9,164,190,17,4,2,215,216,3,419,2,86.31578947368422,5.972222222222222
Mosaddek Hossain,Bangladesh,2017,6,75,92,10,0,3,114,147,3,275,3,81.52173913043478,4.653061224489796
Mosaddek Hossain,Bangladesh,2018,5,27,57,1,0,0,70,91,1,67,3,47.368421052631575,4.615384615384616
Mosaddek Hossain,Bangladesh,2019,10,173,182,13,5,2,294,330,4,477,4,95.05494505494505,5.345454545454546
Mosaddek Hossain,Bangladesh,2021,5,71,109,4,1,0,55,52,3,146,4,65.13761467889908,6.346153846153847
Mosaddek Hossain,Bangladesh,2022,3,14,25,1,1,3,121,180,2,192,2,56.00000000000001,4.033333333333333
Mosharraf Hossain,Bangladesh,2007/08,3,15,44,0,0,1,97,135,0,86,0,34.090909090909086,4.311111111111111
Mosharraf Hossain,Bangladesh,2016/17,1,7,20,0,0,0,23,18,0,9,0,35.0,7.666666666666667
Mrittunjoy Chowdhury,Bangladesh,2023,1,8,11,0,0,0,61,51,2,39,1,72.72727272727273,7.176470588235294
Mudassar Bukhari,Netherlands,2007,1,0,0,0,0,0,14,20,0,10,0,0.0,4.2
Mudassar Bukhari,Netherlands,2008,1,1,4,0,0,0,9,12,0,5,0,25.0,4.5
Mudassar Bukhari,Netherlands,2010,1,7,27,0,0,0,18,24,0,13,0,25.925925925925924,4.5
Mudassar Bukhari,Netherlands,2010/11,6,68,92,4,3,5,245,293,0,354,0,73.91304347826086,5.017064846416382
Mudassar Bukhari,Netherlands,2011,1,28,22,1,1,3,21,54,0,149,0,127.27272727272727,2.3333333333333335
Mudassar Bukhari,Netherlands,2013,3,18,33,0,0,4,62,114,0,176,1,54.54545454545454,3.263157894736842
Mudassar Bukhari,Netherlands,2013/14,2,4,4,0,0,3,106,89,1,112,1,100.0,7.146067415730337
Muhammad Farooq,United Arab Emirates,2024,1,4,10,1,0,0,32,37,0,24,0,40.0,5.189189189189189
Muhammad Farooq,United Arab Emirates,2024/25,1,0,6,0,0,0,29,44,1,21,0,0.0,3.9545454545454546
Muhammad Jawadullah,United Arab Emirates,2023,5,14,13,1,1,6,227,235,1,263,1,107.6923076923077,5.795744680851064
Muhammad Jawadullah,United Arab Emirates,2024,2,0,2,0,0,1,59,53,0,34,1,0.0,6.679245283018868
Muhammad Musa,Pakistan,2020/21,2,9,3,2,0,2,99,99,0,109,1,300.0,6.0
Muhammad Usman,United Arab Emirates,2016,2,77,97,3,2,0,0,0,1,117,0,79.38144329896907,0.0
Muhammad Usman,United Arab Emirates,2016/17,4,95,148,11,1,0,0,0,3,181,2,64.1891891891892,0.0
Muhammad Usman,United Arab Emirates,2017,2,41,46,4,0,0,0,0,1,71,1,89.13043478260869,0.0
Muhammad Usman,United Arab Emirates,2017/18,9,186,240,17,3,0,0,0,0,298,3,77.5,0.0
Muhammad Usman,United Arab Emirates,2018,1,13,14,2,0,0,0,0,0,21,1,92.85714285714286,0.0
Muhammad Usman,United Arab Emirates,2018/19,3,58,94,8,1,0,0,0,1,112,1,61.702127659574465,0.0
Muhammad Usman,United Arab Emirates,2019,3,28,60,2,1,0,0,0,1,47,0,46.666666666666664,0.0
Muhammad Usman,United Arab Emirates,2019/20,5,200,270,19,6,0,0,0,1,349,2,74.07407407407408,0.0
Muhammad Usman,United Arab Emirates,2020/21,2,105,125,7,3,0,0,0,0,191,1,84.0,0.0
Muhammad Usman,United Arab Emirates,2021/22,3,85,118,7,3,0,0,0,1,143,2,72.03389830508475,0.0
Mukesh Kumar,India,2023,3,6,7,1,0,4,61,98,0,160,2,85.71428571428571,3.734693877551021
Mukesh Kumar,India,2023/24,3,4,10,1,0,1,141,151,1,102,2,40.0,5.602649006622516
Munir Dar,Hong Kong,2008,2,18,17,4,0,0,89,108,0,82,0,105.88235294117648,4.944444444444445
Musa Ahmed,Netherlands,2021,1,19,31,2,0,0,0,0,0,27,1,61.29032258064516,0.0
Musa Ahmed,Netherlands,2022,5,94,143,6,0,0,0,0,1,128,0,65.73426573426573,0.0
Musa Ahmed,Netherlands,2022/23,5,111,161,12,3,0,0,0,2,206,1,68.94409937888199,0.0
Musa Ahmed,Netherlands,2024,2,14,44,0,0,0,5,6,1,14,2,31.818181818181817,5.0
Mushfiqur Rahim,Bangladesh,2006/07,10,149,298,11,2,0,0,0,5,304,4,50.0,0.0
Mushfiqur Rahim,Bangladesh,2007,5,64,108,5,1,0,0,0,7,160,0,59.25925925925925,0.0
Mushfiqur Rahim,Bangladesh,2007/08,3,4,19,0,0,0,0,0,1,12,0,21.052631578947366,0.0
Mushfiqur Rahim,Bangladesh,2008,7,126,192,9,0,0,0,0,3,186,1,65.625,0.0
Mushfiqur Rahim,Bangladesh,2008/09,4,22,50,3,0,0,0,0,2,65,2,44.0,0.0
Mushfiqur Rahim,Bangladesh,2009,8,242,292,23,1,0,0,0,5,476,7,82.87671232876713,0.0
Mushfiqur Rahim,Bangladesh,2009/10,15,401,534,30,6,0,0,0,12,789,4,75.09363295880149,0.0
Mushfiqur Rahim,Bangladesh,2010,5,72,109,4,2,0,0,0,5,184,1,66.05504587155964,0.0
Mushfiqur Rahim,Bangladesh,2010/11,14,222,370,17,2,0,0,0,9,515,10,60.0,0.0
Mushfiqur Rahim,Bangladesh,2011,8,334,426,27,3,0,0,0,6,648,2,78.40375586854461,0.0
Mushfiqur Rahim,Bangladesh,2011/12,10,172,256,7,5,0,0,0,10,361,3,67.1875,0.0
Mushfiqur Rahim,Bangladesh,2012/13,7,216,314,23,1,0,0,0,7,450,4,68.78980891719745,0.0
Mushfiqur Rahim,Bangladesh,2013,3,63,94,5,1,0,0,0,2,119,1,67.02127659574468,0.0
Mushfiqur Rahim,Bangladesh,2013/14,9,431,468,32,9,0,0,0,7,795,3,92.09401709401709,0.0
Mushfiqur Rahim,Bangladesh,2014,6,160,244,13,3,0,0,0,9,328,0,65.57377049180327,0.0
Mushfiqur Rahim,Bangladesh,2014/15,10,440,461,35,8,0,0,0,11,868,7,95.44468546637745,0.0
Mushfiqur Rahim,Bangladesh,2015,8,313,313,32,5,0,0,0,12,647,6,100.0,0.0
Mushfiqur Rahim,Bangladesh,2015/16,3,156,168,15,1,0,0,0,3,304,3,92.85714285714286,0.0
Mushfiqur Rahim,Bangladesh,2016/17,7,143,156,11,1,0,0,0,7,288,2,91.66666666666666,0.0
Mushfiqur Rahim,Bangladesh,2017,8,279,356,24,2,0,0,0,5,493,3,78.37078651685393,0.0
Mushfiqur Rahim,Bangladesh,2017/18,8,320,410,23,6,0,0,0,5,564,3,78.04878048780488,0.0
Mushfiqur Rahim,Bangladesh,2018,7,379,416,30,8,0,0,0,11,751,4,91.10576923076923,0.0
Mushfiqur Rahim,Bangladesh,2018/19,9,262,365,22,3,0,0,0,7,460,5,71.78082191780823,0.0
Mushfiqur Rahim,Bangladesh,2019,14,625,695,52,7,0,0,0,16,1149,6,89.92805755395683,0.0
Mushfiqur Rahim,Bangladesh,2019/20,2,74,76,6,0,0,0,0,0,112,2,97.36842105263158,0.0
Mushfiqur Rahim,Bangladesh,2020/21,6,170,271,11,2,0,0,0,7,320,3,62.73062730627307,0.0
Mushfiqur Rahim,Bangladesh,2021,3,237,274,14,1,0,0,0,1,393,2,86.4963503649635,0.0
Mushfiqur Rahim,Bangladesh,2021/22,3,20,46,1,0,0,0,0,6,90,2,43.47826086956522,0.0
Mushfiqur Rahim,Bangladesh,2022,3,77,85,6,0,0,0,0,3,152,1,90.58823529411765,0.0
Mushfiqur Rahim,Bangladesh,2022/23,9,271,304,25,6,0,0,0,9,567,5,89.14473684210526,0.0
Mushfiqur Rahim,Bangladesh,2023,7,266,338,19,3,0,0,0,6,464,2,78.69822485207101,0.0
Mushfiqur Rahim,Bangladesh,2023/24,14,384,478,33,5,0,0,0,17,790,4,80.3347280334728,0.0
Mushfiqur Rahman,Bangladesh,2003,3,60,99,8,0,0,135,170,0,168,0,60.60606060606061,4.764705882352941
Mushfiqur Rahman,Bangladesh,2003/04,4,61,143,6,0,5,121,194,0,297,0,42.65734265734265,3.742268041237113
Mushfiqur Rahman,Bangladesh,2004,5,58,123,2,0,2,152,214,2,210,0,47.15447154471545,4.261682242990655
Mushfiqur Rahman,Bangladesh,2004/05,2,29,51,3,0,1,79,74,1,102,0,56.86274509803921,6.405405405405405
Mushtaq Ahmed,Pakistan,2003/04,1,0,0,0,0,0,65,60,0,20,1,0.0,6.5
Mustafizur Rahman,Bangladesh,2015,6,9,29,1,0,18,222,325,1,640,4,31.03448275862069,4.098461538461539
Mustafizur Rahman,Bangladesh,2015/16,3,6,5,1,0,8,88,138,0,273,3,120.0,3.8260869565217392
Mustafizur Rahman,Bangladesh,2016/17,5,1,2,0,0,10,257,281,1,370,1,50.0,5.487544483985765
Mustafizur Rahman,Bangladesh,2017,7,1,5,0,0,8,279,348,3,359,3,20.0,4.810344827586207
Mustafizur Rahman,Bangladesh,2017/18,5,19,30,2,0,7,103,205,0,298,3,63.33333333333333,3.0146341463414634
Mustafizur Rahman,Bangladesh,2018,7,15,25,1,0,13,279,361,0,485,4,60.0,4.637119113573408
Mustafizur Rahman,Bangladesh,2018/19,8,6,19,1,0,11,353,463,0,458,4,31.57894736842105,4.57451403887689
Mustafizur Rahman,Bangladesh,2019,12,21,24,3,0,27,717,669,3,961,5,87.5,6.430493273542601
Mustafizur Rahman,Bangladesh,2019/20,2,0,0,0,0,2,54,72,0,76,2,0.0,4.5
Mustafizur Rahman,Bangladesh,2020/21,6,1,4,0,0,9,222,267,0,335,3,25.0,4.98876404494382
Mustafizur Rahman,Bangladesh,2021,4,0,2,0,0,9,147,214,0,310,3,0.0,4.121495327102804
Mustafizur Rahman,Bangladesh,2021/22,3,2,7,0,0,0,81,125,0,49,2,28.57142857142857,3.8880000000000003
Mustafizur Rahman,Bangladesh,2022,5,0,5,0,0,8,139,217,0,298,4,0.0,3.843317972350231
Mustafizur Rahman,Bangladesh,2022/23,7,24,35,4,0,3,279,352,0,243,4,68.57142857142857,4.755681818181818
Mustafizur Rahman,Bangladesh,2023,5,2,10,0,0,12,178,236,0,395,2,20.0,4.525423728813559
Mustafizur Rahman,Bangladesh,2023/24,10,42,92,4,1,7,469,506,1,433,2,45.65217391304348,5.561264822134388
Muzahir Raza,Oman,2024/25,4,10,7,2,0,2,41,100,1,126,4,142.85714285714286,2.46
N Boje,South Africa,2002/03,3,54,62,6,0,1,82,86,0,151,1,87.09677419354838,5.720930232558139
N Boje,South Africa,2003,3,0,0,0,0,1,105,134,1,85,2,0.0,4.701492537313433
N Boje,South Africa,2003/04,1,50,47,5,0,1,34,37,1,129,0,106.38297872340425,5.513513513513513
N Boje,South Africa,2004,3,40,26,4,1,1,125,165,0,149,0,153.84615384615387,4.545454545454546
N Boje,South Africa,2004/05,8,68,63,8,1,8,265,401,3,505,7,107.93650793650794,3.9650872817955114
N Boje,Africa XI,2005,1,3,13,0,0,1,39,61,0,54,1,23.076923076923077,3.836065573770492
N Boje,South Africa,2005/06,1,0,0,0,0,1,24,49,0,45,1,0.0,2.938775510204082
N Burger,South Africa,2023/24,3,8,40,0,0,5,122,155,0,191,1,20.0,4.72258064516129
N Davin,Namibia,2023,4,52,62,4,3,0,0,0,1,98,2,83.87096774193549,0.0
N Davin,Namibia,2023/24,4,36,43,6,0,0,0,0,2,73,3,83.72093023255815,0.0
N Deonarine,West Indies,2005,3,85,172,7,1,3,69,88,0,229,1,49.41860465116279,4.704545454545455
N Deonarine,West Indies,2007/08,1,8,13,0,0,0,16,12,2,28,1,61.53846153846154,8.0
N Deonarine,West Indies,2009/10,10,237,355,23,2,0,100,106,4,436,4,66.7605633802817,5.660377358490566
N Deonarine,West Indies,2010,3,86,123,4,2,0,24,24,0,138,0,69.91869918699187,6.0
N Deonarine,West Indies,2012/13,4,35,52,3,0,0,88,115,2,109,2,67.3076923076923,4.591304347826087
N Deonarine,West Indies,2013/14,4,42,79,4,0,0,38,36,0,68,1,53.16455696202531,6.333333333333333
N Deonarine,West Indies,2014/15,2,53,79,7,1,0,24,18,1,101,0,67.08860759493672,8.0
N Dickwella,Sri Lanka,2014/15,1,4,10,0,0,0,0,0,0,4,0,40.0,0.0
N Dickwella,Sri Lanka,2016/17,10,376,383,42,3,0,0,0,6,712,3,98.17232375979113,0.0
N Dickwella,Sri Lanka,2017,13,511,595,52,3,0,0,0,10,969,3,85.88235294117646,0.0
N Dickwella,Sri Lanka,2017/18,12,183,212,24,1,0,0,0,12,426,4,86.32075471698113,0.0
N Dickwella,Sri Lanka,2018,5,158,195,23,0,0,0,0,1,278,2,81.02564102564102,0.0
N Dickwella,Sri Lanka,2018/19,11,339,324,41,5,0,0,0,9,725,1,104.62962962962963,0.0
N Dickwella,Sri Lanka,2021,1,7,9,0,0,0,0,0,3,35,1,77.77777777777779,0.0
N Dickwella,Sri Lanka,2022,2,26,30,5,0,0,0,0,0,74,2,86.66666666666667,0.0
N Dutta,Canada,2012/13,1,0,0,0,0,0,29,38,0,12,0,0.0,4.578947368421053
N Dutta,Canada,2023,4,25,60,0,1,2,105,144,1,132,2,41.66666666666667,4.375
N Dutta,Canada,2023/24,1,45,62,2,1,0,40,54,0,87,0,72.58064516129032,4.444444444444445
N Fernandes,United Arab Emirates,2008,1,5,13,0,0,0,0,0,0,5,0,38.46153846153847,0.0
N Hussain,England,2002/03,10,127,198,9,0,0,0,0,2,188,3,64.14141414141415,0.0
N Ifill,Canada,2002/03,3,16,44,2,0,0,81,79,1,55,0,36.36363636363637,6.151898734177215
N Kruger,Netherlands,2011,1,5,20,0,0,0,0,0,0,-1,0,25.0,0.0
N M'shangwe,Zimbabwe,2011/12,1,7,10,0,1,0,50,60,0,37,1,70.0,5.0
N M'shangwe,Zimbabwe,2012/13,2,15,20,0,2,1,86,121,0,108,0,75.0,4.264462809917355
N M'shangwe,Zimbabwe,2013,1,16,14,0,2,0,24,38,0,46,0,114.28571428571428,3.7894736842105265
N Madziva,Zimbabwe,2014,3,30,56,4,0,3,106,108,0,160,0,53.57142857142857,5.888888888888889
N Madziva,Zimbabwe,2014/15,2,14,29,1,0,4,113,121,0,156,0,48.275862068965516,5.6033057851239665
N Madziva,Zimbabwe,2015,3,5,12,0,0,6,138,159,1,225,0,41.66666666666667,5.2075471698113205
N Madziva,Zimbabwe,2016,1,10,26,0,0,0,23,32,0,18,0,38.46153846153847,4.3125
N Ncube,Zimbabwe,2011/12,1,0,0,0,0,3,60,58,0,98,1,0.0,6.206896551724138
N Pokana,Papua New Guinea,2019,9,43,69,3,1,20,272,460,6,824,1,62.31884057971014,3.5478260869565217
N Pokana,Papua New Guinea,2021,5,5,37,0,0,4,154,240,1,205,0,13.513513513513514,3.85
N Pokana,Papua New Guinea,2021/22,1,0,0,0,0,1,49,57,0,44,1,0.0,5.157894736842105
N Pokana,Papua New Guinea,2022,1,6,18,0,0,1,43,64,0,58,0,33.33333333333333,4.03125
N Pooran,West Indies,2018/19,1,0,4,0,0,0,0,0,1,5,0,0.0,0.0
N Pooran,West Indies,2019,9,381,403,32,13,0,0,0,2,683,1,94.54094292803971,0.0
N Pooran,West Indies,2019/20,9,397,354,40,12,0,0,0,2,745,4,112.14689265536724,0.0
N Pooran,West Indies,2020/21,2,50,49,4,2,0,0,0,0,88,2,102.04081632653062,0.0
N Pooran,West Indies,2021,3,62,84,2,2,0,6,3,2,120,1,73.80952380952381,12.0
N Pooran,West Indies,2021/22,6,77,133,7,2,0,0,0,2,133,1,57.89473684210527,0.0
N Pooran,West Indies,2022,15,434,494,22,25,5,157,175,9,1010,4,87.85425101214574,5.382857142857143
N Pooran,West Indies,2022/23,2,78,83,6,3,0,0,0,0,128,1,93.97590361445783,0.0
N Pooran,West Indies,2023,7,350,309,29,16,0,0,0,2,678,3,113.2686084142395,0.0
N Pradeep,Sri Lanka,2012,2,0,0,0,0,3,112,111,0,112,0,0.0,6.054054054054054
N Pradeep,Sri Lanka,2015,3,3,5,0,0,1,94,120,0,69,1,60.0,4.7
N Pradeep,Sri Lanka,2015/16,2,0,1,0,0,3,121,123,1,124,1,0.0,5.902439024390244
N Pradeep,Sri Lanka,2016,5,9,10,1,0,5,228,190,1,208,0,90.0,7.199999999999999
N Pradeep,Sri Lanka,2016/17,4,0,5,0,0,5,133,170,0,199,2,0.0,4.694117647058824
N Pradeep,Sri Lanka,2017,6,6,15,1,0,8,274,319,4,361,3,40.0,5.153605015673981
N Pradeep,Sri Lanka,2017/18,5,0,17,0,0,7,237,252,0,276,2,0.0,5.642857142857143
N Pradeep,Sri Lanka,2018/19,6,9,11,0,1,5,295,267,0,227,0,81.81818181818183,6.629213483146067
N Pradeep,Sri Lanka,2019,5,1,8,0,0,10,257,282,0,352,4,12.5,5.468085106382978
N Pradeep,Sri Lanka,2019/20,5,1,2,0,0,5,212,234,0,213,3,50.0,5.435897435897436
N Pradeep,Sri Lanka,2020/21,2,1,4,0,0,2,108,110,1,99,0,25.0,5.8909090909090915
N Pradeep,Sri Lanka,2021/22,2,5,2,1,0,4,124,124,0,153,1,250.0,6.0
N Rana,India,2021,1,7,14,0,0,0,10,18,0,13,0,50.0,3.3333333333333335
N Vanua,Papua New Guinea,2016/17,3,8,16,0,0,1,80,129,0,84,1,50.0,3.7209302325581395
N Vanua,Papua New Guinea,2017,2,18,17,1,1,2,60,84,2,126,1,105.88235294117648,4.285714285714286
N Vanua,Papua New Guinea,2017/18,5,82,79,4,5,12,203,290,3,591,1,103.79746835443038,4.2
N Vanua,Papua New Guinea,2019,9,104,132,4,7,10,319,394,1,598,1,78.78787878787878,4.8578680203045685
N Vanua,Papua New Guinea,2021,6,123,177,5,8,3,199,236,2,391,0,69.49152542372882,5.0593220338983045
N Vanua,Papua New Guinea,2021/22,6,110,92,7,7,8,253,332,2,541,3,119.56521739130434,4.572289156626506
N Vanua,Papua New Guinea,2022,8,144,234,8,6,10,289,382,2,632,1,61.53846153846154,4.539267015706806
N Vanua,Papua New Guinea,2022/23,9,147,173,5,11,4,153,197,0,420,2,84.97109826589595,4.65989847715736
N Vanua,Papua New Guinea,2023,3,33,54,5,0,1,134,179,1,153,0,61.111111111111114,4.4916201117318435
NA Greenwood,Jersey,2023,4,35,69,3,0,0,0,0,2,61,1,50.72463768115942,0.0
NA Rock,Ireland,2021/22,3,7,25,0,0,0,0,0,2,29,2,28.000000000000004,0.0
NA Rock,Ireland,2023/24,1,0,0,0,0,0,0,0,1,8,1,0.0,0.0
NA Statham,Netherlands,2002/03,2,7,45,0,0,0,0,0,0,-2,0,15.555555555555555,0.0
NA de Groot,Canada,2002/03,6,44,130,6,0,3,88,81,0,151,1,33.84615384615385,6.518518518518518
NAM McLean,West Indies,2002/03,1,5,7,0,0,0,37,37,0,17,0,71.42857142857143,6.0
NB Mahwire,Zimbabwe,2003/04,1,0,0,0,0,1,33,38,1,49,0,0.0,5.210526315789474
NB Mahwire,Zimbabwe,2005,3,14,19,2,0,2,55,82,1,109,0,73.68421052631578,4.024390243902439
NB Mahwire,Zimbabwe,2006,5,26,89,0,0,4,150,236,1,220,0,29.213483146067414,3.813559322033898
NB Mahwire,Zimbabwe,2006/07,1,0,0,0,0,0,25,33,0,11,0,0.0,4.545454545454546
ND McKenzie,South Africa,2003,1,0,0,0,0,0,0,0,1,8,0,0.0,0.0
ND McKenzie,South Africa,2003/04,3,74,92,7,0,0,0,0,0,114,1,80.43478260869566,0.0
ND McKenzie,South Africa,2008/09,5,108,168,9,0,0,0,0,2,172,4,64.28571428571429,0.0
NE Bonner,West Indies,2020/21,3,51,98,3,0,0,14,18,0,68,0,52.04081632653062,4.666666666666667
NE Bonner,West Indies,2022,3,34,42,3,0,1,39,49,1,92,3,80.95238095238095,4.775510204081633
NFI McCallum,Scotland,2006/07,3,27,72,3,1,0,0,0,2,55,1,37.5,0.0
NFI McCallum,Scotland,2007,2,52,87,4,1,0,0,0,1,86,0,59.77011494252874,0.0
NFI McCallum,Scotland,2008,2,13,24,1,0,0,0,0,0,17,1,54.166666666666664,0.0
NFI McCallum,Scotland,2009,2,122,151,12,3,0,0,0,0,228,0,80.79470198675497,0.0
NFI McCallum,Scotland,2011,1,19,32,2,0,0,0,0,0,27,1,59.375,0.0
NG Jones,Ireland,2010,3,5,6,0,0,2,45,104,0,109,2,83.33333333333334,2.5961538461538463
NG Jones,Ireland,2011,1,2,4,0,0,2,32,54,1,80,0,50.0,3.5555555555555554
NG Smith,New Zealand,2024/25,5,26,40,2,0,5,222,208,4,272,2,65.0,6.403846153846154
NGRP Jayasuriya,Sri Lanka,2018,2,11,14,1,0,0,95,96,0,42,0,78.57142857142857,5.9375
NJ Astle,New Zealand,2002/03,11,336,416,35,1,4,93,127,2,734,7,80.76923076923077,4.393700787401575
NJ Astle,New Zealand,2004,4,235,286,27,6,0,0,0,0,451,3,82.16783216783216,0.0
NJ Astle,New Zealand,2004/05,5,172,270,18,1,0,47,54,2,306,2,63.70370370370371,5.222222222222222
NJ Astle,New Zealand,2005,2,176,219,22,1,0,47,37,1,342,2,80.36529680365297,7.621621621621621
NJ Astle,New Zealand,2005/06,11,452,591,36,7,0,82,104,5,832,6,76.48054145516075,4.730769230769231
NJ Astle,New Zealand,2006/07,10,200,296,25,3,0,68,82,3,389,4,67.56756756756756,4.975609756097561
NJ O'Brien,Ireland,2006/07,9,216,382,17,1,0,0,0,9,395,2,56.54450261780105,0.0
NJ O'Brien,Ireland,2007,3,63,98,5,0,0,0,0,1,103,0,64.28571428571429,0.0
NJ O'Brien,Ireland,2008,1,10,17,2,0,0,0,0,1,50,1,58.82352941176471,0.0
NJ O'Brien,Ireland,2008/09,1,2,6,0,0,0,0,0,0,2,0,33.33333333333333,0.0
NJ O'Brien,Ireland,2009,2,37,51,6,0,0,0,0,1,73,1,72.54901960784314,0.0
NJ O'Brien,Ireland,2010,2,42,67,5,0,0,0,0,3,94,0,62.68656716417911,0.0
NJ O'Brien,Ireland,2010/11,6,205,275,17,2,0,0,0,3,367,2,74.54545454545455,0.0
NJ O'Brien,Ireland,2011,3,69,100,3,1,0,0,0,5,131,2,69.0,0.0
NJ O'Brien,Ireland,2012,1,11,30,1,0,0,0,0,0,11,0,36.666666666666664,0.0
NJ O'Brien,Ireland,2013,5,139,256,9,0,0,0,0,0,187,2,54.296875,0.0
NJ O'Brien,Ireland,2013/14,1,12,26,0,0,0,0,0,0,10,0,46.15384615384615,0.0
NJ O'Brien,Ireland,2014,1,33,39,5,0,0,0,0,0,63,0,84.61538461538461,0.0
NJ O'Brien,Ireland,2014/15,7,279,294,26,5,0,0,0,3,515,4,94.89795918367348,0.0
NJ O'Brien,Ireland,2015,2,55,62,7,0,0,0,0,3,115,0,88.70967741935483,0.0
NJ O'Brien,Ireland,2015/16,2,51,72,2,3,0,0,0,3,119,1,70.83333333333334,0.0
NJ O'Brien,Ireland,2016,1,10,27,1,0,0,0,0,4,46,0,37.03703703703704,0.0
NJ O'Brien,Ireland,2016/17,2,52,83,4,0,0,0,0,3,96,2,62.65060240963856,0.0
NJ O'Brien,Ireland,2017,6,175,253,10,7,0,0,0,6,357,0,69.1699604743083,0.0
NJ O'Brien,Ireland,2017/18,9,231,256,20,6,0,0,0,22,611,7,90.234375,0.0
NK Patel,United States of America,2019,3,7,18,0,1,3,33,80,0,128,3,38.88888888888889,2.475
NK Patel,United States of America,2019/20,4,132,141,8,4,1,77,85,0,271,1,93.61702127659575,5.435294117647059
NK Patel,United States of America,2021,4,54,130,3,0,7,104,198,1,330,2,41.53846153846154,3.1515151515151514
NK Patel,United States of America,2022,13,177,237,14,3,9,489,568,1,697,5,74.68354430379746,5.165492957746479
NK Patel,United States of America,2022/23,4,40,44,5,0,5,106,142,0,237,3,90.9090909090909,4.478873239436619
NK Patel,United States of America,2023,10,67,131,4,0,13,349,479,2,619,4,51.14503816793893,4.371607515657621
NL McCullum,New Zealand,2009,1,0,1,0,0,0,27,42,0,17,0,0.0,3.857142857142857
NL McCullum,New Zealand,2009/10,4,17,28,1,0,1,59,67,2,83,2,60.71428571428571,5.283582089552239
NL McCullum,New Zealand,2010,3,41,86,0,1,4,97,137,1,210,0,47.674418604651166,4.248175182481752
NL McCullum,New Zealand,2010/11,20,391,439,30,8,15,656,866,6,1373,6,89.06605922551253,4.545034642032332
NL McCullum,New Zealand,2011/12,6,77,81,2,5,3,210,247,2,300,3,95.06172839506173,5.101214574898786
NL McCullum,New Zealand,2012,3,62,95,4,1,3,100,101,2,226,1,65.26315789473685,5.940594059405941
NL McCullum,New Zealand,2012/13,10,108,105,8,4,4,334,421,3,454,3,102.85714285714285,4.760095011876484
NL McCullum,New Zealand,2013,6,73,89,6,1,8,213,290,5,463,3,82.02247191011236,4.406896551724138
NL McCullum,New Zealand,2013/14,15,180,160,13,10,8,513,654,10,831,7,112.5,4.706422018348624
NL McCullum,New Zealand,2014/15,10,81,121,3,2,6,383,445,3,441,5,66.94214876033058,5.164044943820224
NL McCullum,New Zealand,2015,6,40,42,2,1,8,322,300,3,376,3,95.23809523809523,6.44
NLTC Perera,Sri Lanka,2009/10,5,84,53,13,2,6,199,236,1,406,3,158.49056603773585,5.0593220338983045
NLTC Perera,Sri Lanka,2010,6,46,47,2,1,9,167,189,3,418,4,97.87234042553192,5.301587301587301
NLTC Perera,Sri Lanka,2010/11,8,53,53,5,1,17,308,370,3,676,5,100.0,4.994594594594595
NLTC Perera,Sri Lanka,2011/12,13,171,153,7,8,15,478,533,5,915,7,111.76470588235294,5.380863039399625
NLTC Perera,Sri Lanka,2012,9,113,116,9,3,19,410,471,3,893,4,97.41379310344827,5.222929936305732
NLTC Perera,Sri Lanka,2012/13,11,30,35,4,0,8,356,371,3,404,6,85.71428571428571,5.757412398921833
NLTC Perera,Sri Lanka,2013,7,124,120,12,6,7,171,212,1,492,4,103.33333333333334,4.839622641509433
NLTC Perera,Sri Lanka,2013/14,11,133,155,5,6,9,405,437,2,616,9,85.80645161290322,5.560640732265447
NLTC Perera,Sri Lanka,2014,5,80,55,6,5,9,119,128,3,453,3,145.45454545454547,5.578125
NLTC Perera,Sri Lanka,2014/15,24,226,191,23,8,15,882,823,15,1175,10,118.32460732984293,6.4301336573511545
NLTC Perera,Sri Lanka,2015,4,28,60,0,0,3,143,173,2,186,2,46.666666666666664,4.959537572254336
NLTC Perera,Sri Lanka,2015/16,2,15,13,0,1,1,58,48,1,68,0,115.38461538461537,7.25
NLTC Perera,Sri Lanka,2016,4,55,58,6,1,4,98,92,0,221,1,94.82758620689656,6.391304347826087
NLTC Perera,Sri Lanka,2016/17,3,116,82,9,3,0,77,60,0,222,1,141.46341463414635,7.7
NLTC Perera,Sri Lanka,2017,3,1,10,0,0,2,111,118,1,103,1,10.0,5.6440677966101696
NLTC Perera,Sri Lanka,2017/18,13,236,203,20,10,20,474,524,2,1112,4,116.25615763546797,5.427480916030535
NLTC Perera,Sri Lanka,2018,6,154,138,16,2,8,203,186,0,517,2,111.59420289855073,6.548387096774194
NLTC Perera,Sri Lanka,2018/19,12,379,326,20,22,7,334,316,4,1000,1,116.25766871165644,6.341772151898734
NLTC Perera,Sri Lanka,2019,7,61,67,0,3,1,267,299,2,235,3,91.04477611940298,5.357859531772575
NLTC Perera,Sri Lanka,2019/20,3,106,81,9,1,1,112,117,1,248,3,130.8641975308642,5.743589743589744
NLTC Perera,Sri Lanka,2020/21,2,22,29,2,0,3,71,73,0,129,0,75.86206896551724,5.835616438356165
NM Carter,Scotland,2013,1,0,6,0,0,1,55,61,0,42,0,0.0,5.409836065573771
NM Coulter-Nile,Australia,2012/13,1,0,0,0,0,0,0,0,1,8,1,0.0,0.0
NM Coulter-Nile,Australia,2013,1,7,6,1,0,1,34,60,0,60,0,116.66666666666667,3.4
NM Coulter-Nile,Australia,2013/14,6,42,61,1,1,10,320,362,1,441,4,68.85245901639344,5.303867403314917
NM Coulter-Nile,Australia,2014/15,3,11,19,1,0,5,115,117,0,178,2,57.89473684210527,5.897435897435898
NM Coulter-Nile,Australia,2015,3,0,0,0,0,6,99,127,2,226,3,0.0,4.677165354330708
NM Coulter-Nile,Australia,2016,3,16,18,1,0,5,137,175,1,219,1,88.88888888888889,4.697142857142857
NM Coulter-Nile,Australia,2017/18,5,10,28,0,0,10,242,302,2,376,1,35.714285714285715,4.80794701986755
NM Coulter-Nile,Australia,2018/19,6,68,64,8,1,11,281,289,0,500,3,106.25,5.833910034602076
NM Coulter-Nile,Australia,2019,4,98,79,8,4,4,240,238,0,362,3,124.0506329113924,6.050420168067228
NM Hauritz,Australia,2002/03,1,0,0,0,0,0,0,0,1,8,1,0.0,0.0
NM Hauritz,Australia,2003,1,2,3,0,0,0,35,30,0,10,0,66.66666666666666,7.0
NM Hauritz,Australia,2008/09,6,64,77,6,1,7,233,280,3,398,2,83.11688311688312,4.992857142857143
NM Hauritz,Australia,2009,12,34,45,0,1,15,414,636,4,700,9,75.55555555555556,3.9056603773584904
NM Hauritz,Australia,2009/10,24,148,154,8,4,22,866,1115,10,1298,19,96.1038961038961,4.6600896860986545
NM Hauritz,Australia,2010,3,41,27,6,0,3,132,172,0,200,1,151.85185185185185,4.604651162790698
NM Hauritz,Australia,2010/11,3,6,11,0,0,1,131,169,0,88,1,54.54545454545454,4.650887573964497
NM Lyon,Australia,2011/12,2,4,6,1,0,1,76,97,1,80,1,66.66666666666666,4.701030927835051
NM Lyon,Australia,2014,4,8,3,0,1,7,178,224,0,287,2,266.66666666666663,4.767857142857142
NM Lyon,Australia,2014/15,2,0,0,0,0,3,72,121,0,129,2,0.0,3.570247933884297
NM Lyon,Australia,2015/16,2,0,0,0,0,1,133,109,0,59,1,0.0,7.321100917431192
NM Lyon,Australia,2016,3,34,37,4,0,5,123,178,0,255,1,91.8918918918919,4.146067415730337
NM Lyon,Australia,2018,2,4,13,0,0,1,70,102,1,75,0,30.76923076923077,4.117647058823529
NM Lyon,Australia,2018/19,10,19,14,2,1,8,486,604,2,465,8,135.71428571428572,4.827814569536423
NM Lyon,Australia,2019,5,8,10,0,0,2,179,205,1,129,2,80.0,5.239024390243903
NM Odhiambo,Kenya,2012/13,1,0,0,0,0,2,37,61,0,76,1,0.0,3.639344262295082
NN Odhiambo,Kenya,2006,3,27,47,1,1,3,115,152,0,174,0,57.446808510638306,4.5394736842105265
NN Odhiambo,Kenya,2006/07,1,4,7,0,0,0,8,7,0,18,0,57.14285714285714,6.857142857142857
NN Odhiambo,Kenya,2007/08,5,22,41,1,0,7,143,188,0,282,5,53.65853658536586,4.5638297872340425
NN Odhiambo,Kenya,2008/09,2,40,51,6,0,4,101,119,0,211,0,78.43137254901961,5.0924369747899165
NN Odhiambo,Kenya,2009,1,16,19,2,0,0,40,31,1,40,0,84.21052631578947,7.741935483870967
NN Odhiambo,Kenya,2010/11,6,56,78,7,0,6,238,271,0,331,0,71.7948717948718,5.269372693726938
NN Odhiambo,Kenya,2011/12,2,17,35,1,0,1,78,89,0,81,1,48.57142857142857,5.258426966292134
NN Odhiambo,Kenya,2013/14,2,7,13,1,0,0,82,79,0,37,1,53.84615384615385,6.227848101265823
NO Miller,West Indies,2008,2,8,11,1,0,2,94,120,0,108,0,72.72727272727273,4.7
NO Miller,West Indies,2008/09,7,47,67,4,0,4,229,273,2,275,2,70.1492537313433,5.032967032967033
NO Miller,West Indies,2009,3,29,28,3,0,1,91,108,1,110,0,103.57142857142858,5.055555555555555
NO Miller,West Indies,2009/10,12,121,136,11,3,9,374,514,5,666,3,88.97058823529412,4.365758754863813
NO Miller,West Indies,2010,2,13,17,0,1,1,60,61,0,61,0,76.47058823529412,5.901639344262295
NO Miller,West Indies,2010/11,4,29,31,2,0,0,128,149,1,101,2,93.54838709677419,5.154362416107383
NO Miller,West Indies,2013/14,6,12,30,1,0,9,241,325,2,383,2,40.0,4.44923076923077
NO Miller,West Indies,2014/15,1,0,0,0,0,1,46,41,0,38,1,0.0,6.731707317073171
NO Miller,West Indies,2017/18,3,20,42,1,0,2,105,129,0,116,2,47.61904761904761,4.883720930232558
NP Kenjige,United States of America,2019/20,6,7,6,0,0,5,141,173,1,197,3,116.66666666666667,4.890173410404625
NP Kenjige,United States of America,2021,4,22,47,1,0,6,110,164,3,266,2,46.808510638297875,4.024390243902439
NP Kenjige,United States of America,2022,14,139,200,10,1,11,463,722,1,782,6,69.5,3.8476454293628812
NP Kenjige,United States of America,2022/23,4,40,40,2,1,3,107,187,1,215,3,100.0,3.4331550802139037
NP Kenjige,United States of America,2023,11,146,194,11,3,7,431,528,3,619,4,75.25773195876289,4.8977272727272725
NP Kenjige,United States of America,2024,8,21,31,1,0,12,261,409,1,515,6,67.74193548387096,3.828850855745721
NP Kenjige,United States of America,2024/25,3,23,52,1,0,3,118,144,1,157,1,44.230769230769226,4.916666666666667
NR Kirton,Canada,2023,2,85,135,3,0,0,0,0,0,111,1,62.96296296296296,0.0
NR Kirton,Canada,2023/24,7,229,364,19,1,2,62,90,3,459,4,62.91208791208791,4.133333333333334
NR Kirton,Canada,2024,8,169,152,10,11,1,13,24,5,389,4,111.1842105263158,3.25
NR Kumar,Canada,2010,1,38,75,2,0,0,0,0,0,50,0,50.66666666666667,0.0
NR Kumar,Canada,2010/11,4,10,46,0,0,0,0,0,3,34,0,21.73913043478261,0.0
NR Kumar,Canada,2011,2,56,81,7,0,0,0,0,0,92,0,69.1358024691358,0.0
NR Kumar,Canada,2012/13,1,6,17,0,0,0,0,0,1,14,0,35.294117647058826,0.0
NR Kumar,Canada,2013,2,19,26,0,0,0,0,0,1,24,0,73.07692307692307,0.0
NR Kumar,Canada,2013/14,2,48,61,6,0,1,62,67,0,125,0,78.68852459016394,5.552238805970149
NRJ Croes,Netherlands,2023,1,7,6,1,0,0,0,0,2,27,0,116.66666666666667,0.0
NRJ Croes,Netherlands,2023/24,4,58,81,4,0,0,0,0,4,108,2,71.60493827160494,0.0
NRJ Croes,Netherlands,2024,4,68,95,8,0,0,0,0,2,124,4,71.57894736842105,0.0
NRJ Croes,Netherlands,2024/25,4,74,123,2,1,0,0,0,0,92,1,60.16260162601627,0.0
NS Dhaliwal,Canada,2023/24,7,133,233,14,1,0,20,6,2,225,4,57.08154506437768,20.0
NS Dhaliwal,Canada,2024,4,162,290,14,4,0,0,0,5,312,4,55.86206896551724,0.0
NS Poonia,Scotland,2006/07,2,1,6,0,0,0,0,0,0,-2,0,16.666666666666664,0.0
NS Poonia,Scotland,2007,2,9,23,0,0,0,0,0,0,9,0,39.130434782608695,0.0
NS Poonia,Scotland,2009,2,2,13,0,0,0,0,0,0,-1,0,15.384615384615385,0.0
NT Broom,New Zealand,2008/09,6,83,131,7,0,0,0,0,0,124,2,63.358778625954194,0.0
NT Broom,New Zealand,2009,1,21,28,0,0,0,0,0,0,21,0,75.0,0.0
NT Broom,New Zealand,2009/10,13,205,312,19,1,0,0,0,2,305,9,65.7051282051282,0.0
NT Broom,New Zealand,2016/17,8,313,345,24,7,0,0,0,6,574,6,90.72463768115942,0.0
NT Broom,New Zealand,2017,7,289,331,28,1,0,0,0,0,465,3,87.31117824773413,0.0
NT Broom,New Zealand,2017/18,2,8,21,0,1,0,0,0,1,22,2,38.095238095238095,0.0
NT Ellis,Australia,2021/22,3,6,8,0,0,3,137,141,0,127,1,75.0,5.829787234042553
NT Ellis,Australia,2022/23,1,0,0,0,0,2,9,34,0,67,1,0.0,1.588235294117647
NT Ellis,Australia,2023/24,4,57,51,3,4,5,218,223,1,305,1,111.76470588235294,5.865470852017937
NT Pascal,West Indies,2009,1,0,1,0,0,0,25,27,0,6,0,0.0,5.555555555555555
NV Knight,England,2002/03,11,339,483,26,2,0,0,0,6,561,4,70.1863354037267,0.0
NV Ojha,India,2010,1,1,9,0,0,0,0,0,0,13,0,11.11111111111111,0.0
NW Bracken,Australia,2002/03,2,0,0,0,0,4,52,101,0,149,2,0.0,3.089108910891089
NW Bracken,Australia,2003/04,4,7,11,0,0,10,135,244,0,393,3,63.63636363636363,3.319672131147541
NW Bracken,Australia,2005/06,17,54,73,3,2,33,664,878,2,1296,11,73.97260273972603,4.537585421412301
NW Bracken,Australia,2006/07,28,59,68,5,1,45,944,1383,4,1868,20,86.76470588235294,4.0954446854663775
NW Bracken,Australia,2007/08,17,20,64,1,0,26,614,856,3,1091,9,31.25,4.303738317757009
NW Bracken,Australia,2008,8,0,0,0,0,9,210,341,0,377,8,0.0,3.695014662756598
NW Bracken,Australia,2008/09,14,31,35,2,0,16,626,726,4,756,5,88.57142857142857,5.1735537190082646
NW Bracken,Australia,2009,10,3,14,0,0,9,353,566,5,510,9,21.428571428571427,3.7420494699646647
Nadeem Ahmed,Hong Kong,2008,2,2,15,0,0,3,103,102,1,126,0,13.333333333333334,6.0588235294117645
Nadeem Ahmed,Hong Kong,2014,1,6,9,0,0,0,30,37,0,22,0,66.66666666666666,4.864864864864865
Nadeem Ahmed,Hong Kong,2015/16,1,0,0,0,0,2,36,42,1,72,1,0.0,5.142857142857143
Nadeem Ahmed,Hong Kong,2016,2,14,11,2,0,2,55,86,0,102,0,127.27272727272727,3.837209302325581
Nadeem Ahmed,Hong Kong,2016/17,5,10,27,1,0,10,187,301,2,419,3,37.03703703703704,3.727574750830565
Nadeem Ahmed,Hong Kong,2017/18,4,14,59,1,0,5,157,241,3,265,1,23.728813559322035,3.9087136929460584
Nadeem Ahmed,Hong Kong,2018,2,9,11,1,0,0,66,84,0,43,0,81.81818181818183,4.714285714285714
Naeem Islam,Bangladesh,2008/09,4,58,97,5,2,7,124,184,2,355,2,59.79381443298969,4.043478260869565
Naeem Islam,Bangladesh,2009,8,48,52,5,1,4,191,257,4,312,7,92.3076923076923,4.4591439688715955
Naeem Islam,Bangladesh,2009/10,15,290,405,18,8,10,416,459,3,849,4,71.60493827160494,5.437908496732026
Naeem Islam,Bangladesh,2010,2,18,48,2,0,0,20,19,0,30,0,37.5,6.315789473684211
Naeem Islam,Bangladesh,2010/11,10,72,124,7,0,6,257,376,3,428,7,58.06451612903226,4.101063829787234
Naeem Islam,Bangladesh,2011/12,3,87,139,8,0,0,23,36,0,151,0,62.589928057553955,3.8333333333333335
Naeem Islam,Bangladesh,2012/13,4,60,94,8,0,2,65,79,2,201,2,63.829787234042556,4.936708860759494
Naeem Islam,Bangladesh,2013/14,5,209,287,20,1,0,19,12,1,347,3,72.82229965156795,9.5
Nafees Iqbal,Bangladesh,2003/04,2,13,40,0,0,0,0,0,0,7,0,32.5,0.0
Nafees Iqbal,Bangladesh,2004,1,2,12,0,0,0,0,0,0,2,0,16.666666666666664,0.0
Nafees Iqbal,Bangladesh,2004/05,4,86,168,10,0,0,0,0,0,130,1,51.19047619047619,0.0
Nafees Iqbal,Bangladesh,2005,2,27,50,2,0,0,0,0,1,39,1,54.0,0.0
Nahid Rana,Bangladesh,2024/25,2,4,5,1,0,2,82,104,2,110,0,80.0,4.730769230769231
Najeeb Amar,Hong Kong,2008,2,34,42,5,0,2,75,120,0,148,0,80.95238095238095,3.75
Naseem Khushi,Oman,2019/20,4,60,40,3,5,0,0,0,1,115,3,150.0,0.0
Naseem Khushi,Oman,2021,5,82,100,5,5,0,0,0,4,188,3,82.0,0.0
Naseem Khushi,Oman,2021/22,8,87,72,4,5,0,0,0,11,286,2,120.83333333333333,0.0
Naseem Khushi,Oman,2022,5,49,54,4,1,0,0,0,2,96,1,90.74074074074075,0.0
Naseem Khushi,Oman,2023,5,82,69,8,3,0,0,0,4,204,2,118.84057971014492,0.0
Naseem Shah,Pakistan,2022,3,3,10,0,0,10,95,172,1,349,3,30.0,3.3139534883720927
Naseem Shah,Pakistan,2022/23,2,0,2,0,0,8,112,116,0,247,1,0.0,5.793103448275862
Naseem Shah,Pakistan,2023,7,0,0,0,0,12,245,352,0,453,5,0.0,4.176136363636364
Naseem Shah,Pakistan,2024/25,6,54,59,2,4,10,283,312,0,449,5,91.52542372881356,5.4423076923076925
Nasir Aziz,United Arab Emirates,2014/15,2,60,89,8,0,1,100,96,0,159,0,67.41573033707866,6.25
Nasir Aziz,United Arab Emirates,2015/16,1,21,36,3,0,0,47,60,0,53,0,58.333333333333336,4.7
Nasir Hossain,Bangladesh,2011,4,71,100,7,0,0,80,90,2,160,2,71.0,5.333333333333333
Nasir Hossain,Bangladesh,2011/12,10,348,489,29,3,3,83,94,3,698,3,71.16564417177914,5.297872340425532
Nasir Hossain,Bangladesh,2012/13,7,185,194,19,4,0,0,0,5,353,4,95.36082474226805,0.0
Nasir Hossain,Bangladesh,2013,3,167,196,13,2,0,0,0,1,267,1,85.20408163265306,0.0
Nasir Hossain,Bangladesh,2013/14,9,147,201,12,2,0,87,133,1,279,3,73.13432835820896,3.924812030075188
Nasir Hossain,Bangladesh,2014,6,85,115,9,0,0,41,31,5,181,0,73.91304347826086,7.935483870967741
Nasir Hossain,Bangladesh,2014/15,3,46,42,6,1,4,98,115,2,238,1,109.52380952380953,5.113043478260869
Nasir Hossain,Bangladesh,2015,9,100,104,9,2,8,248,365,7,565,7,96.15384615384616,4.076712328767123
Nasir Hossain,Bangladesh,2015/16,3,41,58,3,0,3,78,111,5,208,3,70.6896551724138,4.216216216216216
Nasir Hossain,Bangladesh,2016/17,2,31,37,2,0,2,81,103,1,143,1,83.78378378378379,4.718446601941747
Nasir Hossain,Bangladesh,2017,1,0,0,0,0,2,46,55,0,68,1,0.0,5.0181818181818185
Nasir Hossain,Bangladesh,2017/18,6,19,43,2,0,1,131,151,0,103,3,44.18604651162791,5.205298013245033
Nasir Jamshed,Pakistan,2007/08,7,238,237,34,4,0,0,0,2,448,7,100.42194092827003,0.0
Nasir Jamshed,Pakistan,2008,3,105,102,14,2,0,0,0,4,243,3,102.94117647058823,0.0
Nasir Jamshed,Pakistan,2009,3,10,19,1,0,0,0,0,1,25,1,52.63157894736842,0.0
Nasir Jamshed,Pakistan,2011/12,4,193,207,20,2,0,0,0,3,363,3,93.23671497584542,0.0
Nasir Jamshed,Pakistan,2012,3,168,212,20,2,0,0,0,1,296,1,79.24528301886792,0.0
Nasir Jamshed,Pakistan,2012/13,6,286,377,29,4,0,0,0,1,522,3,75.86206896551724,0.0
Nasir Jamshed,Pakistan,2013,14,356,630,29,4,0,0,0,3,555,7,56.507936507936506,0.0
Nasir Jamshed,Pakistan,2013/14,4,27,71,1,0,0,0,0,0,28,3,38.028169014084504,0.0
Nasir Jamshed,Pakistan,2014/15,5,35,76,2,1,0,0,0,1,55,2,46.05263157894737,0.0
Nasir Javed,United States of America,2004,1,2,20,0,0,0,0,0,0,-4,0,10.0,0.0
Nasum Ahmed,Bangladesh,2022,3,0,0,0,0,5,72,168,0,230,3,0.0,2.5714285714285716
Nasum Ahmed,Bangladesh,2022/23,3,29,19,4,1,3,105,129,1,177,3,152.63157894736844,4.883720930232558
Nasum Ahmed,Bangladesh,2023,5,87,111,8,4,3,192,291,1,352,1,78.37837837837837,3.9587628865979383
Nasum Ahmed,Bangladesh,2023/24,4,40,48,5,0,0,171,148,2,121,1,83.33333333333334,6.9324324324324325
Nasum Ahmed,Bangladesh,2024/25,1,0,0,0,0,1,56,42,0,37,0,0.0,8.0
Naumanullah,Pakistan,2007/08,1,5,4,1,0,0,0,0,0,9,1,125.0,0.0
Navdeep Saini,India,2019/20,5,53,57,7,2,5,294,295,3,343,3,92.98245614035088,5.979661016949152
Navdeep Saini,India,2020/21,2,39,46,2,1,1,147,108,0,112,0,84.78260869565217,8.166666666666666
Navdeep Saini,India,2021,1,15,38,0,0,0,25,32,0,21,0,39.473684210526315,4.6875
Naved Latif,Pakistan,2002/03,1,3,7,0,0,0,0,0,0,3,1,42.857142857142854,0.0
Naved Latif,Pakistan,2003/04,1,4,10,0,0,0,0,0,0,4,0,40.0,0.0
Naved-ul-Hasan,Pakistan,2002/03,2,13,13,0,1,3,83,100,0,139,2,100.0,4.9799999999999995
Naved-ul-Hasan,Pakistan,2004,4,7,24,0,0,5,105,195,0,237,2,29.166666666666668,3.230769230769231
Naved-ul-Hasan,Pakistan,2004/05,13,99,107,11,1,22,502,680,3,995,9,92.5233644859813,4.429411764705883
Naved-ul-Hasan,Pakistan,2005,2,1,3,0,0,5,66,113,0,173,2,33.33333333333333,3.504424778761062
Naved-ul-Hasan,Pakistan,2005/06,12,83,91,5,2,18,505,558,0,800,5,91.20879120879121,5.43010752688172
Naved-ul-Hasan,Pakistan,2006,5,24,44,2,0,4,208,222,2,224,2,54.54545454545454,5.621621621621622
Naved-ul-Hasan,Pakistan,2006/07,12,57,96,3,2,14,409,491,2,648,5,59.375,4.9979633401222
Naved-ul-Hasan,Pakistan,2009,3,63,54,2,4,5,127,136,1,291,2,116.66666666666667,5.602941176470588
Naved-ul-Hasan,Pakistan,2009/10,9,102,87,8,4,10,441,494,2,617,2,117.24137931034481,5.356275303643725
Nazimuddin,Bangladesh,2007/08,2,31,45,5,0,0,0,0,0,51,0,68.88888888888889,0.0
Nazimuddin,Bangladesh,2008,5,59,93,8,1,0,0,0,0,101,1,63.44086021505376,0.0
Nazimuddin,Bangladesh,2011/12,4,57,108,5,1,0,0,0,1,91,2,52.77777777777778,0.0
Nazmul Hossain,Bangladesh,2004,1,4,21,0,0,0,41,63,1,41,0,19.047619047619047,3.9047619047619047
Nazmul Hossain,Bangladesh,2004/05,3,0,7,0,0,8,125,163,0,283,1,0.0,4.601226993865031
Nazmul Hossain,Bangladesh,2005,4,6,24,0,0,1,194,166,0,84,1,25.0,7.012048192771084
Nazmul Hossain,Bangladesh,2005/06,1,0,0,0,0,1,56,45,0,38,1,0.0,7.466666666666667
Nazmul Hossain,Bangladesh,2008,2,0,7,0,0,1,55,60,0,43,0,0.0,5.5
Nazmul Hossain,Bangladesh,2008/09,2,3,13,0,0,0,50,67,0,27,1,23.076923076923077,4.477611940298508
Nazmul Hossain,Bangladesh,2009,3,1,1,0,0,6,102,122,0,199,3,100.0,5.0163934426229515
Nazmul Hossain,Bangladesh,2009/10,5,1,4,0,0,5,157,221,1,242,4,25.0,4.262443438914027
Nazmul Hossain,Bangladesh,2010/11,1,0,0,0,0,0,45,43,0,14,1,0.0,6.27906976744186
Nazmul Hossain,Bangladesh,2011,1,0,0,0,0,1,32,56,0,55,0,0.0,3.4285714285714284
Nazmul Hossain,Bangladesh,2011/12,3,0,0,0,0,5,84,126,1,191,2,0.0,4.0
Nazmul Hossain Shanto,Bangladesh,2018,3,7,14,0,0,0,0,0,2,23,2,50.0,0.0
Nazmul Hossain Shanto,Bangladesh,2019/20,2,35,51,2,2,0,0,0,0,59,2,68.62745098039215,0.0
Nazmul Hossain Shanto,Bangladesh,2020/21,3,38,66,5,0,0,4,6,0,60,3,57.57575757575758,4.0
Nazmul Hossain Shanto,Bangladesh,2021/22,1,0,0,0,0,0,0,0,1,8,1,0.0,0.0
Nazmul Hossain Shanto,Bangladesh,2022,5,96,159,12,0,0,0,0,0,149,4,60.37735849056604,0.0
Nazmul Hossain Shanto,Bangladesh,2022/23,8,230,310,18,2,0,9,10,4,383,5,74.19354838709677,5.3999999999999995
Nazmul Hossain Shanto,Bangladesh,2023,5,361,407,43,3,1,10,18,0,684,2,88.6977886977887,3.3333333333333335
Nazmul Hossain Shanto,Bangladesh,2023/24,14,398,450,52,2,0,33,38,5,758,4,88.44444444444444,5.210526315789474
Nazmul Islam,Bangladesh,2018,1,7,14,0,0,1,56,60,1,60,0,50.0,5.6
Nazmul Islam,Bangladesh,2018/19,4,0,0,0,0,4,137,158,2,170,3,0.0,5.2025316455696204
Nestor Dhamba,Oman,2021,2,0,1,0,0,4,44,49,2,139,1,0.0,5.387755102040817
Nestor Dhamba,Oman,2021/22,3,17,46,0,0,4,55,126,0,183,0,36.95652173913043,2.619047619047619
Nestor Dhamba,Oman,2022,3,6,5,1,0,3,107,133,0,133,3,120.0,4.827067669172932
Nizakat Khan,Hong Kong,2014,1,14,30,2,0,1,9,32,0,65,0,46.666666666666664,1.6875
Nizakat Khan,Hong Kong,2015/16,1,28,30,1,1,0,0,0,0,42,1,93.33333333333333,0.0
Nizakat Khan,Hong Kong,2016,2,83,82,8,3,0,0,0,1,155,0,101.21951219512195,0.0
Nizakat Khan,Hong Kong,2016/17,5,205,248,19,7,2,40,54,3,453,3,82.66129032258065,4.444444444444445
Nizakat Khan,Hong Kong,2017/18,4,73,108,12,0,0,23,18,3,155,1,67.5925925925926,7.666666666666667
Nizakat Khan,Hong Kong,2018,2,105,130,14,1,0,15,6,1,201,0,80.76923076923077,15.0
Nurul Hasan,Bangladesh,2016/17,2,68,73,4,2,0,0,0,2,136,0,93.15068493150685,0.0
Nurul Hasan,Bangladesh,2021,2,45,42,6,0,0,0,0,1,83,2,107.14285714285714,0.0
Nurul Hasan,Bangladesh,2022,3,52,66,5,1,0,0,0,2,128,3,78.78787878787878,0.0
Nurul Hasan,Bangladesh,2023,1,0,0,0,0,0,0,0,2,28,0,0.0,0.0
O Davidson,Scotland,2022,1,14,33,0,0,0,30,54,1,42,0,42.42424242424242,3.3333333333333335
O Thomas,West Indies,2018/19,8,0,6,0,0,15,390,366,0,495,3,0.0,6.39344262295082
O Thomas,West Indies,2019,9,13,52,1,0,8,339,357,0,333,1,25.0,5.697478991596639
O Thomas,West Indies,2019/20,1,0,0,0,0,3,40,56,0,99,1,0.0,4.285714285714286
O Thomas,West Indies,2023/24,5,9,20,1,0,4,165,152,0,155,1,45.0,6.5131578947368425
OA Shah,England,2002/03,3,47,72,2,0,0,0,0,1,67,0,65.27777777777779,0.0
OA Shah,England,2005/06,3,11,21,2,0,0,0,0,0,16,0,52.38095238095239,0.0
OA Shah,England,2007,8,287,343,22,5,1,17,26,0,504,4,83.6734693877551,3.9230769230769234
OA Shah,England,2007/08,9,174,254,9,0,1,71,76,3,309,3,68.50393700787401,5.605263157894737
OA Shah,England,2008,9,278,305,21,7,0,30,18,4,483,5,91.14754098360656,10.0
OA Shah,England,2008/09,10,343,407,38,4,0,6,7,2,592,3,84.27518427518427,5.142857142857142
OA Shah,England,2009,10,294,383,22,3,3,41,66,4,579,4,76.76240208877284,3.727272727272727
OA Shah,England,2009/10,4,145,178,8,7,0,11,6,1,256,2,81.46067415730337,11.0
OAC Banks,West Indies,2003,1,12,15,0,1,2,42,50,0,84,0,80.0,5.04
OAC Banks,West Indies,2005,1,33,45,0,1,2,24,60,0,123,1,73.33333333333333,2.4
OC McCoy,West Indies,2018/19,2,0,1,0,0,4,106,87,0,121,1,0.0,7.310344827586207
OEG Baartman,South Africa,2024/25,4,13,24,0,0,6,97,154,2,243,2,54.166666666666664,3.779220779220779
OF Smith,West Indies,2021/22,5,144,83,8,14,6,100,167,1,512,1,173.49397590361446,3.5928143712574854
OF Smith,West Indies,2022/23,2,18,21,3,0,1,67,47,0,76,1,85.71428571428571,8.553191489361703
OF Smith,West Indies,2023,2,37,24,3,1,3,63,100,0,184,2,154.16666666666669,3.78
OL Pitcher,Bermuda,2006/07,3,28,83,2,0,0,0,0,1,33,0,33.734939759036145,0.0
OO Bascome,Bermuda,2008,1,17,47,2,0,0,0,0,0,21,1,36.17021276595745,0.0
OP Stone,England,2018/19,3,9,7,1,0,1,90,103,0,79,3,128.57142857142858,5.242718446601941
OP Stone,England,2022/23,4,5,10,1,0,7,218,224,0,263,0,50.0,5.8392857142857135
OP Stone,England,2024,2,10,18,0,0,1,82,76,2,76,0,55.55555555555556,6.473684210526316
Omid Shafi Rahman,United Arab Emirates,2024,2,1,7,0,0,0,102,80,0,24,0,14.285714285714285,7.6499999999999995
P Jayawickrama,Sri Lanka,2021,5,7,12,1,0,5,174,201,0,202,3,58.333333333333336,5.1940298507462686
P Khadka,Nepal,2018,1,16,21,3,0,0,32,37,2,56,0,76.19047619047619,5.189189189189189
P Khadka,Nepal,2018/19,3,156,184,19,1,4,80,127,0,432,2,84.78260869565217,3.779527559055118
P Khadka,Nepal,2019/20,4,80,112,11,2,0,78,115,4,222,2,71.42857142857143,4.069565217391304
P Kumar,India,2007/08,5,25,29,2,0,10,219,306,2,441,4,86.20689655172413,4.294117647058823
P Kumar,India,2008,10,16,26,0,0,11,405,507,3,531,8,61.53846153846154,4.792899408284024
P Kumar,India,2008/09,7,21,34,2,0,9,251,308,0,378,6,61.76470588235294,4.8896103896103895
P Kumar,India,2009,1,1,5,0,0,0,36,43,0,19,0,20.0,5.023255813953488
P Kumar,India,2009/10,12,138,134,15,3,11,478,560,1,752,6,102.98507462686568,5.121428571428572
P Kumar,India,2010,9,24,41,2,1,15,346,473,3,655,5,58.536585365853654,4.3890063424947146
P Kumar,India,2010/11,3,0,0,0,0,1,111,134,0,81,3,0.0,4.970149253731344
P Kumar,India,2011,8,34,35,1,2,8,275,372,0,406,3,97.14285714285714,4.435483870967742
P Kumar,India,2011/12,12,33,34,3,1,12,544,634,0,595,9,97.05882352941177,5.148264984227129
P Mustard,England,2007/08,9,219,244,25,5,0,0,0,7,471,3,89.75409836065575,0.0
P Nissanka,Sri Lanka,2020/21,3,42,56,5,0,0,0,0,0,62,0,75.0,0.0
P Nissanka,Sri Lanka,2021,6,44,104,5,0,0,0,0,2,71,1,42.30769230769231,0.0
P Nissanka,Sri Lanka,2021/22,3,146,162,19,0,0,0,0,1,268,2,90.12345679012346,0.0
P Nissanka,Sri Lanka,2022,5,222,264,23,3,0,0,0,2,420,3,84.0909090909091,0.0
P Nissanka,Sri Lanka,2022/23,3,138,160,21,1,0,0,0,1,260,0,86.25,0.0
P Nissanka,Sri Lanka,2023,13,508,613,66,0,0,0,0,4,935,11,82.87112561174551,0.0
P Nissanka,Sri Lanka,2023/24,11,437,473,57,7,0,0,0,2,831,3,92.38900634249472,0.0
P Nissanka,Sri Lanka,2024,3,101,144,14,2,0,0,0,1,190,2,70.13888888888889,0.0
P Nissanka,Sri Lanka,2024/25,6,172,176,21,7,0,0,0,2,348,3,97.72727272727273,0.0
P Sarraf,Nepal,2018/19,2,12,18,1,0,0,0,0,0,16,1,66.66666666666666,0.0
P Sarraf,Nepal,2021,1,0,1,0,0,0,7,12,0,1,1,0.0,3.5
P Sarraf,Nepal,2021/22,4,9,15,1,0,4,94,125,1,167,1,60.0,4.5120000000000005
P Sarraf,Nepal,2022,2,10,20,1,0,0,26,31,2,38,1,50.0,5.032258064516129
P Sarraf,Nepal,2023/24,4,41,64,3,2,2,118,158,2,195,3,64.0625,4.481012658227848
P Utseya,Zimbabwe,2004,3,39,53,5,0,0,104,145,0,115,0,73.58490566037736,4.303448275862069
P Utseya,Zimbabwe,2004/05,11,48,131,1,0,4,363,560,2,387,1,36.6412213740458,3.8892857142857147
P Utseya,Zimbabwe,2005,3,11,20,2,0,1,110,158,1,107,0,55.00000000000001,4.177215189873418
P Utseya,Zimbabwe,2006,6,15,33,2,0,6,232,363,1,322,0,45.45454545454545,3.834710743801653
P Utseya,Zimbabwe,2006/07,13,121,231,9,1,5,482,657,2,555,0,52.38095238095239,4.401826484018265
P Utseya,Zimbabwe,2007,3,9,14,0,0,3,155,177,1,151,0,64.28571428571429,5.254237288135593
P Utseya,Zimbabwe,2007/08,5,56,80,1,1,4,186,211,1,252,1,70.0,5.289099526066351
P Utseya,Zimbabwe,2008/09,8,117,226,7,2,5,208,362,4,479,3,51.76991150442478,3.447513812154696
P Utseya,Zimbabwe,2009,5,46,60,5,0,3,210,252,0,232,1,76.66666666666667,5.0
P Utseya,Zimbabwe,2009/10,8,32,92,2,0,4,328,398,2,310,2,34.78260869565217,4.944723618090452
P Utseya,Zimbabwe,2010,5,10,20,0,0,3,192,235,0,176,3,50.0,4.902127659574468
P Utseya,Zimbabwe,2010/11,13,323,444,24,5,10,518,712,3,1029,3,72.74774774774775,4.365168539325842
P Utseya,Zimbabwe,2011,8,39,45,2,0,7,378,474,2,413,3,86.66666666666667,4.784810126582278
P Utseya,Zimbabwe,2011/12,4,46,75,2,1,5,210,236,0,271,0,61.33333333333333,5.338983050847458
P Utseya,Zimbabwe,2012/13,1,18,72,0,0,0,59,61,0,32,0,25.0,5.803278688524591
P Utseya,Zimbabwe,2013,10,97,186,7,0,7,463,586,3,540,3,52.1505376344086,4.7406143344709895
P Utseya,Zimbabwe,2014,7,66,127,4,1,9,288,402,2,482,1,51.96850393700787,4.298507462686567
P Utseya,Zimbabwe,2015,4,21,26,3,0,3,189,225,1,188,1,80.76923076923077,5.04
P de Bruyn,Namibia,2022,1,0,0,0,0,0,0,0,1,8,1,0.0,0.0
PA Browne,West Indies,2007/08,4,133,165,7,6,0,0,0,1,223,1,80.60606060606061,0.0
PA Browne,West Indies,2008,1,1,18,0,0,0,0,0,1,9,0,5.555555555555555,0.0
PA Desai,Canada,2010,2,2,12,0,0,5,60,103,0,179,1,16.666666666666664,3.495145631067961
PA Desai,Canada,2010/11,1,0,0,0,0,0,20,18,0,6,1,0.0,6.666666666666667
PA Desai,Canada,2013/14,1,0,0,0,0,1,34,60,0,49,0,0.0,3.4
PA Hitchcock,New Zealand,2002/03,2,2,1,0,0,4,59,105,1,157,2,200.0,3.3714285714285714
PA Hitchcock,New Zealand,2003/04,4,19,38,3,0,1,119,155,1,115,0,50.0,4.606451612903226
PA Hitchcock,New Zealand,2007/08,1,11,11,0,1,0,54,44,0,29,0,100.0,7.363636363636364
PA Jaques,Australia,2005/06,2,94,119,14,0,0,0,0,0,171,1,78.99159663865547,0.0
PA Jaques,Australia,2006/07,3,29,51,2,1,0,0,0,2,63,0,56.86274509803921,0.0
PA Nixon,England,2006/07,19,297,351,21,7,0,0,0,20,657,10,84.61538461538461,0.0
PA Patel,India,2002/03,1,13,31,1,0,0,0,0,0,15,0,41.935483870967744,0.0
PA Patel,India,2003/04,4,63,94,7,0,0,0,0,3,143,2,67.02127659574468,0.0
PA Patel,India,2004,1,13,10,1,0,0,0,0,1,25,1,130.0,0.0
PA Patel,India,2010/11,4,158,188,22,1,0,0,0,2,296,2,84.04255319148936,0.0
PA Patel,India,2011,10,319,399,29,6,0,0,0,6,633,3,79.9498746867168,0.0
PA Patel,India,2011/12,10,127,162,15,0,0,0,0,10,304,8,78.39506172839506,0.0
PA de Silva,Sri Lanka,2002/03,13,390,487,34,7,12,466,572,4,1166,5,80.08213552361396,4.888111888111888
PA van Meekeren,Netherlands,2013/14,1,0,0,0,0,0,25,24,0,8,0,0.0,6.25
PA van Meekeren,Netherlands,2019,1,0,0,0,0,2,27,57,0,81,1,0.0,2.8421052631578947
PA van Meekeren,Netherlands,2021,2,6,13,0,0,3,54,87,1,129,1,46.15384615384615,3.7241379310344827
PA van Meekeren,Netherlands,2022,1,2,3,0,0,2,58,43,0,62,0,66.66666666666666,8.093023255813954
PA van Meekeren,Netherlands,2022/23,5,33,29,2,2,6,246,259,2,306,1,113.79310344827587,5.698841698841699
PA van Meekeren,Netherlands,2023/24,8,22,31,3,0,12,390,433,2,512,2,70.96774193548387,5.404157043879907
PA van Meekeren,Netherlands,2024,4,9,22,0,0,13,123,233,0,446,4,40.909090909090914,3.1673819742489266
PA van Meekeren,Netherlands,2024/25,2,4,10,0,0,2,65,83,0,81,0,40.0,4.698795180722891
PADLR Sandakan,Sri Lanka,2016,1,0,0,0,0,2,31,32,1,68,0,0.0,5.8125
PADLR Sandakan,Sri Lanka,2016/17,5,6,31,0,0,3,218,246,1,164,0,19.35483870967742,5.317073170731708
PADLR Sandakan,Sri Lanka,2017,4,5,8,0,0,6,220,185,0,224,2,62.5,7.135135135135135
PADLR Sandakan,Sri Lanka,2017/18,2,0,0,0,0,4,74,103,0,137,2,0.0,4.310679611650485
PADLR Sandakan,Sri Lanka,2018,1,5,13,0,0,1,73,49,0,42,0,38.46153846153847,8.938775510204083
PADLR Sandakan,Sri Lanka,2018/19,6,15,39,1,0,1,318,316,4,171,1,38.46153846153847,6.037974683544304
PADLR Sandakan,Sri Lanka,2019/20,4,3,13,0,0,3,184,181,1,143,3,23.076923076923077,6.099447513812154
PADLR Sandakan,Sri Lanka,2020/21,3,18,23,2,0,0,141,183,0,100,0,78.26086956521739,4.622950819672131
PADLR Sandakan,Sri Lanka,2021,4,12,20,1,0,6,219,243,0,242,0,60.0,5.407407407407407
PARP Perera,Sri Lanka,2018/19,2,33,61,2,0,0,0,0,1,50,0,54.09836065573771,0.0
PBB Rajapaksa,Sri Lanka,2021,5,89,87,14,2,0,0,0,0,164,2,102.29885057471265,0.0
PC Connell,Ireland,2008,1,0,0,0,0,2,36,43,0,64,1,0.0,5.023255813953488
PC Connell,Ireland,2008/09,1,6,23,1,0,3,66,50,0,93,0,26.08695652173913,7.919999999999999
PC Connell,Ireland,2009,1,0,0,0,0,2,48,63,0,79,1,0.0,4.571428571428571
PC Connell,Ireland,2010,1,0,1,0,0,0,36,31,0,7,0,0.0,6.967741935483871
PC de Silva,Sri Lanka,2013/14,4,61,77,7,0,3,150,207,3,268,4,79.22077922077922,4.3478260869565215
PC de Silva,Sri Lanka,2014/15,1,2,7,0,0,0,45,30,0,8,0,28.57142857142857,9.0
PC de Silva,Sri Lanka,2016/17,1,14,14,2,0,0,23,24,0,30,0,100.0,5.75
PC de Silva,Sri Lanka,2017/18,1,0,0,0,0,0,0,0,1,8,0,0.0,0.0
PD Blignaut,Namibia,2024,1,0,0,0,0,1,28,24,0,33,0,0.0,7.0
PD Collingwood,England,2002/03,11,289,422,17,3,3,71,79,8,574,4,68.48341232227489,5.3924050632911396
PD Collingwood,England,2003/04,6,160,288,14,1,0,0,0,3,264,3,55.55555555555556,0.0
PD Collingwood,England,2004,11,232,322,19,3,2,125,140,5,508,6,72.04968944099379,5.357142857142858
PD Collingwood,England,2004/05,10,100,137,7,1,8,321,505,6,600,4,72.99270072992701,3.8138613861386137
PD Collingwood,England,2005,5,70,144,6,0,1,111,162,2,204,2,48.61111111111111,4.111111111111111
PD Collingwood,England,2005/06,8,279,348,21,3,4,180,212,7,661,3,80.17241379310344,5.094339622641509
PD Collingwood,England,2006,9,231,311,19,0,6,181,271,6,660,3,74.27652733118971,4.007380073800738
PD Collingwood,England,2006/07,21,715,999,51,5,14,520,648,16,1819,10,71.57157157157157,4.814814814814815
PD Collingwood,England,2007,10,324,344,26,6,3,320,356,8,796,5,94.18604651162791,5.393258426966292
PD Collingwood,England,2007/08,9,204,202,10,10,9,268,352,3,730,3,100.99009900990099,4.568181818181818
PD Collingwood,England,2008,6,163,207,15,3,7,149,199,1,534,3,78.74396135265701,4.492462311557789
PD Collingwood,England,2008/09,10,195,248,19,1,6,167,187,6,561,3,78.62903225806451,5.358288770053476
PD Collingwood,England,2009,7,199,290,12,2,7,204,255,3,586,4,68.62068965517241,4.8
PD Collingwood,England,2009/10,10,513,612,40,13,5,333,401,5,1190,7,83.82352941176471,4.982543640897756
PD Collingwood,England,2010,12,344,506,15,7,4,143,193,3,688,8,67.98418972332016,4.4455958549222805
PD Collingwood,England,2010/11,8,114,117,6,2,5,197,290,3,431,2,97.43589743589743,4.075862068965517
PD McGlashan,New Zealand,2008/09,4,63,53,6,1,0,0,0,7,173,1,118.86792452830188,0.0
PD Salt,England,2021,3,104,91,19,0,0,0,0,0,204,3,114.28571428571428,0.0
PD Salt,England,2022,5,265,191,35,3,0,0,0,2,521,5,138.7434554973822,0.0
PD Salt,England,2022/23,5,91,90,14,1,0,0,0,3,185,2,101.11111111111111,0.0
PD Salt,England,2023,2,89,51,13,4,0,0,0,1,199,1,174.50980392156862,0.0
PD Salt,England,2023/24,3,70,49,10,3,0,0,0,2,154,1,142.85714285714286,0.0
PD Salt,England,2024,5,96,100,13,3,0,0,0,2,189,2,96.0,0.0
PD Salt,England,2024/25,3,151,198,15,1,0,0,0,1,249,1,76.26262626262627,0.0
PDRL Perera,Sri Lanka,2005/06,10,5,7,0,0,8,374,454,1,408,6,71.42857142857143,4.942731277533039
PDRL Perera,Sri Lanka,2006,1,0,0,0,0,0,38,32,0,8,1,0.0,7.125
PDRL Perera,Sri Lanka,2006/07,2,0,2,0,0,3,60,70,0,107,1,0.0,5.142857142857143
PF Younghusband,New Zealand,2013/14,1,0,0,0,0,0,0,0,1,8,1,0.0,0.0
PG Fulton,New Zealand,2004/05,1,9,10,2,0,0,0,0,1,25,1,90.0,0.0
PG Fulton,New Zealand,2005/06,8,261,356,20,3,0,0,0,2,407,7,73.31460674157303,0.0
PG Fulton,New Zealand,2006/07,24,728,1022,65,11,0,0,0,5,1197,12,71.23287671232876,0.0
PG Fulton,New Zealand,2007/08,5,123,179,8,1,0,0,0,5,220,3,68.71508379888269,0.0
PG Fulton,New Zealand,2008/09,5,95,159,9,3,0,0,0,3,171,2,59.74842767295597,0.0
PG Gillespie,Ireland,2006,1,0,3,0,0,0,0,0,0,-3,0,0.0,0.0
PG Gillespie,Ireland,2006/07,1,2,8,0,0,0,0,0,0,2,0,25.0,0.0
PHKD Mendis,Sri Lanka,2018/19,2,17,39,1,0,1,79,84,0,72,0,43.58974358974359,5.642857142857143
PHKD Mendis,Sri Lanka,2020/21,1,9,21,0,0,0,20,19,0,13,0,42.857142857142854,6.315789473684211
PHKD Mendis,Sri Lanka,2021,1,16,29,2,0,0,0,0,2,40,1,55.172413793103445,0.0
PHKD Mendis,Sri Lanka,2021/22,3,85,129,5,1,1,50,49,0,164,2,65.89147286821705,6.122448979591837
PHKD Mendis,Sri Lanka,2024,2,63,64,4,1,0,18,19,1,109,2,98.4375,5.684210526315789
PHKD Mendis,Sri Lanka,2024/25,8,154,189,10,7,0,48,36,4,300,5,81.48148148148148,8.0
PHT Kaushal,Sri Lanka,2014/15,1,0,1,0,0,0,25,36,0,11,0,0.0,4.166666666666667
PJ Cummins,Australia,2011/12,3,17,19,2,0,4,142,142,0,179,2,89.47368421052632,6.0
PJ Cummins,Australia,2012,2,4,4,1,0,2,63,79,0,84,0,100.0,4.784810126582279
PJ Cummins,Australia,2014/15,8,8,35,1,0,12,338,388,6,494,7,22.857142857142858,5.226804123711339
PJ Cummins,Australia,2015,6,5,5,0,0,14,243,306,1,496,4,100.0,4.764705882352941
PJ Cummins,Australia,2016/17,10,79,103,6,3,18,451,555,1,790,7,76.69902912621359,4.875675675675676
PJ Cummins,Australia,2017,3,4,7,0,0,2,142,152,0,122,0,57.14285714285714,5.605263157894737
PJ Cummins,Australia,2017/18,8,27,31,2,0,11,357,478,0,505,2,87.09677419354838,4.481171548117154
PJ Cummins,Australia,2018/19,9,39,60,3,0,18,341,501,2,759,5,65.0,4.083832335329341
PJ Cummins,Australia,2019,9,51,68,3,0,11,361,485,4,567,6,75.0,4.465979381443299
PJ Cummins,Australia,2019/20,6,26,27,1,1,9,276,340,2,406,2,96.29629629629629,4.870588235294118
PJ Cummins,Australia,2020,3,24,31,1,1,3,177,186,0,180,2,77.41935483870968,5.709677419354839
PJ Cummins,Australia,2020/21,2,1,1,0,0,3,109,118,0,119,2,100.0,5.542372881355932
PJ Cummins,Australia,2022,4,39,52,3,0,8,138,195,2,365,2,75.0,4.246153846153846
PJ Cummins,Australia,2022/23,2,0,0,0,0,5,75,104,0,175,2,0.0,4.3269230769230775
PJ Cummins,Australia,2023/24,12,156,157,15,6,17,552,612,5,939,9,99.36305732484077,5.411764705882353
PJ Cummins,Australia,2024/25,2,45,52,4,1,2,74,100,0,164,1,86.53846153846155,4.4399999999999995
PJ Forrest,Australia,2011/12,11,353,531,34,4,0,0,0,4,620,5,66.47834274952919,0.0
PJ Forrest,Australia,2012,3,15,46,0,0,0,0,0,0,8,0,32.608695652173914,0.0
PJ Hughes,Australia,2012/13,10,416,549,45,3,0,0,0,2,756,7,75.77413479052824,0.0
PJ Hughes,Australia,2013,4,45,81,6,0,0,0,0,1,84,1,55.55555555555556,0.0
PJ Hughes,Australia,2013/14,6,199,269,23,1,0,0,0,2,341,2,73.97769516728626,0.0
PJ Hughes,Australia,2014,4,161,205,17,1,0,0,0,0,267,1,78.53658536585367,0.0
PJ Hughes,Australia,2014/15,1,5,14,0,0,0,0,0,0,5,1,35.714285714285715,0.0
PJ Ingram,New Zealand,2009/10,6,181,222,28,0,0,0,0,3,347,4,81.53153153153153,0.0
PJ Ingram,New Zealand,2010,1,12,17,2,0,0,0,0,0,20,1,70.58823529411765,0.0
PJ Moor,Zimbabwe,2014/15,2,15,36,1,0,0,0,0,1,27,0,41.66666666666667,0.0
PJ Moor,Zimbabwe,2016,2,4,14,0,0,0,0,0,0,4,0,28.57142857142857,0.0
PJ Moor,Zimbabwe,2016/17,4,67,82,3,5,0,0,0,1,127,1,81.70731707317073,0.0
PJ Moor,Zimbabwe,2017,5,42,37,4,2,0,0,0,3,106,2,113.51351351351352,0.0
PJ Moor,Zimbabwe,2017/18,4,105,184,5,2,0,0,0,2,157,1,57.065217391304344,0.0
PJ Moor,Zimbabwe,2018,5,117,200,5,4,0,0,0,0,175,0,58.5,0.0
PJ Moor,Zimbabwe,2018/19,6,99,144,7,4,0,0,0,2,173,0,68.75,0.0
PJ Moor,Zimbabwe,2019,6,71,84,4,3,0,0,0,2,126,3,84.52380952380952,0.0
PJ Ongondo,Kenya,2002/03,11,74,76,6,2,6,275,400,0,425,4,97.36842105263158,4.125
PJ Ongondo,Kenya,2004,2,2,11,0,0,0,46,53,0,27,0,18.181818181818183,5.2075471698113205
PJ Ongondo,Kenya,2006,3,36,87,1,1,4,99,189,0,241,0,41.37931034482759,3.142857142857143
PJ Ongondo,Kenya,2006/07,4,12,37,0,0,10,176,199,0,340,1,32.432432432432435,5.306532663316584
PJ Ongondo,Africa XI,2007,2,0,0,0,0,3,33,62,1,115,0,0.0,3.193548387096774
PJ Ongondo,Kenya,2007/08,4,5,13,1,0,5,59,153,1,242,4,38.46153846153847,2.3137254901960786
PJ Ongondo,Kenya,2008,2,3,3,0,0,1,18,42,0,50,0,100.0,2.5714285714285716
PJ Ongondo,Kenya,2008/09,2,6,10,0,0,4,107,121,0,168,0,60.0,5.305785123966942
PJ Ongondo,Kenya,2009,1,6,10,1,0,0,27,12,0,14,0,60.0,13.5
PJ Ongondo,Kenya,2010/11,2,6,3,0,1,1,76,82,0,61,0,200.0,5.560975609756098
PJC Hoffmann,Scotland,2006/07,4,25,19,4,1,0,130,140,1,111,1,131.57894736842107,5.571428571428572
PJC Hoffmann,Scotland,2007,1,5,4,0,0,0,40,56,0,25,0,125.0,4.285714285714286
PJK Mooney,Ireland,2006,1,11,7,1,0,0,17,30,2,45,0,157.14285714285714,3.4
PJK Mooney,Ireland,2006/07,1,0,1,0,0,0,37,24,0,5,0,0.0,9.25
PKD Chase,Ireland,2016,1,0,2,0,0,1,69,43,0,30,0,0.0,9.627906976744185
PKD Chase,Ireland,2016/17,3,0,2,0,0,2,182,138,0,81,1,0.0,7.913043478260869
PKD Chase,Ireland,2017,6,22,29,1,1,11,325,313,0,413,0,75.86206896551724,6.2300319488817895
PKD Chase,Ireland,2017/18,3,0,0,0,0,5,149,174,2,204,3,0.0,5.137931034482759
PL Harris,South Africa,2007/08,3,0,0,0,0,3,77,183,2,181,3,0.0,2.5245901639344264
PL Mommsen,Scotland,2013,2,106,159,11,0,0,0,0,3,196,0,66.66666666666666,0.0
PL Mommsen,Scotland,2013/14,2,84,113,4,1,0,0,0,2,146,2,74.33628318584071,0.0
PL Mommsen,Scotland,2014,4,53,59,5,1,0,0,0,0,85,1,89.83050847457628,0.0
PL Mommsen,Scotland,2014/15,6,141,187,14,1,0,0,0,3,243,0,75.40106951871658,0.0
PL Mommsen,Scotland,2016,3,203,235,15,0,0,0,0,2,345,2,86.38297872340426,0.0
PL Mommsen,Scotland,2017,2,14,33,0,0,0,0,0,0,12,1,42.42424242424242,0.0
PLS Gamage,Sri Lanka,2014/15,4,0,12,0,0,1,151,168,1,92,0,0.0,5.392857142857143
PLS Gamage,Sri Lanka,2015,1,0,0,0,0,1,57,65,0,46,1,0.0,5.2615384615384615
PLS Gamage,Sri Lanka,2017/18,4,4,15,0,0,7,159,185,1,254,0,26.666666666666668,5.156756756756757
PM Liyanagamage,Sri Lanka,2022,1,15,52,2,0,1,13,18,0,48,0,28.846153846153843,4.333333333333333
PM Liyanagamage,Sri Lanka,2023,2,2,9,0,0,2,74,59,1,83,1,22.22222222222222,7.525423728813559
PM Liyanagamage,Sri Lanka,2023/24,3,11,23,1,0,2,161,152,2,126,1,47.82608695652174,6.355263157894737
PM Pushpakumara,Sri Lanka,2017,2,11,26,0,1,1,105,114,2,96,0,42.30769230769231,5.526315789473684
PM Seelaar,Netherlands,2008,1,0,6,0,0,2,30,33,0,58,0,0.0,5.454545454545454
PM Seelaar,Netherlands,2010,1,34,63,5,0,0,23,30,0,68,0,53.96825396825397,4.6
PM Seelaar,Netherlands,2010/11,6,3,17,0,0,8,302,360,1,344,0,17.647058823529413,5.033333333333333
PM Seelaar,Netherlands,2011,1,1,1,0,0,0,20,37,0,17,0,100.0,3.243243243243243
PM Seelaar,Netherlands,2013,1,0,0,0,0,4,15,28,0,117,1,0.0,3.214285714285714
PM Seelaar,Netherlands,2013/14,2,0,0,0,0,2,67,84,0,80,1,0.0,4.785714285714286
PM Seelaar,Netherlands,2019,2,32,15,5,1,3,77,102,1,183,2,213.33333333333334,4.529411764705882
PM Seelaar,Netherlands,2021,5,36,101,3,0,4,141,223,3,262,3,35.64356435643564,3.7937219730941707
PM Seelaar,Netherlands,2021/22,4,52,89,3,1,1,131,180,1,170,0,58.42696629213483,4.366666666666666
PM Seelaar,Netherlands,2022,4,60,74,4,1,2,198,200,1,210,0,81.08108108108108,5.9399999999999995
PM Siddle,Australia,2008/09,1,0,0,0,0,1,13,18,0,31,0,0.0,4.333333333333333
PM Siddle,Australia,2009,2,8,3,1,0,2,71,109,1,118,2,266.66666666666663,3.9082568807339446
PM Siddle,Australia,2009/10,11,4,10,0,0,11,397,546,0,503,9,40.0,4.362637362637362
PM Siddle,Australia,2010/11,2,9,5,0,0,1,81,92,0,70,0,180.0,5.282608695652174
PM Siddle,Australia,2018/19,3,10,12,1,0,2,156,156,0,117,1,83.33333333333334,6.0
PP Chawla,India,2007,13,20,36,1,0,15,525,675,5,701,8,55.55555555555556,4.666666666666667
PP Chawla,India,2007/08,2,6,2,1,0,0,76,116,3,76,2,300.0,3.931034482758621
PP Chawla,India,2008,6,2,7,0,0,7,295,322,0,295,4,28.57142857142857,5.496894409937888
PP Chawla,India,2010/11,5,10,15,1,0,4,195,217,1,199,3,66.66666666666666,5.391705069124424
PP Ojha,India,2008,5,27,56,2,0,5,173,258,4,310,2,48.214285714285715,4.023255813953488
PP Ojha,India,2008/09,4,0,0,0,0,7,162,223,1,267,4,0.0,4.358744394618834
PP Ojha,India,2010,7,14,40,1,0,6,261,359,2,309,2,35.0,4.362116991643454
PP Ojha,India,2012,2,5,18,0,0,1,50,42,0,43,1,27.77777777777778,7.142857142857143
PP Shaw,India,2019/20,3,84,84,12,2,0,0,0,0,148,0,100.0,0.0
PP Shaw,India,2021,3,105,90,20,0,0,0,0,2,215,2,116.66666666666667,0.0
PR Adams,South Africa,2003,1,0,0,0,0,1,28,62,0,53,1,0.0,2.7096774193548385
PR Stirling,Ireland,2008,1,4,20,0,0,0,0,0,0,-2,0,20.0,0.0
PR Stirling,Ireland,2009,1,30,26,4,1,0,0,0,1,66,0,115.38461538461537,0.0
PR Stirling,Ireland,2010,5,174,174,22,6,3,82,122,1,459,2,100.0,4.032786885245902
PR Stirling,Ireland,2010/11,6,157,131,23,3,4,205,279,2,528,2,119.84732824427482,4.408602150537634
PR Stirling,Ireland,2011,2,32,25,3,2,2,71,86,1,152,1,128.0,4.953488372093023
PR Stirling,Ireland,2011/12,2,69,70,8,2,1,42,89,0,189,1,98.57142857142858,2.831460674157303
PR Stirling,Ireland,2012,1,24,28,4,0,0,0,0,0,40,0,85.71428571428571,0.0
PR Stirling,Ireland,2013,5,144,186,17,1,3,131,132,1,388,2,77.41935483870968,5.954545454545454
PR Stirling,Ireland,2013/14,1,4,9,1,0,0,42,60,0,38,0,44.44444444444444,4.2
PR Stirling,Ireland,2014,1,4,6,1,0,1,37,50,0,55,0,66.66666666666666,4.4399999999999995
PR Stirling,Ireland,2014/15,7,187,185,20,6,2,219,273,2,504,4,101.08108108108107,4.813186813186813
PR Stirling,Ireland,2015,2,2,9,0,0,0,14,20,0,5,0,22.22222222222222,4.2
PR Stirling,Ireland,2015/16,3,146,196,18,0,1,86,128,0,315,1,74.48979591836735,4.03125
PR Stirling,Ireland,2016,2,22,27,2,1,0,78,69,2,69,0,81.48148148148148,6.782608695652174
PR Stirling,Ireland,2016/17,4,115,154,13,2,0,0,0,0,193,2,74.67532467532467,0.0
PR Stirling,Ireland,2017,5,82,87,14,2,0,54,42,1,178,0,94.25287356321839,7.714285714285714
PR Stirling,Ireland,2017/18,9,344,402,43,5,0,55,55,4,680,7,85.57213930348259,6.0
PR Stirling,Ireland,2019,7,381,478,41,6,2,38,55,0,762,3,79.70711297071131,4.1454545454545455
PR Stirling,Ireland,2019/20,3,83,124,9,1,0,0,0,3,159,0,66.93548387096774,0.0
PR Stirling,Ireland,2020,3,156,155,11,6,0,1,1,1,306,1,100.64516129032258,6.0
PR Stirling,Ireland,2020/21,2,135,158,10,4,0,0,0,0,259,1,85.44303797468355,0.0
PR Stirling,Ireland,2021,9,285,452,34,3,0,0,0,2,491,3,63.05309734513275,0.0
PR Stirling,Ireland,2021/22,2,65,56,8,2,0,16,24,3,147,2,116.07142857142858,4.0
PR Stirling,Ireland,2022,3,125,119,15,5,0,0,0,0,254,0,105.0420168067227,0.0
PR Stirling,Ireland,2022/23,4,87,137,8,3,0,0,0,3,163,1,63.503649635036496,0.0
PR Stirling,Ireland,2023,10,364,352,41,14,0,0,0,4,762,3,103.40909090909092,0.0
PR Stirling,Ireland,2023/24,2,22,43,4,0,0,0,0,1,44,2,51.162790697674424,0.0
PR Stirling,Ireland,2024/25,3,95,102,9,3,0,0,0,1,181,1,93.13725490196079,0.0
PRP Boissevain,Netherlands,2021,1,13,20,0,0,1,49,48,0,54,0,65.0,6.125
PRP Boissevain,Netherlands,2021/22,1,15,28,1,0,0,34,22,0,26,0,53.57142857142857,9.272727272727273
PRP Boissevain,Netherlands,2022,1,5,9,1,0,0,105,63,1,32,0,55.55555555555556,10.0
PS Athavale,Oman,2024,7,103,176,14,0,0,0,0,6,224,2,58.52272727272727,0.0
PS Masvaure,Zimbabwe,2018,2,40,63,2,0,0,18,19,0,58,0,63.49206349206349,5.684210526315789
PSP Handscomb,Australia,2016/17,4,90,96,8,0,0,0,0,5,187,2,93.75,0.0
PSP Handscomb,Australia,2017/18,3,59,55,3,1,0,0,0,1,95,1,107.27272727272728,0.0
PSP Handscomb,Australia,2018/19,13,479,493,36,5,0,0,0,8,810,9,97.16024340770791,0.0
PSP Handscomb,Australia,2019,1,4,12,0,0,0,0,0,0,4,0,33.33333333333333,0.0
PT Collins,West Indies,2002/03,3,1,1,0,0,2,141,166,0,117,2,100.0,5.096385542168674
PT Collins,West Indies,2004/05,4,2,6,0,0,8,135,215,0,299,0,33.33333333333333,3.767441860465116
PT Collins,West Indies,2005,1,0,3,0,0,1,48,61,0,42,0,0.0,4.721311475409836
PVD Chameera,Sri Lanka,2014/15,3,14,14,1,0,5,129,110,0,181,2,100.0,7.036363636363637
PVD Chameera,Sri Lanka,2015/16,6,22,42,2,0,5,196,211,1,237,2,52.38095238095239,5.573459715639811
PVD Chameera,Sri Lanka,2017,6,30,50,2,0,1,204,233,1,157,2,60.0,5.253218884120171
PVD Chameera,Sri Lanka,2017/18,5,23,34,2,0,4,109,233,1,249,2,67.64705882352942,2.8068669527896994
PVD Chameera,Sri Lanka,2018/19,2,1,10,0,0,3,74,85,0,108,1,10.0,5.223529411764706
PVD Chameera,Sri Lanka,2020/21,2,9,18,1,0,2,103,123,0,103,0,50.0,5.024390243902439
PVD Chameera,Sri Lanka,2021,12,101,154,8,2,18,457,533,2,827,4,65.5844155844156,5.144465290806754
PVD Chameera,Sri Lanka,2021/22,2,14,16,0,1,2,64,86,1,118,1,87.5,4.465116279069767
PVD Chameera,Sri Lanka,2022,3,7,18,1,0,3,122,135,0,136,2,38.88888888888889,5.4222222222222225
PVD Chameera,Sri Lanka,2023/24,6,41,83,3,0,4,201,221,1,239,2,49.39759036144578,5.457013574660633
PW Borren,Netherlands,2006/07,5,34,40,5,1,3,181,178,1,204,2,85.0,6.101123595505618
PW Borren,Netherlands,2008,1,0,4,0,0,0,14,12,0,1,0,0.0,7.0
PW Borren,Netherlands,2010,1,10,22,1,0,0,15,12,0,16,0,45.45454545454545,7.5
PW Borren,Netherlands,2010/11,6,173,194,18,2,2,99,108,2,395,0,89.17525773195877,5.5
PW Borren,Netherlands,2011,1,71,108,5,0,0,25,42,1,127,0,65.74074074074075,3.5714285714285716
PW Borren,Netherlands,2013,3,36,42,3,1,0,32,67,3,116,1,85.71428571428571,2.865671641791045
PW Borren,Netherlands,2013/14,2,89,53,10,4,0,57,75,0,206,1,167.9245283018868,4.56
PW Gunaratne,Sri Lanka,2002/03,7,15,15,3,0,6,276,286,1,289,4,100.0,5.790209790209791
PWA Mulder,South Africa,2017/18,1,2,4,0,0,1,30,50,0,45,1,50.0,3.5999999999999996
PWA Mulder,South Africa,2018,5,41,59,5,0,5,192,192,3,273,3,69.49152542372882,6.0
PWA Mulder,South Africa,2018/19,4,31,28,6,0,2,69,93,1,147,4,110.71428571428572,4.451612903225806
PWA Mulder,South Africa,2021,2,7,11,0,0,2,28,41,1,78,1,63.63636363636363,4.097560975609756
PWA Mulder,South Africa,2023/24,3,1,4,0,0,2,77,94,2,100,1,25.0,4.914893617021277
PWA Mulder,South Africa,2024/25,2,54,54,4,1,2,44,51,0,151,2,100.0,5.176470588235294
PWH de Silva,Sri Lanka,2017,7,52,60,5,1,9,225,200,3,387,2,86.66666666666667,6.749999999999999
PWH de Silva,Sri Lanka,2017/18,2,11,13,0,1,0,69,60,0,32,0,84.61538461538461,6.9
PWH de Silva,Sri Lanka,2019,2,12,5,2,0,0,16,24,1,40,2,240.0,4.0
PWH de Silva,Sri Lanka,2019/20,5,115,96,9,4,7,228,303,1,486,3,119.79166666666667,4.514851485148514
PWH de Silva,Sri Lanka,2020/21,3,130,99,9,7,1,122,181,0,341,0,131.31313131313132,4.044198895027624
PWH de Silva,Sri Lanka,2021,11,226,292,15,6,10,422,549,3,842,3,77.3972602739726,4.612021857923497
PWH de Silva,Sri Lanka,2022,2,58,39,9,0,5,110,114,0,267,1,148.71794871794873,5.7894736842105265
PWH de Silva,Sri Lanka,2022/23,5,40,39,4,3,0,238,264,2,179,0,102.56410256410255,5.409090909090909
PWH de Silva,Sri Lanka,2023,7,91,74,8,2,22,283,333,1,897,7,122.97297297297298,5.099099099099099
PWH de Silva,Sri Lanka,2023/24,4,49,39,2,4,12,181,198,1,495,2,125.64102564102564,5.484848484848484
PWH de Silva,Sri Lanka,2024,1,24,35,1,2,3,58,60,0,135,0,68.57142857142857,5.8
PWH de Silva,Sri Lanka,2024/25,6,51,45,4,3,7,168,196,2,355,3,113.33333333333333,5.142857142857143
Pankaj Singh,India,2010,1,3,3,0,0,0,43,44,1,25,0,100.0,5.863636363636364
Pargat Singh,Canada,2023,4,202,262,22,3,1,41,60,0,410,2,77.09923664122137,4.1
Pargat Singh,Canada,2023/24,6,195,229,29,1,0,0,0,3,383,4,85.1528384279476,0.0
Pargat Singh,Canada,2024,7,325,439,33,8,3,41,56,1,668,4,74.03189066059225,4.392857142857142
Parveen Kumar,Canada,2024,2,0,0,0,0,1,59,108,1,91,2,0.0,3.2777777777777777
Parvez Rasool,India,2014,1,0,0,0,0,2,59,61,0,70,1,0.0,5.803278688524591
Pratis GC,Nepal,2022/23,1,11,6,1,0,0,12,32,0,31,1,183.33333333333331,2.25
Pratis GC,Nepal,2023,1,0,0,0,0,1,37,61,0,47,1,0.0,3.639344262295082
Q de Kock,South Africa,2012/13,4,77,115,6,2,0,0,0,4,157,2,66.95652173913044,0.0
Q de Kock,South Africa,2013,3,55,58,10,0,0,0,0,2,119,1,94.82758620689656,0.0
Q de Kock,South Africa,2013/14,9,609,691,64,7,0,0,0,19,1287,6,88.13314037626628,0.0
Q de Kock,South Africa,2014,11,449,465,46,8,0,0,0,20,1023,9,96.55913978494624,0.0
Q de Kock,South Africa,2014/15,17,441,567,57,1,0,0,0,24,1014,9,77.77777777777779,0.0
Q de Kock,South Africa,2015,3,44,59,6,0,0,0,0,1,80,1,74.57627118644068,0.0
Q de Kock,South Africa,2015/16,10,644,626,81,13,0,0,0,10,1382,6,102.87539936102237,0.0
Q de Kock,South Africa,2016,6,149,205,19,1,0,0,0,5,287,2,72.6829268292683,0.0
Q de Kock,South Africa,2016/17,16,805,711,87,20,0,0,0,19,1698,14,113.22081575246132,0.0
Q de Kock,South Africa,2017,6,246,329,23,0,0,0,0,7,454,2,74.77203647416414,0.0
Q de Kock,South Africa,2017/18,5,341,364,37,3,0,0,0,5,655,3,93.68131868131869,0.0
Q de Kock,South Africa,2018,5,213,216,27,4,0,0,0,14,523,3,98.61111111111111,0.0
Q de Kock,South Africa,2018/19,11,529,492,74,6,0,0,0,19,1178,9,107.52032520325203,0.0
Q de Kock,South Africa,2019,8,237,280,26,4,0,0,0,9,467,2,84.64285714285714,0.0
Q de Kock,South Africa,2019/20,6,228,262,19,5,0,0,0,6,447,4,87.02290076335878,0.0
Q de Kock,South Africa,2021,3,220,196,24,7,0,0,0,6,474,2,112.24489795918366,0.0
Q de Kock,South Africa,2021/22,5,303,298,32,7,0,0,0,4,617,4,101.6778523489933,0.0
Q de Kock,South Africa,2022,3,116,110,17,0,0,0,0,2,232,1,105.45454545454544,0.0
Q de Kock,South Africa,2022/23,8,192,210,24,5,0,0,0,7,446,5,91.42857142857143,0.0
Q de Kock,South Africa,2023/24,14,763,770,82,22,0,0,0,20,1679,9,99.0909090909091,0.0
Qadeer Ahmed,United Arab Emirates,2016/17,1,0,0,0,0,0,31,24,0,8,1,0.0,7.75
Qadeer Ahmed,United Arab Emirates,2017/18,4,0,4,0,0,2,150,178,1,114,2,0.0,5.056179775280898
Qadeer Ahmed,United Arab Emirates,2018/19,2,0,0,0,0,2,71,95,1,91,1,0.0,4.484210526315789
Qadeer Ahmed,United Arab Emirates,2019,2,2,8,0,0,1,58,72,0,55,0,25.0,4.833333333333333
Qaiser Ali,Canada,2006/07,3,13,35,2,0,0,0,0,2,34,1,37.142857142857146,0.0
Qaiser Ali,Canada,2007/08,1,15,31,1,0,1,33,58,0,65,0,48.38709677419355,3.4137931034482762
Qaiser Ali,Canada,2008,1,10,32,1,0,0,12,31,1,34,0,31.25,2.32258064516129
R Ashwin,India,2010,1,38,32,4,1,1,50,60,0,111,0,118.75,5.0
R Ashwin,India,2010/11,8,10,9,1,0,16,357,463,1,591,8,111.11111111111111,4.626349892008639
R Ashwin,India,2011,7,60,55,6,0,7,237,291,0,368,0,109.09090909090908,4.88659793814433
R Ashwin,India,2011/12,19,133,192,8,0,22,832,1096,2,1159,13,69.27083333333334,4.554744525547446
R Ashwin,India,2012,5,23,20,3,0,4,194,267,0,243,4,114.99999999999999,4.359550561797753
R Ashwin,India,2012/13,8,67,92,5,1,10,362,465,1,513,4,72.82608695652173,4.670967741935484
R Ashwin,India,2013,10,45,57,4,0,10,356,495,9,582,8,78.94736842105263,4.315151515151515
R Ashwin,India,2013/14,20,207,203,25,3,20,962,1149,6,1301,6,101.9704433497537,5.023498694516971
R Ashwin,India,2014,4,26,24,3,0,6,170,238,2,300,3,108.33333333333333,4.285714285714286
R Ashwin,India,2014/15,13,44,79,0,0,19,579,755,4,854,11,55.69620253164557,4.601324503311258
R Ashwin,India,2015,3,4,11,0,0,6,115,183,1,237,1,36.36363636363637,3.7704918032786887
R Ashwin,India,2015/16,3,1,2,0,0,3,141,143,0,121,0,50.0,5.916083916083917
R Ashwin,India,2016/17,3,16,13,0,1,2,183,167,0,124,2,123.07692307692308,6.574850299401198
R Ashwin,India,2017,5,1,4,0,0,4,229,302,0,213,4,25.0,4.549668874172185
R Ashwin,India,2021/22,2,32,38,1,1,1,119,122,0,117,0,84.21052631578947,5.852459016393443
R Ashwin,India,2023/24,3,0,0,0,0,4,122,162,1,170,3,0.0,4.518518518518518
R Chopra,United Arab Emirates,2023/24,3,38,76,2,0,0,0,0,2,60,0,50.0,0.0
R Chopra,United Arab Emirates,2024,4,101,146,11,1,0,0,0,1,179,1,69.17808219178082,0.0
R Chopra,United Arab Emirates,2024/25,4,121,155,9,7,0,0,0,1,237,1,78.06451612903226,0.0
R Clarke,England,2003,5,27,49,2,0,3,107,134,8,218,3,55.10204081632652,4.791044776119403
R Clarke,England,2003/04,5,8,30,0,0,5,128,201,1,224,3,26.666666666666668,3.8208955223880596
R Clarke,England,2004,1,11,31,0,0,0,30,24,0,15,0,35.483870967741936,7.5
R Clarke,England,2006,3,45,62,4,0,1,59,70,0,110,0,72.58064516129032,5.057142857142858
R Dhakal,Nepal,2023/24,2,4,4,0,0,1,73,86,0,59,2,100.0,5.093023255813954
R Dhakal,Nepal,2024/25,1,0,0,0,0,0,0,0,1,8,0,0.0,0.0
R Dhawan,India,2015/16,3,12,13,1,0,1,153,155,0,92,1,92.3076923076923,5.922580645161291
R Dravid,India,2002/03,16,393,715,27,1,0,0,0,18,685,10,54.96503496503497,0.0
R Dravid,India,2003/04,15,504,657,46,3,0,0,0,6,875,5,76.71232876712328,0.0
R Dravid,India,2004,9,180,279,13,1,0,0,0,10,367,3,64.51612903225806,0.0
R Dravid,India,2004/05,6,289,368,27,0,0,0,0,2,473,3,78.53260869565217,0.0
R Dravid,India,2005,4,72,113,9,0,0,0,0,2,131,3,63.716814159292035,0.0
R Dravid,ICC World XI,2005/06,2,42,73,3,0,0,0,0,0,56,0,57.534246575342465,0.0
R Dravid,India,2005/06,18,841,1081,97,2,0,0,0,13,1529,14,77.79833487511564,0.0
R Dravid,India,2006,5,53,115,7,0,0,0,0,2,88,0,46.08695652173913,0.0
R Dravid,India,2006/07,17,512,739,49,3,0,0,0,8,873,5,69.2828146143437,0.0
R Dravid,India,2007,13,409,484,38,4,0,0,0,5,694,8,84.50413223140497,0.0
R Dravid,India,2007/08,5,51,82,5,1,0,0,0,5,119,1,62.19512195121951,0.0
R Dravid,India,2009,3,100,160,6,2,0,0,0,1,148,2,62.5,0.0
R Dravid,India,2009/10,2,80,106,5,0,0,0,0,2,140,1,75.47169811320755,0.0
R Dravid,India,2011,5,124,161,9,0,0,0,0,0,178,0,77.01863354037268,0.0
R Gunasekera,Canada,2010,1,71,99,6,0,0,0,0,0,107,1,71.71717171717171,0.0
R Gunasekera,Canada,2010/11,5,53,129,5,0,0,0,0,1,83,1,41.08527131782946,0.0
R Gunasekera,Canada,2011,2,4,24,0,0,0,0,0,3,19,0,16.666666666666664,0.0
R Gunasekera,Canada,2012/13,1,72,115,3,3,0,0,0,0,114,0,62.60869565217392,0.0
R Gunasekera,Canada,2013,2,1,19,0,0,0,0,0,0,-2,0,5.263157894736842,0.0
R Gunasekera,Canada,2013/14,2,54,77,5,1,0,0,0,1,97,0,70.12987012987013,0.0
R Hekure,Papua New Guinea,2019,1,2,8,0,0,2,31,61,0,80,0,25.0,3.0491803278688527
R Hekure,Papua New Guinea,2021/22,6,105,136,9,2,4,172,247,1,370,3,77.20588235294117,4.178137651821863
R Hekure,Papua New Guinea,2022,3,31,56,2,0,1,77,96,0,107,0,55.35714285714286,4.8125
R Hekure,Papua New Guinea,2022/23,9,110,129,8,3,15,225,327,3,726,3,85.27131782945736,4.128440366972477
R Hekure,Papua New Guinea,2023,4,80,107,7,1,3,172,194,0,266,0,74.76635514018692,5.319587628865979
R Klein,Netherlands,2022,3,4,6,0,0,1,126,135,0,74,0,66.66666666666666,5.6
R Klein,Netherlands,2022/23,2,16,30,1,0,1,78,87,1,76,0,53.333333333333336,5.379310344827586
R Klein,Netherlands,2023,6,7,22,0,0,9,221,320,1,381,4,31.818181818181817,4.14375
R Klein,Netherlands,2023/24,1,8,15,0,0,0,38,43,0,26,0,53.333333333333336,5.3023255813953485
R Klein,Netherlands,2024/25,1,3,8,0,0,0,15,30,0,17,0,37.5,3.0
R McLaren,South Africa,2009/10,5,11,24,1,0,4,157,210,2,216,3,45.83333333333333,4.485714285714286
R McLaren,South Africa,2010,5,26,37,3,0,4,194,237,3,262,5,70.27027027027027,4.9113924050632916
R McLaren,South Africa,2012,2,1,1,0,0,1,77,102,0,66,1,100.0,4.529411764705882
R McLaren,South Africa,2012/13,8,88,126,4,1,18,317,434,3,771,4,69.84126984126983,4.3824884792626735
R McLaren,South Africa,2013,8,144,209,14,2,12,310,390,0,708,2,68.89952153110048,4.769230769230769
R McLaren,South Africa,2013/14,10,140,168,14,3,15,321,441,0,767,7,83.33333333333334,4.36734693877551
R McLaren,South Africa,2014,9,61,113,4,0,20,341,436,1,749,7,53.98230088495575,4.692660550458715
R McLaren,South Africa,2014/15,4,14,18,2,0,3,213,216,2,181,1,77.77777777777779,5.916666666666667
R Murray,Zimbabwe,2017/18,1,0,0,0,0,0,0,0,3,28,0,0.0,0.0
R Murray,Zimbabwe,2018,5,108,180,6,2,0,0,0,3,176,0,60.0,0.0
R Mutumbami,Zimbabwe,2014,4,36,79,4,1,0,0,0,0,55,0,45.56962025316456,0.0
R Mutumbami,Zimbabwe,2015,6,89,129,10,0,0,0,0,5,175,0,68.9922480620155,0.0
R Mutumbami,Zimbabwe,2015/16,7,107,124,12,2,0,0,0,3,236,3,86.29032258064517,0.0
R Mutumbami,Zimbabwe,2016,3,21,45,3,0,0,0,0,0,33,0,46.666666666666664,0.0
R Mutumbami,Zimbabwe,2019,2,30,37,4,0,0,0,0,2,66,0,81.08108108108108,0.0
R Mutumbami,Zimbabwe,2019/20,3,36,33,3,2,0,0,0,1,65,0,109.09090909090908,0.0
R Ngarava,Zimbabwe,2017,1,2,2,0,0,1,89,67,0,47,0,100.0,7.970149253731344
R Ngarava,Zimbabwe,2018,2,2,11,0,0,0,89,73,0,22,0,18.181818181818183,7.315068493150685
R Ngarava,Zimbabwe,2018/19,1,0,0,0,0,0,41,33,0,9,0,0.0,7.454545454545454
R Ngarava,Zimbabwe,2020/21,3,1,8,0,0,2,132,142,0,100,0,12.5,5.577464788732394
R Ngarava,Zimbabwe,2021,5,10,32,1,0,7,199,257,1,294,1,31.25,4.645914396887159
R Ngarava,Zimbabwe,2021/22,3,10,4,1,1,6,134,173,0,234,1,250.0,4.647398843930636
R Ngarava,Zimbabwe,2022,7,71,78,9,2,5,262,322,1,402,2,91.02564102564102,4.881987577639752
R Ngarava,Zimbabwe,2022/23,4,37,32,3,2,5,150,218,1,285,2,115.625,4.128440366972477
R Ngarava,Zimbabwe,2023,7,17,18,1,1,14,255,358,0,542,5,94.44444444444444,4.273743016759776
R Ngarava,Zimbabwe,2023/24,4,8,10,1,0,9,130,170,1,333,0,80.0,4.588235294117648
R Ngarava,Zimbabwe,2024/25,3,67,74,7,2,2,88,110,0,199,1,90.54054054054053,4.800000000000001
R Parag,India,2024,1,15,13,2,0,3,53,55,0,116,0,115.38461538461537,5.781818181818182
R Powell,West Indies,2016/17,4,77,70,4,4,0,0,0,4,159,1,110.00000000000001,0.0
R Powell,West Indies,2017,7,133,151,9,7,1,73,84,2,292,1,88.0794701986755,5.214285714285714
R Powell,West Indies,2017/18,7,201,222,9,12,0,62,44,3,406,4,90.54054054054053,8.454545454545455
R Powell,West Indies,2018,3,118,110,9,4,0,0,0,0,197,1,107.27272727272728,0.0
R Powell,West Indies,2018/19,8,77,141,7,1,2,92,93,3,214,2,54.60992907801418,5.935483870967742
R Powell,West Indies,2019/20,2,0,0,0,0,0,0,0,2,16,0,0.0,0.0
R Powell,West Indies,2020/21,3,116,146,6,5,0,0,0,0,182,0,79.45205479452055,0.0
R Powell,West Indies,2022,8,111,134,10,3,0,32,35,0,188,0,82.83582089552239,5.485714285714286
R Powell,West Indies,2022/23,2,48,56,2,3,0,0,0,1,86,1,85.71428571428571,0.0
R Powell,West Indies,2023,4,34,24,4,1,0,0,0,1,65,2,141.66666666666669,0.0
R Rampaul,West Indies,2003/04,5,1,11,0,0,2,185,250,0,161,4,9.090909090909092,4.44
R Rampaul,West Indies,2004,3,10,17,1,0,3,72,95,0,123,2,58.82352941176471,4.5473684210526315
R Rampaul,West Indies,2007,4,24,44,3,0,7,122,205,0,312,2,54.54545454545454,3.5707317073170732
R Rampaul,West Indies,2007/08,6,29,26,1,3,2,162,235,1,228,2,111.53846153846155,4.136170212765958
R Rampaul,West Indies,2008/09,1,0,1,0,0,1,18,25,0,30,0,0.0,4.319999999999999
R Rampaul,West Indies,2009,4,23,19,2,1,4,105,150,1,223,1,121.05263157894737,4.2
R Rampaul,West Indies,2009/10,8,39,46,4,1,13,334,405,1,565,3,84.78260869565217,4.948148148148148
R Rampaul,West Indies,2010,4,15,27,1,0,3,205,224,1,184,0,55.55555555555556,5.491071428571428
R Rampaul,West Indies,2010/11,5,2,19,0,0,7,140,168,2,262,1,10.526315789473683,5.0
R Rampaul,West Indies,2011,5,32,38,5,0,11,197,281,1,460,2,84.21052631578947,4.2064056939501775
R Rampaul,West Indies,2011/12,5,96,97,7,6,10,239,295,1,563,3,98.96907216494846,4.861016949152543
R Rampaul,West Indies,2012,5,19,22,3,0,6,243,283,0,282,2,86.36363636363636,5.151943462897527
R Rampaul,West Indies,2012/13,3,25,36,3,1,5,103,134,0,241,1,69.44444444444444,4.611940298507463
R Rampaul,West Indies,2013,4,2,7,0,0,5,131,203,2,236,2,28.57142857142857,3.87192118226601
R Rampaul,West Indies,2013/14,8,2,22,0,0,12,380,420,1,462,3,9.090909090909092,5.428571428571429
R Rampaul,West Indies,2014,3,0,0,0,0,7,91,161,0,274,3,0.0,3.391304347826087
R Rampaul,West Indies,2014/15,2,16,13,1,1,3,89,100,0,139,1,123.07692307692308,5.34
R Rampaul,West Indies,2015/16,2,3,5,0,0,2,70,69,0,76,0,60.0,6.086956521739131
R Ravindra,New Zealand,2022/23,1,49,55,4,1,0,0,0,1,83,1,89.0909090909091,0.0
R Ravindra,New Zealand,2023,10,140,120,15,4,12,403,403,1,704,4,116.66666666666667,6.0
R Ravindra,New Zealand,2023/24,12,599,565,62,17,5,394,410,2,1410,6,106.01769911504424,5.765853658536586
R Ravindra,New Zealand,2024/25,3,125,111,15,2,0,0,0,0,231,2,112.61261261261262,0.0
R Sharma,India,2011/12,3,1,2,0,0,5,131,159,1,197,2,50.0,4.943396226415095
R Sharma,India,2012,1,0,0,0,0,1,44,49,0,41,1,0.0,5.387755102040817
R Shepherd,West Indies,2019/20,2,9,14,0,1,1,70,123,0,98,2,64.28571428571429,3.4146341463414633
R Shepherd,West Indies,2020/21,2,0,0,0,0,0,66,49,2,38,2,0.0,8.081632653061225
R Shepherd,West Indies,2021/22,3,65,68,8,0,4,89,120,0,253,1,95.58823529411765,4.45
R Shepherd,West Indies,2022,8,133,143,9,6,3,259,287,1,408,0,93.00699300699301,5.414634146341463
R Shepherd,West Indies,2023,7,70,79,10,0,9,258,287,0,447,2,88.60759493670885,5.393728222996516
R Shepherd,West Indies,2023/24,6,115,92,11,6,7,216,218,0,459,2,125.0,5.944954128440367
R Shepherd,West Indies,2024/25,6,4,2,1,0,6,241,257,0,258,4,200.0,5.626459143968871
R Telemachus,South Africa,2005/06,3,41,20,2,3,5,161,187,2,282,1,204.99999999999997,5.165775401069519
R Telemachus,South Africa,2006/07,1,0,0,0,0,2,32,49,0,68,1,0.0,3.918367346938776
R Trumpelmann,Namibia,2021/22,6,58,78,2,3,5,257,338,3,377,3,74.35897435897436,4.562130177514793
R Trumpelmann,Namibia,2022,7,52,90,3,0,9,171,261,1,411,6,57.77777777777777,3.9310344827586206
R Trumpelmann,Namibia,2022/23,14,145,167,11,6,31,513,770,5,1431,6,86.82634730538922,3.9974025974025973
R Trumpelmann,Namibia,2023,4,35,24,1,4,6,138,234,1,329,2,145.83333333333331,3.5384615384615383
R Trumpelmann,Namibia,2023/24,4,60,82,5,2,3,118,170,0,238,3,73.17073170731707,4.1647058823529415
R Vinay Kumar,India,2010,1,0,0,0,0,2,50,49,0,66,0,0.0,6.122448979591837
R Vinay Kumar,India,2010/11,1,0,0,0,0,0,71,54,1,28,1,0.0,7.888888888888889
R Vinay Kumar,India,2011,4,3,9,0,0,3,135,138,0,134,0,33.33333333333333,5.869565217391305
R Vinay Kumar,India,2011/12,16,40,93,2,0,23,652,764,2,965,11,43.01075268817204,5.12041884816754
R Vinay Kumar,India,2013,4,32,28,2,2,2,151,188,2,206,4,114.28571428571428,4.819148936170213
R Vinay Kumar,India,2013/14,5,11,20,1,0,8,340,266,1,308,2,55.00000000000001,7.669172932330826
R Walters,Namibia,2002/03,2,0,6,0,0,0,0,0,0,-6,0,0.0,0.0
RA Jadeja,India,2008/09,1,60,82,5,0,0,39,37,0,110,0,73.17073170731707,6.324324324324324
RA Jadeja,India,2009,2,7,13,1,0,0,46,54,1,38,1,53.84615384615385,5.111111111111111
RA Jadeja,India,2009/10,18,269,343,19,4,16,682,871,6,1200,10,78.4256559766764,4.698048220436281
RA Jadeja,India,2010,12,199,280,14,3,11,422,546,4,818,6,71.07142857142857,4.637362637362638
RA Jadeja,India,2010/11,1,0,0,0,0,0,39,43,0,14,1,0.0,5.441860465116279
RA Jadeja,India,2011,3,78,93,10,0,4,153,139,2,297,0,83.87096774193549,6.60431654676259
RA Jadeja,India,2011/12,20,247,313,15,2,24,782,972,6,1361,13,78.91373801916933,4.827160493827161
RA Jadeja,India,2012/13,7,168,203,11,6,11,200,366,2,746,4,82.75862068965517,3.278688524590164
RA Jadeja,India,2013,15,214,261,20,6,21,508,780,4,1304,13,81.99233716475096,3.9076923076923076
RA Jadeja,India,2013/14,20,299,328,26,11,18,965,1148,7,1455,6,91.15853658536585,5.043554006968641
RA Jadeja,India,2014,4,108,90,10,2,5,171,217,1,397,3,120.0,4.728110599078342
RA Jadeja,India,2014/15,13,104,124,10,1,15,648,696,3,807,10,83.87096774193549,5.586206896551724
RA Jadeja,India,2015,2,51,69,3,0,1,74,92,2,140,0,73.91304347826086,4.826086956521739
RA Jadeja,India,2015/16,5,45,44,2,0,2,253,292,1,209,1,102.27272727272727,5.198630136986302
RA Jadeja,India,2016/17,3,39,30,5,1,3,157,180,2,218,2,130.0,5.233333333333333
RA Jadeja,India,2017,7,26,37,1,0,4,323,373,6,316,4,70.27027027027027,5.195710455764075
RA Jadeja,India,2017/18,2,0,0,0,0,0,0,0,2,16,2,0.0,0.0
RA Jadeja,India,2018,3,23,33,1,0,4,109,151,0,185,3,69.6969696969697,4.331125827814569
RA Jadeja,India,2018/19,12,73,105,1,1,10,521,660,3,601,7,69.52380952380952,4.736363636363636
RA Jadeja,India,2019,7,93,80,5,4,3,119,182,8,370,4,116.25000000000001,3.9230769230769234
RA Jadeja,India,2019/20,9,168,189,12,2,8,468,533,1,644,4,88.88888888888889,5.2682926829268295
RA Jadeja,India,2020/21,3,115,99,6,6,1,183,182,2,296,1,116.16161616161615,6.032967032967033
RA Jadeja,India,2022,2,36,59,1,1,1,37,55,3,121,1,61.016949152542374,4.036363636363637
RA Jadeja,India,2022/23,3,79,154,7,0,2,79,115,2,213,1,51.298701298701296,4.121739130434783
RA Jadeja,India,2023,9,59,102,2,0,9,236,317,2,427,6,57.84313725490197,4.466876971608833
RA Jadeja,India,2023/24,13,171,174,11,4,19,508,670,6,1056,11,98.27586206896551,4.549253731343283
RA Jones,New Zealand,2003/04,3,96,187,7,1,0,0,0,0,136,0,51.33689839572193,0.0
RA Reifer,West Indies,2019,2,7,12,0,0,2,50,57,0,75,0,58.333333333333336,5.2631578947368425
RA Reifer,West Indies,2020/21,3,29,61,1,0,3,79,90,0,141,0,47.540983606557376,5.266666666666667
RA Reifer,West Indies,2023,1,15,30,0,0,1,15,19,0,44,1,50.0,4.736842105263158
RAP Nissanka,Sri Lanka,2002/03,6,13,43,1,0,6,195,263,1,283,2,30.23255813953488,4.448669201520913
RAP Nissanka,Sri Lanka,2003,3,18,43,1,0,4,61,148,0,203,1,41.86046511627907,2.472972972972973
RAS Lakmal,Sri Lanka,2009/10,5,0,11,0,0,4,280,284,2,218,3,0.0,5.915492957746479
RAS Lakmal,Sri Lanka,2011,5,1,5,0,0,7,197,198,3,260,2,20.0,5.96969696969697
RAS Lakmal,Sri Lanka,2011/12,4,0,7,0,0,6,157,182,0,210,0,0.0,5.175824175824176
RAS Lakmal,Sri Lanka,2013,2,1,5,0,0,4,53,99,0,144,1,20.0,3.212121212121212
RAS Lakmal,Sri Lanka,2013/14,7,3,12,0,0,12,321,397,0,466,5,25.0,4.851385390428211
RAS Lakmal,Sri Lanka,2014,2,4,5,0,0,3,62,85,0,115,1,80.0,4.376470588235295
RAS Lakmal,Sri Lanka,2014/15,7,10,26,0,0,11,350,359,2,428,4,38.46153846153847,5.8495821727019495
RAS Lakmal,Sri Lanka,2015,3,1,3,0,0,2,102,118,0,102,1,33.33333333333333,5.186440677966101
RAS Lakmal,Sri Lanka,2015/16,4,9,13,0,0,6,114,140,1,228,3,69.23076923076923,4.885714285714286
RAS Lakmal,Sri Lanka,2016,7,20,38,1,0,9,262,324,1,381,1,52.63157894736842,4.851851851851852
RAS Lakmal,Sri Lanka,2016/17,12,35,69,2,1,16,410,505,3,656,4,50.72463768115942,4.871287128712871
RAS Lakmal,Sri Lanka,2017,3,26,37,3,0,3,164,187,0,181,1,70.27027027027027,5.262032085561497
RAS Lakmal,Sri Lanka,2017/18,11,51,85,4,0,11,403,565,1,607,4,60.0,4.279646017699115
RAS Lakmal,Sri Lanka,2018,6,44,67,4,1,7,240,253,4,358,2,65.67164179104478,5.691699604743083
RAS Lakmal,Sri Lanka,2019,3,24,25,2,1,2,121,106,0,120,1,96.0,6.849056603773584
RAS Lakmal,Sri Lanka,2020/21,1,0,0,0,0,2,56,57,1,81,0,0.0,5.894736842105263
RC Irani,England,2002/03,8,67,125,6,0,7,282,355,0,382,2,53.6,4.766197183098591
RD Berrington,Scotland,2008,3,16,31,1,0,1,48,84,1,97,1,51.61290322580645,3.4285714285714284
RD Berrington,Scotland,2011,1,10,20,0,0,1,18,30,0,45,1,50.0,3.6
RD Berrington,Scotland,2013,2,17,24,2,0,0,0,0,0,25,0,70.83333333333334,0.0
RD Berrington,Scotland,2013/14,2,31,49,2,0,0,33,37,0,55,2,63.26530612244898,5.351351351351351
RD Berrington,Scotland,2014,3,103,137,9,1,2,63,69,1,266,1,75.18248175182481,5.478260869565218
RD Berrington,Scotland,2014/15,6,142,178,10,5,4,123,136,0,384,0,79.7752808988764,5.4264705882352935
RD Berrington,Scotland,2016,4,56,67,4,1,0,10,14,5,122,3,83.5820895522388,4.285714285714286
RD Berrington,Scotland,2016/17,1,50,89,3,0,0,0,0,1,82,0,56.17977528089888,0.0
RD Berrington,Scotland,2017,2,22,47,0,1,1,42,38,2,83,1,46.808510638297875,6.631578947368421
RD Berrington,Scotland,2017/18,9,275,405,22,5,2,90,90,1,519,3,67.90123456790124,6.0
RD Berrington,Scotland,2019,4,182,209,5,8,0,37,49,1,316,3,87.08133971291866,4.530612244897959
RD Berrington,Scotland,2019/20,3,70,79,5,3,1,52,61,3,184,1,88.60759493670885,5.114754098360656
RD Berrington,Scotland,2021,6,184,234,8,8,1,47,74,1,347,4,78.63247863247864,3.8108108108108105
RD Berrington,Scotland,2022,12,448,607,31,10,1,54,74,1,798,8,73.80560131795717,4.378378378378378
RD Berrington,Scotland,2022/23,7,122,208,11,3,0,9,6,4,241,4,58.65384615384615,9.0
RD Berrington,Scotland,2023,7,291,359,23,5,0,0,0,2,511,5,81.05849582172702,0.0
RD Berrington,Scotland,2023/24,3,34,67,3,0,0,0,0,1,64,1,50.74626865671642,0.0
RD Berrington,Scotland,2024,4,194,198,17,5,0,0,0,3,372,3,97.97979797979798,0.0
RD Berrington,Scotland,2024/25,2,45,74,4,1,0,0,0,2,85,1,60.810810810810814,0.0
RD Chahar,India,2021,1,13,26,0,0,2,52,62,0,81,0,50.0,5.032258064516129
RD Gaikwad,India,2021/22,1,0,0,0,0,0,0,0,1,8,0,0.0,0.0
RD Gaikwad,India,2022/23,1,19,42,1,0,0,0,0,0,21,0,45.23809523809524,0.0
RD Gaikwad,India,2023,1,8,14,1,0,0,0,0,0,12,1,57.14285714285714,0.0
RD Gaikwad,India,2023/24,4,88,103,14,0,0,0,0,1,164,3,85.43689320388349,0.0
RD Jacobs,West Indies,2002/03,5,56,85,3,1,0,0,0,6,153,2,65.88235294117646,0.0
RD Jacobs,West Indies,2003,3,22,45,1,0,0,0,0,2,58,2,48.888888888888886,0.0
RD Jacobs,West Indies,2003/04,6,57,78,3,0,0,0,0,3,109,3,73.07692307692307,0.0
RD Jacobs,West Indies,2004,7,7,17,0,0,0,0,0,10,99,5,41.17647058823529,0.0
RD McCann,Ireland,2010,2,23,57,1,0,0,0,0,1,29,1,40.35087719298245,0.0
RD Rickelton,South Africa,2022/23,2,17,27,0,1,0,0,0,2,69,1,62.96296296296296,0.0
RD Rickelton,South Africa,2024/25,5,171,186,17,4,0,0,0,6,351,2,91.93548387096774,0.0
RD Shah,Kenya,2002/03,8,253,423,33,0,0,0,0,3,442,4,59.810874704491724,0.0
RD Shah,Kenya,2004,2,33,57,3,0,0,0,0,0,46,0,57.89473684210527,0.0
RD Shah,Kenya,2006/07,4,121,167,13,2,0,0,0,3,225,1,72.45508982035929,0.0
RD Steede,Bermuda,2006/07,1,6,9,0,0,0,26,25,0,14,0,66.66666666666666,6.239999999999999
RD Steede,Bermuda,2008,1,9,13,2,0,1,20,59,0,71,1,69.23076923076923,2.0338983050847457
RDM Leverock,Bermuda,2006/07,8,32,83,2,0,7,300,367,3,376,1,38.55421686746988,4.904632152588556
RDM Leverock,Bermuda,2007/08,3,8,33,0,0,5,108,180,2,233,0,24.242424242424242,3.6
RDM Leverock,Bermuda,2008,1,5,5,0,0,1,28,60,1,76,1,100.0,2.8
RE van der Merwe,South Africa,2008/09,4,9,8,0,1,7,145,213,1,276,3,112.5,4.084507042253521
RE van der Merwe,South Africa,2009/10,8,20,26,1,1,7,370,446,2,384,4,76.92307692307693,4.9775784753363235
RE van der Merwe,South Africa,2010,1,10,7,2,0,1,27,60,0,71,1,142.85714285714286,2.7
RE van der Merwe,Netherlands,2019,2,57,56,5,1,1,96,85,1,156,2,101.78571428571428,6.776470588235294
RE van der Merwe,Netherlands,2021/22,1,0,0,0,0,1,27,36,2,55,0,0.0,4.5
RE van der Merwe,Netherlands,2023/24,10,60,63,4,3,8,372,484,2,486,3,95.23809523809523,4.611570247933884
RE van der Merwe,Netherlands,2024/25,4,17,37,1,0,7,111,204,3,309,1,45.94594594594595,3.264705882352941
RG Aga,Kenya,2004,2,1,9,0,0,2,81,84,0,75,0,11.11111111111111,5.785714285714286
RG Aga,Kenya,2011/12,2,12,27,1,0,0,9,7,1,30,1,44.44444444444444,7.7142857142857135
RG Aga,Kenya,2012/13,1,0,0,0,0,1,31,60,0,49,1,0.0,3.1
RG Aga,Kenya,2013/14,2,101,86,14,0,1,66,79,0,236,1,117.44186046511629,5.012658227848101
RG Nijman,Netherlands,2002/03,1,0,0,0,0,0,0,0,2,16,1,0.0,0.0
RG Sharma,India,2007,2,8,9,0,0,0,3,6,2,26,1,88.88888888888889,3.0
RG Sharma,India,2007/08,12,218,314,17,1,0,5,6,7,391,6,69.42675159235668,5.0
RG Sharma,India,2008,14,247,354,19,2,0,55,83,3,410,9,69.77401129943502,3.975903614457831
RG Sharma,India,2008/09,9,137,204,10,1,0,35,36,5,263,7,67.15686274509804,5.833333333333333
RG Sharma,India,2009,3,15,24,0,0,1,33,55,2,75,2,62.5,3.6
RG Sharma,India,2009/10,1,48,63,3,0,0,28,18,0,70,0,76.19047619047619,9.333333333333334
RG Sharma,India,2010,12,412,479,27,6,1,19,18,3,719,5,86.0125260960334,6.333333333333333
RG Sharma,India,2010/11,7,93,151,9,1,3,86,108,3,270,4,61.58940397350994,4.777777777777778
RG Sharma,India,2011,6,257,308,11,5,0,0,0,1,388,3,83.44155844155844,0.0
RG Sharma,India,2011/12,13,456,547,35,6,2,149,147,5,865,8,83.36380255941499,6.081632653061225
RG Sharma,India,2012,5,13,38,1,0,0,33,54,0,31,4,34.21052631578947,3.6666666666666665
RG Sharma,India,2012/13,3,91,117,12,1,0,0,0,1,177,1,77.77777777777779,0.0
RG Sharma,India,2013,14,493,764,47,5,0,0,0,2,803,12,64.52879581151832,0.0
RG Sharma,India,2013/14,20,851,976,78,36,0,33,42,8,1677,6,87.19262295081968,4.714285714285714
RG Sharma,India,2014,1,52,90,4,1,0,0,0,0,86,1,57.77777777777777,0.0
RG Sharma,India,2014/15,11,741,699,78,22,0,21,18,4,1462,9,106.00858369098714,7.0
RG Sharma,India,2015,3,92,101,6,2,0,0,0,3,175,1,91.0891089108911,0.0
RG Sharma,India,2015/16,10,696,698,62,22,0,11,6,2,1358,3,99.7134670487106,11.0
RG Sharma,India,2016/17,5,123,159,11,5,0,0,0,3,235,3,77.35849056603774,0.0
RG Sharma,India,2017,10,606,667,62,15,0,0,0,2,1141,8,90.85457271364318,0.0
RG Sharma,India,2017/18,17,857,857,73,37,0,0,0,4,1684,13,100.0,0.0
RG Sharma,India,2018,8,471,501,42,17,0,0,0,3,913,6,94.01197604790418,0.0
RG Sharma,India,2018/19,18,945,1048,87,32,0,0,0,10,1890,11,90.17175572519083,0.0
RG Sharma,India,2019,10,675,699,71,14,0,0,0,4,1315,8,96.56652360515021,0.0
RG Sharma,India,2019/20,6,429,452,47,12,0,0,0,0,837,4,94.91150442477876,0.0
RG Sharma,India,2020/21,3,90,105,15,0,0,0,0,1,172,2,85.71428571428571,0.0
RG Sharma,India,2021/22,3,78,77,13,1,0,0,0,4,186,3,101.29870129870129,0.0
RG Sharma,India,2022,3,93,87,11,5,0,0,0,1,200,2,106.89655172413792,0.0
RG Sharma,India,2022/23,10,449,413,44,25,0,0,0,4,925,6,108.71670702179176,0.0
RG Sharma,India,2023,6,206,212,23,11,0,0,0,4,433,4,97.16981132075472,0.0
RG Sharma,India,2023/24,11,547,456,55,32,1,7,5,2,1134,9,119.95614035087718,8.4
RG Sharma,India,2024,3,157,113,18,8,0,11,12,2,345,0,138.93805309734512,5.5
RH Scholte,Netherlands,2002/03,2,8,31,0,0,0,0,0,0,8,0,25.806451612903224,0.0
RJ Harris,Australia,2008/09,1,7,10,0,0,1,54,60,0,58,1,70.0,5.4
RJ Harris,Australia,2009/10,11,29,15,3,1,28,380,541,2,1040,9,193.33333333333334,4.214417744916821
RJ Harris,Australia,2010,5,7,10,0,0,12,207,260,1,433,3,70.0,4.776923076923077
RJ Harris,Australia,2011/12,4,5,13,0,0,3,167,190,2,160,2,38.46153846153847,5.273684210526316
RJ Kirtley,England,2003/04,1,0,0,0,0,2,28,58,0,85,1,0.0,2.896551724137931
RJ Nicol,New Zealand,2011/12,9,391,502,36,8,8,179,185,3,976,5,77.88844621513944,5.805405405405406
RJ Nicol,New Zealand,2012,5,125,156,11,5,1,83,99,3,304,1,80.12820512820514,5.03030303030303
RJ Nicol,New Zealand,2012/13,5,68,125,6,0,0,18,25,3,126,1,54.400000000000006,4.319999999999999
RJ Nicol,New Zealand,2013/14,3,2,22,0,0,0,41,38,1,19,1,9.090909090909092,6.473684210526316
RJ Peterson,South Africa,2002/03,2,0,0,0,0,0,21,36,2,36,1,0.0,3.5
RJ Peterson,South Africa,2003/04,8,58,80,5,1,4,216,277,2,310,4,72.5,4.67870036101083
RJ Peterson,South Africa,2004,1,0,0,0,0,1,22,18,0,31,0,0.0,7.333333333333333
RJ Peterson,South Africa,2005/06,3,7,8,1,0,1,90,133,1,102,2,87.5,4.060150375939849
RJ Peterson,South Africa,2006/07,10,49,46,6,1,6,269,346,3,375,7,106.5217391304348,4.664739884393064
RJ Peterson,South Africa,2010/11,12,84,81,11,1,20,443,588,5,915,9,103.7037037037037,4.520408163265306
RJ Peterson,South Africa,2011/12,8,27,41,2,0,9,292,391,8,471,6,65.85365853658537,4.4808184143222505
RJ Peterson,South Africa,2012,4,54,55,5,1,7,152,216,0,353,2,98.18181818181819,4.222222222222222
RJ Peterson,South Africa,2012/13,7,69,110,5,0,7,329,372,0,400,3,62.727272727272734,5.306451612903226
RJ Peterson,South Africa,2013,8,162,201,14,0,3,277,305,3,444,2,80.59701492537313,5.449180327868852
RJ Peterson,South Africa,2013/14,1,2,2,0,0,0,29,30,0,12,1,100.0,5.8
RJ Peterson,South Africa,2014/15,2,11,12,0,1,5,75,86,1,186,0,91.66666666666666,5.232558139534883
RJ Sidebottom,England,2007,1,15,7,2,0,2,49,57,1,104,0,214.28571428571428,5.157894736842105
RJ Sidebottom,England,2007/08,9,9,42,0,0,15,336,526,1,613,3,21.428571428571427,3.832699619771863
RJ Sidebottom,England,2008,3,18,24,1,0,2,147,171,1,144,1,75.0,5.157894736842105
RJ Sidebottom,England,2009,7,62,71,5,0,3,283,342,3,307,1,87.32394366197182,4.964912280701754
RJ Sidebottom,England,2009/10,2,20,43,3,0,2,74,86,0,108,1,46.51162790697674,5.162790697674418
RJ Trott,Bermuda,2007/08,3,47,93,4,0,6,112,137,1,270,0,50.53763440860215,4.905109489051095
RJ Trott,Bermuda,2008,1,48,101,3,0,1,42,56,1,115,1,47.524752475247524,4.5
RJ van Vuuren,Namibia,2002/03,5,26,38,2,1,8,291,307,0,366,0,68.42105263157895,5.687296416938111
RJW Topley,England,2015,1,6,28,0,0,0,28,36,0,16,0,21.428571428571427,4.666666666666667
RJW Topley,England,2015/16,9,1,13,0,0,16,361,447,0,572,5,7.6923076923076925,4.845637583892618
RJW Topley,England,2020,1,0,0,0,0,1,31,54,1,59,1,0.0,3.4444444444444446
RJW Topley,England,2020/21,2,1,1,0,0,3,114,106,1,123,1,100.0,6.452830188679245
RJW Topley,England,2022,7,10,21,0,1,13,205,301,0,510,4,47.61904761904761,4.086378737541528
RJW Topley,England,2022/23,2,0,0,0,0,0,120,98,1,38,1,0.0,7.346938775510204
RJW Topley,England,2023,4,1,1,0,0,5,116,173,1,208,3,100.0,4.023121387283237
RJW Topley,England,2023/24,2,1,2,0,0,7,127,117,0,221,1,50.0,6.512820512820513
RJW Topley,England,2024/25,1,0,0,0,0,1,52,57,0,44,0,0.0,5.473684210526316
RK Kleinveldt,South Africa,2012/13,6,50,50,5,3,10,246,346,2,532,3,100.0,4.265895953757226
RK Kleinveldt,South Africa,2013,3,55,79,4,2,1,121,135,1,164,0,69.62025316455697,5.377777777777778
RK Paudel,Nepal,2018,1,9,14,0,0,0,0,0,0,9,0,64.28571428571429,0.0
RK Paudel,Nepal,2018/19,2,71,82,8,0,0,0,0,1,123,2,86.58536585365853,0.0
RK Paudel,Nepal,2019/20,1,0,1,0,0,0,0,0,1,5,0,0.0,0.0
RK Paudel,Nepal,2021,5,215,322,7,6,0,0,0,1,339,4,66.77018633540372,0.0
RK Paudel,Nepal,2021/22,6,320,362,24,4,0,0,0,0,524,2,88.39779005524862,0.0
RK Paudel,Nepal,2022,8,185,238,15,3,0,0,0,2,296,2,77.73109243697479,0.0
RK Paudel,Nepal,2022/23,17,474,655,43,10,0,55,97,5,867,11,72.36641221374046,3.402061855670103
RK Paudel,Nepal,2023,10,172,260,18,2,0,14,13,2,307,4,66.15384615384615,6.461538461538462
RK Paudel,Nepal,2023/24,7,112,184,11,4,8,119,206,1,503,4,60.86956521739131,3.466019417475728
RK Paudel,Nepal,2024,3,69,95,4,4,1,43,30,2,168,0,72.63157894736842,8.6
RK Paudel,Nepal,2024/25,2,2,11,0,0,0,0,0,1,10,1,18.181818181818183,0.0
RK Singh,India,2023/24,2,55,43,5,3,1,2,6,1,136,1,127.90697674418605,2.0
RK Whelan,Ireland,2007,2,5,12,1,0,2,94,95,0,87,0,41.66666666666667,5.936842105263158
RL Bhudia,Kenya,2006/07,1,0,0,0,0,0,0,0,1,8,0,0.0,0.0
RL Bhudia,Kenya,2008/09,1,22,15,1,1,1,23,48,0,89,0,146.66666666666666,2.875
RL Chase,West Indies,2017,4,59,75,4,0,0,24,12,2,95,1,78.66666666666666,12.0
RL Chase,West Indies,2018/19,3,49,79,1,1,2,96,124,0,155,1,62.0253164556962,4.64516129032258
RL Chase,West Indies,2019,5,134,171,8,1,2,166,206,1,322,1,78.3625730994152,4.834951456310679
RL Chase,West Indies,2019/20,8,124,163,9,1,4,309,353,4,423,3,76.07361963190185,5.252124645892351
RL Chase,West Indies,2021/22,3,33,75,4,0,4,92,121,2,205,1,44.0,4.56198347107438
RL Chase,West Indies,2023,9,134,160,8,1,8,363,453,4,620,6,83.75,4.80794701986755
RL Chase,West Indies,2023/24,4,96,134,9,0,0,69,98,2,196,1,71.64179104477611,4.224489795918368
RL Chase,West Indies,2024/25,9,75,90,7,0,5,317,370,5,402,6,83.33333333333334,5.140540540540541
RL Johnson,England,2003,5,10,8,0,1,6,137,234,0,278,3,125.0,3.5128205128205128
RL Johnson,England,2003/04,3,6,13,1,0,3,55,133,0,154,2,46.15384615384615,2.481203007518797
RL Powell,West Indies,2002/03,5,105,66,9,6,0,13,13,2,225,2,159.0909090909091,6.0
RL Powell,West Indies,2003,4,59,76,5,2,0,0,0,2,113,2,77.63157894736842,0.0
RL Powell,West Indies,2003/04,9,160,207,22,2,3,120,140,5,447,4,77.29468599033817,5.142857142857143
RL Powell,West Indies,2004,9,212,230,20,4,0,26,30,2,368,7,92.17391304347827,5.2
RL Powell,West Indies,2004/05,2,23,29,3,0,0,0,0,0,32,0,79.3103448275862,0.0
RL Powell,West Indies,2005,3,11,18,1,0,0,10,6,0,17,1,61.111111111111114,10.0
RM Haq,Scotland,2006/07,4,106,184,10,1,7,146,156,2,403,1,57.608695652173914,5.615384615384615
RM Haq,Scotland,2007,2,15,36,2,0,1,32,36,0,60,0,41.66666666666667,5.333333333333333
RM Haq,Scotland,2008,1,2,9,0,0,1,19,24,0,35,0,22.22222222222222,4.75
RM Haq,Scotland,2011,1,0,0,0,0,0,19,60,0,26,1,0.0,1.9
RM Haq,Scotland,2013,2,0,3,0,0,5,64,120,0,173,0,0.0,3.2
RM Haq,Scotland,2013/14,2,7,6,0,0,2,56,91,0,99,2,116.66666666666667,3.6923076923076925
RM Haq,Scotland,2014,4,25,39,3,0,5,156,177,0,229,1,64.1025641025641,5.288135593220339
RM Haq,Scotland,2014/15,4,26,77,3,0,3,160,207,0,178,0,33.76623376623377,4.63768115942029
RM Jariwala,United States of America,2022,4,30,53,1,1,0,0,0,0,40,1,56.60377358490566,0.0
RM Patidar,India,2023/24,1,22,18,3,1,0,0,0,0,40,1,122.22222222222223,0.0
RM West,Ireland,2009,2,0,3,0,0,1,59,113,1,79,1,0.0,3.1327433628318584
RML Taylor,Scotland,2013,2,24,37,3,0,2,96,121,1,142,0,64.86486486486487,4.760330578512397
RML Taylor,Scotland,2013/14,2,56,45,4,1,3,79,123,1,218,2,124.44444444444444,3.8536585365853657
RML Taylor,Scotland,2014,1,1,3,0,0,2,36,24,2,75,0,33.33333333333333,9.0
RML Taylor,Scotland,2014/15,4,24,43,2,0,3,142,169,1,167,0,55.81395348837209,5.041420118343195
RMS Eranga,Sri Lanka,2011,3,3,12,0,0,4,88,124,0,142,2,25.0,4.258064516129032
RMS Eranga,Sri Lanka,2012/13,2,0,1,0,0,1,12,16,1,35,1,0.0,4.5
RMS Eranga,Sri Lanka,2013,8,14,33,0,0,11,323,361,2,439,5,42.42424242424242,5.368421052631579
RMS Eranga,Sri Lanka,2014/15,4,17,21,4,0,4,197,200,0,212,1,80.95238095238095,5.909999999999999
RMS Eranga,Sri Lanka,2016,1,0,1,0,0,0,0,0,0,-3,1,0.0,0.0
RN Bhatia,United Arab Emirates,2022,1,24,22,3,0,1,40,50,0,79,0,109.09090909090908,4.8
RN Bhatia,United Arab Emirates,2022/23,1,2,6,0,0,1,43,42,0,41,0,33.33333333333333,6.142857142857143
RN Bhatia,United Arab Emirates,2023/24,1,2,10,0,0,0,34,22,0,9,0,20.0,9.272727272727273
RN Bhatia,United Arab Emirates,2024,3,12,40,0,0,1,122,113,0,69,1,30.0,6.477876106194691
RN Bhatia,United Arab Emirates,2024/25,3,11,36,1,0,0,88,121,0,52,1,30.555555555555557,4.363636363636363
RN Lewis,West Indies,2005/06,3,15,30,0,0,2,58,70,1,95,0,50.0,4.9714285714285715
RN Lewis,West Indies,2007/08,5,76,53,2,5,3,181,209,0,264,2,143.39622641509433,5.196172248803827
RN Lewis,West Indies,2009,2,43,45,0,3,2,87,109,1,159,0,95.55555555555556,4.788990825688073
RN ten Doeschate,Netherlands,2006/07,6,287,335,39,2,7,250,286,1,823,3,85.67164179104478,5.244755244755245
RN ten Doeschate,Netherlands,2007,1,0,0,0,0,3,24,49,0,99,0,0.0,2.938775510204082
RN ten Doeschate,Netherlands,2008,1,0,1,0,0,2,17,50,0,73,0,0.0,2.04
RN ten Doeschate,Netherlands,2010/11,6,307,346,26,5,6,306,326,2,811,0,88.72832369942196,5.631901840490797
RO Hinds,West Indies,2004,4,8,19,1,0,0,34,68,1,50,4,42.10526315789473,3.0
RO Hurley,West Indies,2003,1,0,0,0,0,1,25,60,1,61,1,0.0,2.5
RO Hurley,West Indies,2003/04,3,8,17,0,0,1,98,126,0,81,1,47.05882352941176,4.666666666666667
RO Hussain,Scotland,2007,1,10,20,1,0,0,0,0,0,12,0,50.0,0.0
RP Alexander,United States of America,2004,2,34,81,3,0,0,0,0,0,42,0,41.9753086419753,0.0
RP Arnold,Sri Lanka,2002/03,13,144,274,5,1,3,164,190,2,322,5,52.55474452554745,5.178947368421053
RP Arnold,Sri Lanka,2003,1,13,48,0,0,0,0,0,0,7,0,27.083333333333332,0.0
RP Arnold,Sri Lanka,2003/04,1,10,13,0,0,0,9,12,0,14,1,76.92307692307693,4.5
RP Arnold,Sri Lanka,2004,2,7,10,1,0,2,26,36,0,77,2,70.0,4.333333333333333
RP Arnold,Sri Lanka,2005,3,92,122,9,0,0,0,0,0,140,2,75.40983606557377,0.0
RP Arnold,Sri Lanka,2005/06,20,540,709,39,3,0,57,40,5,839,4,76.16361071932299,8.549999999999999
RP Arnold,Sri Lanka,2006,3,20,32,0,0,0,0,0,0,20,3,62.5,0.0
RP Arnold,Sri Lanka,2006/07,13,213,283,15,1,3,55,74,2,428,8,75.26501766784452,4.45945945945946
RP Burl,Zimbabwe,2017,4,47,67,2,0,1,17,18,1,98,2,70.1492537313433,5.666666666666667
RP Burl,Zimbabwe,2019,4,104,137,6,4,1,93,91,2,241,1,75.91240875912408,6.131868131868132
RP Burl,Zimbabwe,2021,3,70,72,5,4,0,60,68,1,164,0,97.22222222222221,5.294117647058823
RP Burl,Zimbabwe,2021/22,3,38,66,4,0,1,52,54,0,101,1,57.57575757575758,5.777777777777778
RP Burl,Zimbabwe,2022,7,81,126,8,2,8,81,78,2,378,2,64.28571428571429,6.230769230769231
RP Burl,Zimbabwe,2022/23,5,118,104,15,2,1,151,148,5,327,3,113.46153846153845,6.121621621621621
RP Burl,Zimbabwe,2023,7,225,206,16,9,1,63,78,2,465,5,109.22330097087378,4.846153846153846
RP Burl,Zimbabwe,2023/24,5,78,151,4,1,0,54,33,3,137,0,51.65562913907284,9.818181818181818
RP Lefebvre,Netherlands,2002/03,4,43,68,4,1,4,115,199,2,284,0,63.23529411764706,3.4673366834170856
RP Meredith,Australia,2021,1,0,0,0,0,0,29,33,0,11,0,0.0,5.2727272727272725
RP Singh,India,2005,1,0,0,0,0,2,41,51,0,75,1,0.0,4.823529411764706
RP Singh,India,2005/06,11,19,32,1,0,17,390,576,2,733,8,59.375,4.0625
RP Singh,India,2006/07,5,6,29,0,0,5,165,183,2,229,1,20.689655172413794,5.409836065573771
RP Singh,India,2007,10,13,28,0,0,13,325,518,1,592,5,46.42857142857143,3.7644787644787647
RP Singh,India,2007/08,8,13,28,1,0,11,393,429,1,477,5,46.42857142857143,5.496503496503497
RP Singh,India,2008,7,4,14,0,0,11,323,382,2,474,5,28.57142857142857,5.073298429319372
RP Singh,India,2008/09,2,4,5,0,0,1,68,60,0,46,2,80.0,6.8
RP Singh,India,2009,6,42,101,3,1,3,200,223,1,236,4,41.584158415841586,5.381165919282512
RP Singh,India,2009/10,1,2,6,0,0,1,57,56,0,49,0,33.33333333333333,6.107142857142857
RP Singh,India,2011,3,0,0,0,0,4,137,136,1,152,0,0.0,6.044117647058823
RR Beaton,West Indies,2017/18,2,15,54,2,0,1,97,107,0,81,0,27.77777777777778,5.4392523364485985
RR Emrit,West Indies,2006/07,2,13,35,1,0,0,92,91,1,48,1,37.142857142857146,6.065934065934067
RR Hendricks,South Africa,2018,3,104,94,8,1,0,0,0,1,189,1,110.63829787234043,0.0
RR Hendricks,South Africa,2018/19,15,351,509,35,4,1,47,42,10,686,12,68.95874263261297,6.714285714285714
RR Hendricks,South Africa,2019/20,3,52,77,6,0,0,0,0,2,94,1,67.53246753246754,0.0
RR Hendricks,South Africa,2021,2,52,62,5,0,0,0,0,2,100,1,83.87096774193549,0.0
RR Hendricks,South Africa,2021/22,1,6,10,1,0,0,0,0,0,10,0,60.0,0.0
RR Hendricks,South Africa,2022/23,3,129,159,15,1,0,0,0,1,221,0,81.13207547169812,0.0
RR Hendricks,South Africa,2023/24,8,235,293,28,3,0,0,0,5,448,6,80.2047781569966,0.0
RR Hendricks,South Africa,2024/25,1,1,7,0,0,0,0,0,1,9,0,14.285714285714285,0.0
RR Joshi,Canada,2024,1,3,4,0,0,0,74,63,0,22,0,75.0,7.0476190476190474
RR Pant,India,2018/19,5,93,73,10,3,0,0,0,5,201,1,127.3972602739726,0.0
RR Pant,India,2019,6,136,172,17,1,0,0,0,2,239,4,79.06976744186046,0.0
RR Pant,India,2019/20,4,145,133,13,6,0,0,0,1,273,2,109.02255639097744,0.0
RR Pant,India,2020/21,2,155,106,8,11,0,0,0,1,319,1,146.22641509433961,0.0
RR Pant,India,2021/22,6,186,195,22,3,0,0,0,10,423,3,95.38461538461539,0.0
RR Pant,India,2022,3,125,119,16,2,0,0,0,5,304,2,105.0420168067227,0.0
RR Pant,India,2022/23,2,25,39,4,0,0,0,0,2,57,0,64.1025641025641,0.0
RR Pant,India,2024,1,6,9,1,0,0,0,0,1,18,0,66.66666666666666,0.0
RR Patel,Kenya,2008/09,1,3,10,0,0,0,0,0,0,3,0,30.0,0.0
RR Patel,Kenya,2010/11,4,46,74,5,0,0,0,0,2,79,0,62.16216216216216,0.0
RR Patel,Kenya,2011/12,2,51,76,3,2,2,47,72,2,169,1,67.10526315789474,3.9166666666666665
RR Patel,Kenya,2012/13,1,20,17,2,0,0,22,12,0,32,1,117.64705882352942,11.0
RR Patel,Kenya,2013/14,2,48,60,3,0,0,0,0,1,72,1,80.0,0.0
RR Powar,India,2003/04,2,32,31,5,0,0,47,61,0,72,0,103.2258064516129,4.622950819672131
RR Powar,India,2005/06,7,60,92,4,1,10,287,416,0,503,5,65.21739130434783,4.1394230769230775
RR Powar,India,2006,3,13,30,1,0,4,148,179,0,183,0,43.333333333333336,4.960893854748604
RR Powar,India,2006/07,2,5,13,0,0,5,74,109,0,180,1,38.46153846153847,4.073394495412844
RR Powar,India,2007,11,29,62,1,0,10,436,610,1,512,7,46.774193548387096,4.288524590163934
RR Powar,India,2007/08,2,17,18,1,1,0,80,66,0,49,0,94.44444444444444,7.2727272727272725
RR Ramdass,West Indies,2005,1,1,9,0,0,0,0,0,0,1,0,11.11111111111111,0.0
RR Rossouw,South Africa,2014,3,36,41,5,0,1,17,18,3,109,3,87.8048780487805,5.666666666666667
RR Rossouw,South Africa,2014/15,19,590,576,59,15,0,13,12,18,1255,11,102.43055555555556,6.5
RR Rossouw,South Africa,2015,6,200,278,18,4,0,13,16,2,343,3,71.94244604316546,4.875
RR Rossouw,South Africa,2015/16,3,34,39,6,0,0,0,0,1,66,1,87.17948717948718,0.0
RR Rossouw,South Africa,2016,2,68,94,3,0,0,0,0,0,92,1,72.3404255319149,0.0
RR Rossouw,South Africa,2016/17,5,311,313,40,3,0,0,0,0,581,5,99.36102236421725,0.0
RR Sarwan,West Indies,2002/03,5,209,223,23,4,0,0,0,1,373,2,93.72197309417041,0.0
RR Sarwan,West Indies,2003,5,130,164,10,0,1,52,50,1,245,3,79.26829268292683,6.239999999999999
RR Sarwan,West Indies,2003/04,9,210,340,17,1,1,19,17,3,371,4,61.76470588235294,6.705882352941176
RR Sarwan,West Indies,2004,11,380,493,32,5,2,28,39,4,707,9,77.079107505071,4.3076923076923075
RR Sarwan,West Indies,2004/05,4,229,289,20,3,0,30,31,0,393,0,79.23875432525952,5.806451612903225
RR Sarwan,West Indies,2005,4,47,83,3,1,0,0,0,1,67,0,56.62650602409639,0.0
RR Sarwan,West Indies,2005/06,4,177,226,14,1,0,20,12,1,281,0,78.31858407079646,10.0
RR Sarwan,West Indies,2006,8,485,649,34,5,1,1,6,3,822,7,74.73035439137135,1.0
RR Sarwan,West Indies,2006/07,19,612,821,65,6,4,111,131,4,1192,9,74.54323995127893,5.083969465648855
RR Sarwan,West Indies,2007/08,3,49,90,5,0,0,0,0,1,79,2,54.44444444444444,0.0
RR Sarwan,West Indies,2008,4,103,148,9,1,4,90,85,2,309,0,69.5945945945946,6.352941176470589
RR Sarwan,West Indies,2008/09,9,313,434,28,2,0,23,12,2,501,2,72.11981566820278,11.5
RR Sarwan,West Indies,2009,6,143,153,9,4,0,0,0,0,220,1,93.4640522875817,0.0
RR Sarwan,West Indies,2010,2,44,66,2,0,0,0,0,1,64,0,66.66666666666666,0.0
RR Sarwan,West Indies,2010/11,10,302,499,24,3,0,0,0,1,466,3,60.52104208416834,0.0
RR Sarwan,West Indies,2011,6,244,392,16,2,0,0,0,1,388,3,62.244897959183675,0.0
RR Sarwan,West Indies,2012/13,5,38,65,5,0,0,0,0,0,50,2,58.46153846153847,0.0
RR Sarwan,West Indies,2013,2,2,8,0,0,0,0,0,0,2,1,25.0,0.0
RR Watson,Scotland,2006/07,4,63,124,8,0,0,0,0,0,93,1,50.806451612903224,0.0
RR Watson,Scotland,2007,2,34,59,4,0,0,0,0,0,48,0,57.6271186440678,0.0
RR Watson,Scotland,2008,3,121,131,17,2,2,16,36,2,319,1,92.36641221374046,2.6666666666666665
RR Watson,Scotland,2009,2,21,30,3,0,1,71,90,0,90,0,70.0,4.733333333333333
RS Bopara,England,2006/07,9,172,225,19,0,2,63,103,1,374,6,76.44444444444444,3.669902912621359
RS Bopara,England,2007,5,81,130,6,0,0,46,43,2,139,3,62.30769230769231,6.4186046511627906
RS Bopara,England,2007/08,6,71,143,5,0,1,50,73,4,174,2,49.65034965034965,4.109589041095891
RS Bopara,England,2008,6,129,194,16,0,0,26,24,3,245,2,66.49484536082474,6.5
RS Bopara,England,2008/09,10,288,370,24,8,1,41,44,1,521,3,77.83783783783784,5.590909090909091
RS Bopara,England,2009,10,259,393,25,1,1,51,54,4,457,4,65.9033078880407,5.666666666666667
RS Bopara,England,2009/10,2,31,57,2,0,0,0,0,1,51,1,54.385964912280706,0.0
RS Bopara,England,2010,4,103,73,4,7,4,36,62,1,317,3,141.0958904109589,3.4838709677419355
RS Bopara,England,2010/11,5,141,215,7,2,2,60,103,1,317,3,65.58139534883722,3.495145631067961
RS Bopara,England,2011,6,199,198,16,1,1,86,87,5,402,5,100.50505050505049,5.931034482758621
RS Bopara,England,2011/12,8,188,265,15,0,0,107,119,0,325,3,70.94339622641509,5.394957983193278
RS Bopara,England,2012,10,231,287,22,0,7,146,279,2,654,8,80.48780487804879,3.139784946236559
RS Bopara,England,2013,10,317,294,21,11,10,341,411,2,955,6,107.82312925170068,4.978102189781022
RS Bopara,England,2013/14,8,156,222,10,1,4,132,185,3,409,3,70.27027027027027,4.281081081081081
RS Bopara,England,2014,6,81,113,2,0,3,146,161,2,250,3,71.68141592920354,5.440993788819876
RS Bopara,England,2014/15,10,242,341,10,3,0,104,110,2,398,3,70.96774193548387,5.672727272727273
RS Gavaskar,India,2003/04,4,32,36,2,1,1,56,54,2,105,2,88.88888888888889,6.222222222222222
RS Gavaskar,India,2004,5,61,128,3,0,0,16,19,1,81,0,47.65625,5.052631578947369
RS Higgins,Zimbabwe,2006,3,2,21,0,0,4,127,158,2,169,0,9.523809523809524,4.822784810126582
RS Kaluwitharana,Sri Lanka,2003,4,86,124,10,0,0,0,0,4,197,1,69.35483870967742,0.0
RS Kaluwitharana,Sri Lanka,2003/04,3,38,56,7,0,0,0,0,0,79,2,67.85714285714286,0.0
RS Morton,West Indies,2005,4,41,97,3,0,0,2,6,3,77,1,42.2680412371134,2.0
RS Morton,West Indies,2005/06,5,229,360,21,1,0,0,0,1,388,1,63.61111111111111,0.0
RS Morton,West Indies,2006,6,126,210,14,1,0,0,0,3,242,5,60.0,0.0
RS Morton,West Indies,2006/07,10,229,381,15,3,0,0,0,7,387,4,60.10498687664042,0.0
RS Morton,West Indies,2007,3,85,105,6,1,0,0,0,0,136,2,80.95238095238095,0.0
RS Morton,West Indies,2007/08,8,306,445,18,5,0,0,0,0,466,2,68.76404494382022,0.0
RS Morton,West Indies,2009,5,182,248,14,2,0,0,0,2,294,1,73.38709677419355,0.0
RS Morton,West Indies,2009/10,2,7,26,0,0,0,0,0,1,15,0,26.923076923076923,0.0
RT Crandon,West Indies,2009/10,1,5,9,1,0,0,0,0,0,9,0,55.55555555555556,0.0
RT Lyons,Scotland,2006/07,1,5,3,1,0,0,39,62,1,39,1,166.66666666666669,3.7741935483870965
RT Ponting,Australia,2002/03,16,567,665,44,15,0,0,0,13,1103,15,85.26315789473684,0.0
RT Ponting,Australia,2003,6,193,269,10,4,0,0,0,4,343,4,71.74721189591078,0.0
RT Ponting,Australia,2003/04,15,507,673,44,9,0,0,0,7,869,11,75.33432392273403,0.0
RT Ponting,Australia,2004,7,182,217,15,4,0,0,0,3,324,5,83.87096774193549,0.0
RT Ponting,Australia,2004/05,8,131,233,17,0,0,0,0,4,236,5,56.22317596566524,0.0
RT Ponting,Australia,2005,6,178,261,20,1,0,0,0,3,312,3,68.19923371647509,0.0
RT Ponting,Australia,2005/06,15,781,861,68,17,0,0,0,7,1433,12,90.70847851335657,0.0
RT Ponting,Australia,2006/07,27,1131,1298,113,13,0,0,0,18,2098,23,87.13405238828967,0.0
RT Ponting,Australia,2007/08,18,631,766,66,4,0,0,0,10,1180,10,82.37597911227154,0.0
RT Ponting,Australia,2008,3,87,122,9,0,0,0,0,1,137,3,71.31147540983606,0.0
RT Ponting,Australia,2008/09,14,410,512,42,2,0,0,0,2,672,5,80.078125,0.0
RT Ponting,Australia,2009,4,233,257,28,3,0,0,0,1,473,3,90.6614785992218,0.0
RT Ponting,Australia,2009/10,26,1139,1426,100,16,0,0,0,10,1989,20,79.87377279102384,0.0
RT Ponting,Australia,2010,6,177,243,22,0,0,0,0,4,331,3,72.8395061728395,0.0
RT Ponting,Australia,2010/11,7,216,308,17,1,0,0,0,3,360,4,70.12987012987013,0.0
RT Ponting,Australia,2011,8,314,375,37,4,0,0,0,1,545,6,83.73333333333333,0.0
RT Ponting,Australia,2011/12,8,102,172,13,0,0,0,0,4,192,5,59.30232558139535,0.0
RTM Mendis,Sri Lanka,2021,3,24,29,1,1,2,45,50,1,108,2,82.75862068965517,5.3999999999999995
RTM Mendis,Sri Lanka,2021/22,1,26,21,2,0,2,19,27,0,101,1,123.80952380952381,4.222222222222222
RV Uthappa,India,2005/06,2,98,120,13,1,0,0,0,1,186,1,81.66666666666667,0.0
RV Uthappa,India,2006,1,0,3,0,0,0,0,0,0,-3,0,0.0,0.0
RV Uthappa,India,2006/07,7,187,154,28,5,0,0,0,7,427,3,121.42857142857142,0.0
RV Uthappa,India,2007,5,124,129,18,1,0,0,0,2,244,3,96.12403100775194,0.0
RV Uthappa,India,2007/08,18,340,419,34,8,0,0,0,7,622,9,81.14558472553699,0.0
RV Uthappa,India,2008,3,37,61,2,1,0,0,0,0,49,2,60.65573770491803,0.0
RV Uthappa,India,2014,3,69,83,6,3,0,0,2,0,125,2,83.13253012048193,0.0
RV Uthappa,India,2014/15,2,35,39,3,0,0,0,0,1,67,2,89.74358974358975,0.0
RV Uthappa,India,2015,3,44,62,4,0,0,0,0,3,97,3,70.96774193548387,0.0
RW Chakabva,Zimbabwe,2010/11,9,135,259,13,0,0,0,0,4,217,2,52.123552123552116,0.0
RW Chakabva,Zimbabwe,2011/12,3,37,100,0,0,0,0,0,1,45,0,37.0,0.0
RW Chakabva,Zimbabwe,2012/13,2,21,53,0,0,0,0,0,2,35,0,39.62264150943396,0.0
RW Chakabva,Zimbabwe,2013,1,1,8,0,0,0,0,0,1,9,0,12.5,0.0
RW Chakabva,Zimbabwe,2014/15,8,145,245,9,0,0,0,0,4,227,1,59.183673469387756,0.0
RW Chakabva,Zimbabwe,2015,4,32,53,3,0,0,0,0,0,54,1,60.37735849056604,0.0
RW Chakabva,Zimbabwe,2015/16,2,18,41,2,0,0,0,0,4,104,0,43.90243902439025,0.0
RW Chakabva,Zimbabwe,2019,3,144,201,12,1,0,0,0,7,290,3,71.64179104477611,0.0
RW Chakabva,Zimbabwe,2019/20,3,47,68,2,0,0,0,0,0,59,0,69.11764705882352,0.0
RW Chakabva,Zimbabwe,2021,6,171,201,13,3,0,0,0,12,423,1,85.07462686567165,0.0
RW Chakabva,Zimbabwe,2021/22,3,120,137,11,2,0,0,0,4,236,1,87.59124087591242,0.0
RW Chakabva,Zimbabwe,2022,8,235,284,23,2,0,0,0,5,439,3,82.74647887323944,0.0
RW Price,Zimbabwe,2002/03,3,1,17,0,0,3,110,180,0,148,2,5.88235294117647,3.6666666666666665
RW Price,Zimbabwe,2003,4,25,35,3,0,2,90,152,0,154,1,71.42857142857143,3.5526315789473686
RW Price,Zimbabwe,2003/04,10,21,32,1,0,8,394,564,1,452,3,65.625,4.191489361702128
RW Price,Zimbabwe,2007/08,8,15,28,1,0,5,333,484,1,340,1,53.57142857142857,4.128099173553719
RW Price,Zimbabwe,2008/09,8,30,70,3,0,8,169,332,4,444,3,42.857142857142854,3.0542168674698793
RW Price,Zimbabwe,2009,5,62,79,4,2,7,191,281,0,388,1,78.48101265822784,4.078291814946619
RW Price,Zimbabwe,2009/10,12,42,98,2,1,12,388,622,2,632,2,42.857142857142854,3.742765273311897
RW Price,Zimbabwe,2010,5,9,20,0,0,2,169,250,0,156,3,45.0,4.056
RW Price,Zimbabwe,2010/11,10,53,94,5,0,12,294,539,1,642,3,56.38297872340425,3.272727272727273
RW Price,Zimbabwe,2011,7,10,12,1,0,7,289,407,1,358,2,83.33333333333334,4.260442260442261
RW Price,Zimbabwe,2011/12,6,47,56,6,1,2,311,365,0,263,1,83.92857142857143,5.112328767123287
RW Sims,Zimbabwe,2003,1,24,64,2,0,0,18,18,0,34,0,37.5,6.0
RW Staple,United States of America,2004,2,4,13,1,0,2,73,61,0,73,0,30.76923076923077,7.180327868852459
RWT Key,England,2003,2,11,39,0,0,0,0,0,0,2,1,28.205128205128204,0.0
RWT Key,England,2004,2,25,66,3,0,0,0,0,0,33,1,37.878787878787875,0.0
Rahat Ali,Pakistan,2012,1,0,0,0,0,0,31,25,0,8,0,0.0,7.4399999999999995
Rahat Ali,Pakistan,2014/15,5,7,27,0,0,7,181,275,1,287,4,25.925925925925924,3.9490909090909088
Rahat Ali,Pakistan,2015,7,1,8,0,0,11,366,361,0,386,3,12.5,6.083102493074793
Rahat Ali,Pakistan,2015/16,1,0,2,0,0,0,52,44,0,9,0,0.0,7.090909090909091
Rajin Saleh,Bangladesh,2003,3,143,239,7,0,0,38,42,2,221,0,59.83263598326359,5.428571428571429
Rajin Saleh,Bangladesh,2003/04,4,79,161,8,0,0,0,0,0,111,0,49.06832298136646,0.0
Rajin Saleh,Bangladesh,2004,6,65,165,1,0,1,11,12,0,90,0,39.39393939393939,5.5
Rajin Saleh,Bangladesh,2004/05,4,106,175,10,1,2,99,125,1,276,0,60.57142857142858,4.752000000000001
Rajin Saleh,Bangladesh,2005/06,5,57,163,7,0,0,62,71,0,101,1,34.96932515337423,5.23943661971831
Rajin Saleh,Bangladesh,2006,3,59,137,7,0,4,14,28,1,208,3,43.06569343065693,3.0
Rajin Saleh,Bangladesh,2006/07,1,6,19,1,0,0,8,12,0,14,1,31.57894736842105,4.0
Rameez Shahzad,United Arab Emirates,2016,2,48,70,4,1,0,14,14,1,84,0,68.57142857142857,6.0
Rameez Shahzad,United Arab Emirates,2016/17,2,47,95,2,1,0,0,0,1,71,0,49.473684210526315,0.0
Rameez Shahzad,United Arab Emirates,2017,2,37,44,2,1,0,0,0,1,60,1,84.0909090909091,0.0
Rameez Shahzad,United Arab Emirates,2017/18,7,437,504,38,10,0,0,0,2,795,3,86.70634920634922,0.0
Rameez Shahzad,United Arab Emirates,2018,1,35,50,5,0,0,0,0,0,59,1,70.0,0.0
Rameez Shahzad,United Arab Emirates,2023,12,244,355,24,4,0,12,20,2,410,5,68.73239436619718,3.5999999999999996
Raqibul Hasan,Bangladesh,2007/08,4,102,221,6,0,0,0,0,0,126,0,46.15384615384615,0.0
Raqibul Hasan,Bangladesh,2008,8,306,414,27,1,0,0,0,5,535,1,73.91304347826086,0.0
Raqibul Hasan,Bangladesh,2008/09,4,40,67,5,0,0,0,0,0,63,2,59.70149253731343,0.0
Raqibul Hasan,Bangladesh,2009,8,220,314,16,2,0,0,0,2,366,7,70.06369426751591,0.0
Raqibul Hasan,Bangladesh,2009/10,10,228,414,15,3,0,0,0,4,347,4,55.072463768115945,0.0
Raqibul Hasan,Bangladesh,2010,1,76,99,7,0,0,0,0,0,128,0,76.76767676767676,0.0
Raqibul Hasan,Bangladesh,2010/11,11,198,355,12,2,0,0,0,6,312,9,55.774647887323944,0.0
Raqibul Hasan,Bangladesh,2011,2,7,26,1,0,0,0,0,0,4,0,26.923076923076923,0.0
Rashid Latif,Pakistan,2002/03,9,194,177,14,6,0,0,0,16,491,6,109.6045197740113,0.0
Rashid Latif,Pakistan,2003,6,64,111,5,0,0,0,0,7,164,2,57.65765765765766,0.0
Rashid Latif,Pakistan,2003/04,5,77,120,3,0,0,0,0,3,127,2,64.16666666666667,0.0
Rashid Zia,United States of America,2004,2,9,58,2,0,0,69,59,0,32,0,15.517241379310345,7.016949152542373
Ravi Bishnoi,India,2022/23,2,4,2,1,0,1,60,53,1,58,1,200.0,6.792452830188679
Ravinderpal Singh,Canada,2023,4,76,99,5,3,0,0,0,4,154,2,76.76767676767676,0.0
Ravinderpal Singh,Canada,2024,1,1,8,0,0,0,0,0,0,1,0,12.5,0.0
Raza Hasan,Pakistan,2014/15,1,0,3,0,0,1,66,62,0,42,0,0.0,6.387096774193548
Raza-ur-Rehman,Canada,2012/13,1,70,86,11,0,0,23,28,0,135,0,81.3953488372093,4.928571428571428
Raza-ur-Rehman,Canada,2013,2,0,3,0,0,0,14,18,0,9,0,0.0,4.666666666666667
Raza-ur-Rehman,Canada,2013/14,2,104,126,13,0,1,74,67,4,267,0,82.53968253968253,6.6268656716417915
Rehan Ahmed,England,2022/23,2,2,7,0,0,1,62,60,1,61,1,28.57142857142857,6.2
Rehan Ahmed,England,2023,1,6,9,0,0,4,54,60,0,130,1,66.66666666666666,5.4
Rehan Ahmed,England,2023/24,3,27,32,2,1,5,117,162,0,232,1,84.375,4.333333333333333
Reon King,West Indies,2004/05,1,3,10,0,0,1,57,63,0,49,0,30.0,5.428571428571429
Rishad Hossain,Bangladesh,2023/24,3,54,22,5,5,1,110,130,2,191,2,245.45454545454547,5.076923076923077
Rishad Hossain,Bangladesh,2024/25,3,0,10,0,0,4,165,157,0,146,0,0.0,6.305732484076433
Rizwan Ahmed,Pakistan,2007/08,1,0,0,0,0,0,24,26,1,22,1,0.0,5.538461538461539
Rizwan Cheema,Canada,2009,2,76,41,10,4,4,30,66,0,306,2,185.3658536585366,2.727272727272727
Rizwan Cheema,Canada,2010,2,6,10,1,0,1,33,48,1,56,1,60.0,4.125
Rizwan Cheema,Canada,2010/11,6,76,74,9,4,6,243,250,0,379,1,102.7027027027027,5.832000000000001
Rizwan Cheema,Canada,2011,2,36,38,3,1,1,80,84,2,126,0,94.73684210526315,5.714285714285714
Rizwan Cheema,Canada,2012/13,1,2,4,0,0,0,41,48,1,26,0,50.0,5.125
Robiul Islam,Bangladesh,2013,3,0,1,0,0,2,108,140,0,108,1,0.0,4.628571428571429
Rohan Mustafa,United Arab Emirates,2014/15,4,8,30,0,0,0,70,74,3,53,0,26.666666666666668,5.675675675675675
Rohan Mustafa,United Arab Emirates,2016,2,62,68,7,1,0,72,82,0,131,0,91.17647058823529,5.2682926829268295
Rohan Mustafa,United Arab Emirates,2016/17,4,112,130,17,3,3,152,219,1,387,2,86.15384615384616,4.164383561643835
Rohan Mustafa,United Arab Emirates,2017,2,146,188,11,2,6,70,104,0,450,1,77.6595744680851,4.038461538461538
Rohan Mustafa,United Arab Emirates,2017/18,9,219,341,15,9,13,412,490,5,922,3,64.22287390029325,5.044897959183674
Rohan Mustafa,United Arab Emirates,2018,1,1,6,0,0,0,36,60,0,27,1,16.666666666666664,3.6
Rohan Mustafa,United Arab Emirates,2019,3,11,61,0,0,5,83,104,1,173,0,18.0327868852459,4.788461538461539
Rohan Mustafa,United Arab Emirates,2019/20,6,92,127,7,1,7,204,307,2,441,3,72.44094488188976,3.986970684039088
Rohan Mustafa,United Arab Emirates,2020/21,2,7,17,1,0,2,78,120,1,117,1,41.17647058823529,3.9
Rohan Mustafa,United Arab Emirates,2021/22,11,279,478,19,4,7,352,514,7,855,7,58.36820083682008,4.108949416342412
Rohan Mustafa,United Arab Emirates,2022,4,67,113,4,1,5,166,218,1,310,0,59.29203539823009,4.568807339449541
Rohan Mustafa,United Arab Emirates,2022/23,13,208,384,18,0,16,404,609,4,1007,4,54.166666666666664,3.980295566502463
Rohan Mustafa,United Arab Emirates,2023,14,189,318,13,5,13,459,607,4,855,6,59.43396226415094,4.537067545304778
Rony Talukdar,Bangladesh,2023,1,4,15,1,0,0,0,0,1,16,1,26.666666666666668,0.0
Rubel Hossain,Bangladesh,2008/09,3,0,0,0,0,5,44,53,2,162,2,0.0,4.981132075471698
Rubel Hossain,Bangladesh,2009,2,1,1,0,0,1,65,55,0,42,2,100.0,7.090909090909092
Rubel Hossain,Bangladesh,2009/10,8,2,8,0,0,6,415,402,0,276,0,25.0,6.1940298507462686
Rubel Hossain,Bangladesh,2010,2,1,8,0,0,4,105,112,0,141,1,12.5,5.625
Rubel Hossain,Bangladesh,2010/11,9,13,26,2,0,11,314,411,2,468,6,50.0,4.583941605839416
Rubel Hossain,Bangladesh,2011,6,2,5,0,0,10,231,314,2,388,2,40.0,4.414012738853503
Rubel Hossain,Bangladesh,2011/12,4,15,10,3,0,7,195,233,1,299,0,150.0,5.021459227467811
Rubel Hossain,Bangladesh,2012/13,3,1,4,0,0,1,105,79,0,46,0,25.0,7.974683544303798
Rubel Hossain,Bangladesh,2013/14,8,15,33,0,1,15,366,400,1,585,3,45.45454545454545,5.489999999999999
Rubel Hossain,Bangladesh,2014/15,9,12,21,1,0,11,372,427,2,465,6,57.14285714285714,5.227166276346604
Rubel Hossain,Bangladesh,2015,8,6,12,1,0,10,304,357,0,405,7,50.0,5.109243697478991
Rubel Hossain,Bangladesh,2017,7,0,1,0,0,5,337,352,0,240,3,0.0,5.744318181818182
Rubel Hossain,Bangladesh,2017/18,8,16,21,2,1,14,274,312,2,521,3,76.19047619047619,5.269230769230769
Rubel Hossain,Bangladesh,2018,7,4,22,0,0,10,243,313,3,396,4,18.181818181818183,4.65814696485623
Rubel Hossain,Bangladesh,2018/19,3,3,3,0,0,4,179,171,1,167,1,100.0,6.280701754385965
Rubel Hossain,Bangladesh,2019,5,17,23,2,0,4,270,259,3,242,1,73.91304347826086,6.254826254826255
Rubel Hossain,Bangladesh,2020/21,3,4,28,0,0,3,126,139,0,127,2,14.285714285714285,5.438848920863309
Rumman Raees,Pakistan,2017,1,0,0,0,0,2,42,56,0,70,1,0.0,4.5
Rumman Raees,Pakistan,2017/18,8,27,25,5,0,12,410,419,2,504,3,108.0,5.871121718377089
S Badrinath,India,2008,3,39,88,1,0,0,0,0,2,57,3,44.31818181818182,0.0
S Badrinath,India,2011,3,40,85,3,0,0,0,0,0,46,2,47.05882352941176,0.0
S Bau,Papua New Guinea,2016/17,3,92,123,6,4,0,16,12,2,168,1,74.79674796747967,8.0
S Bau,Papua New Guinea,2017,2,22,39,1,0,2,35,48,0,91,1,56.41025641025641,4.375
S Bau,Papua New Guinea,2017/18,5,71,136,8,0,0,0,0,2,121,1,52.20588235294118,0.0
S Bau,Papua New Guinea,2019,5,63,99,4,1,0,60,103,2,149,1,63.63636363636363,3.495145631067961
S Bau,Papua New Guinea,2021,7,76,178,4,1,1,65,91,2,164,0,42.69662921348314,4.285714285714286
S Bau,Papua New Guinea,2021/22,4,59,114,3,0,0,9,13,2,92,3,51.75438596491229,4.153846153846154
S Bau,Papua New Guinea,2022,8,163,308,9,1,2,109,132,0,313,1,52.922077922077925,4.954545454545454
S Bau,Papua New Guinea,2022/23,11,288,418,32,1,4,124,159,3,650,3,68.89952153110048,4.679245283018868
S Bau,Papua New Guinea,2023,4,40,68,4,0,0,63,55,2,94,0,58.82352941176471,6.872727272727273
S Bhari,Nepal,2019/20,4,19,31,2,0,10,98,183,0,361,2,61.29032258064516,3.2131147540983607
S Bhari,Nepal,2021,4,2,17,0,0,4,97,176,2,191,3,11.76470588235294,3.306818181818182
S Bhari,Nepal,2022,2,1,4,0,0,0,40,43,1,20,0,25.0,5.5813953488372094
S Chanderpaul,West Indies,2002/03,4,130,218,12,0,0,0,0,1,212,1,59.63302752293578,0.0
S Chanderpaul,West Indies,2003/04,8,231,304,24,4,0,0,0,3,411,3,75.98684210526315,0.0
S Chanderpaul,West Indies,2004,10,230,370,18,1,0,0,0,5,356,8,62.16216216216216,0.0
S Chanderpaul,West Indies,2004/05,4,183,224,10,1,0,0,0,0,263,0,81.69642857142857,0.0
S Chanderpaul,West Indies,2005,7,176,316,15,0,0,0,2,2,264,1,55.69620253164557,0.0
S Chanderpaul,West Indies,2005/06,5,110,146,8,1,0,0,0,2,172,1,75.34246575342466,0.0
S Chanderpaul,West Indies,2006,6,213,293,14,4,0,0,0,2,353,5,72.6962457337884,0.0
S Chanderpaul,West Indies,2006/07,23,751,1201,76,11,0,0,0,3,1304,11,62.53122398001665,0.0
S Chanderpaul,West Indies,2007,3,202,277,18,4,0,0,0,0,354,2,72.92418772563177,0.0
S Chanderpaul,West Indies,2007/08,8,403,507,26,5,0,19,24,4,697,3,79.48717948717949,4.75
S Chanderpaul,West Indies,2008,4,168,254,11,0,0,0,0,0,236,0,66.14173228346458,0.0
S Chanderpaul,West Indies,2008/09,8,389,511,30,2,0,0,0,3,649,2,76.1252446183953,0.0
S Chanderpaul,West Indies,2009,5,191,284,13,3,0,0,0,0,287,1,67.25352112676056,0.0
S Chanderpaul,West Indies,2009/10,4,140,204,6,2,0,0,0,2,210,3,68.62745098039215,0.0
S Chanderpaul,West Indies,2010,3,157,247,7,0,0,0,0,2,229,0,63.56275303643725,0.0
S Chanderpaul,West Indies,2010/11,6,130,249,4,2,0,0,0,0,168,2,52.208835341365464,0.0
S Chattergoon,West Indies,2006,2,54,79,8,0,0,0,0,1,103,2,68.35443037974683,0.0
S Chattergoon,West Indies,2007/08,5,180,259,28,3,0,30,42,1,358,1,69.4980694980695,4.285714285714286
S Chattergoon,West Indies,2008/09,3,47,103,6,0,0,0,0,1,82,0,45.63106796116505,0.0
S Daniel,Sri Lanka,2023/24,1,12,29,1,0,0,0,0,0,14,1,41.37931034482759,0.0
S Dhakal,Nepal,2021/22,2,0,11,0,0,1,34,48,0,38,1,0.0,4.25
S Dhakal,Nepal,2022,2,1,3,0,0,0,41,90,0,39,1,33.33333333333333,2.7333333333333334
S Dhakal,Nepal,2022/23,4,6,30,0,0,3,73,91,1,120,0,20.0,4.813186813186813
S Dhamala,Nepal,2022,2,12,40,0,0,0,0,0,1,16,0,30.0,0.0
S Dhaniram,Canada,2006/07,7,147,158,17,2,13,292,360,1,720,3,93.0379746835443,4.866666666666666
S Dhaniram,Canada,2007/08,2,14,23,0,0,1,73,118,1,90,0,60.86956521739131,3.711864406779661
S Dhaniram,Canada,2008,1,79,87,3,1,5,29,62,0,290,0,90.80459770114942,2.8064516129032255
S Dhaniram,Canada,2009,1,41,48,3,1,1,5,12,0,92,1,85.41666666666666,2.5
S Dhawan,India,2010/11,1,0,2,0,0,0,0,0,0,-3,1,0.0,0.0
S Dhawan,India,2011,4,69,122,4,1,0,0,0,1,109,3,56.557377049180324,0.0
S Dhawan,India,2013,14,707,781,77,9,0,0,0,6,1287,12,90.52496798975672,0.0
S Dhawan,India,2013/14,18,668,741,93,2,0,0,0,7,1279,6,90.14844804318489,0.0
S Dhawan,India,2014,4,155,170,18,5,0,0,0,0,285,3,91.17647058823529,0.0
S Dhawan,India,2014/15,18,848,950,96,15,0,0,0,15,1674,12,89.26315789473685,0.0
S Dhawan,India,2015,3,158,173,20,0,0,0,0,1,288,1,91.32947976878613,0.0
S Dhawan,India,2015/16,10,413,457,51,5,0,0,0,4,797,3,90.37199124726477,0.0
S Dhawan,India,2016/17,2,12,26,2,0,0,0,0,1,28,2,46.15384615384615,0.0
S Dhawan,India,2017,14,689,658,91,10,0,0,0,6,1375,10,104.7112462006079,0.0
S Dhawan,India,2017/18,12,582,605,78,6,0,0,0,5,1131,9,96.19834710743802,0.0
S Dhawan,India,2018,8,462,447,65,6,0,0,0,7,950,6,103.35570469798658,0.0
S Dhawan,India,2018/19,18,532,615,67,7,0,0,0,8,1022,11,86.5040650406504,0.0
S Dhawan,India,2019,4,163,165,22,0,0,0,0,1,305,4,98.7878787878788,0.0
S Dhawan,India,2019/20,2,170,183,22,2,0,0,0,0,308,1,92.89617486338798,0.0
S Dhawan,India,2020/21,6,289,325,38,2,0,0,0,4,543,3,88.92307692307693,0.0
S Dhawan,India,2021,3,128,150,15,1,0,0,0,3,246,2,85.33333333333334,0.0
S Dhawan,India,2021/22,4,179,230,20,2,0,0,0,2,323,1,77.82608695652173,0.0
S Dhawan,India,2022,9,363,504,40,3,0,0,0,9,687,8,72.02380952380952,0.0
S Dhawan,India,2022/23,9,146,220,19,2,0,0,0,3,274,3,66.36363636363637,0.0
S Dube,India,2019/20,1,9,7,1,0,0,68,47,0,24,0,128.57142857142858,8.680851063829788
S Dube,India,2024,3,34,42,2,2,1,35,63,1,111,0,80.95238095238095,3.3333333333333335
S Fouché,Namibia,2022/23,4,24,54,3,0,1,28,43,3,101,1,44.44444444444444,3.9069767441860463
S Fouché,Namibia,2023,4,185,276,15,2,4,89,103,2,446,2,67.02898550724638,5.184466019417475
S Fouché,Namibia,2024,2,18,19,2,0,4,77,92,0,158,1,94.73684210526315,5.021739130434782
S Jora,Nepal,2018/19,1,19,20,1,1,0,0,0,0,29,1,95.0,0.0
S Jora,Nepal,2022/23,4,37,48,4,1,0,0,0,1,79,4,77.08333333333334,0.0
S Jora,Nepal,2023,1,0,0,0,0,0,0,0,1,8,0,0.0,0.0
S Joseph,West Indies,2024/25,1,0,0,0,0,1,68,64,0,46,0,0.0,6.375
S Jyoti,Canada,2006/07,1,3,17,0,0,0,0,0,0,3,1,17.647058823529413,0.0
S Jyoti,Canada,2009,1,16,26,0,1,0,0,0,0,22,1,61.53846153846154,0.0
S Kaul,India,2018,2,1,2,0,0,0,121,108,1,43,1,50.0,6.722222222222222
S Lamichhane,Nepal,2018,1,2,4,0,0,4,23,61,0,140,0,50.0,2.2622950819672134
S Lamichhane,Nepal,2018/19,3,29,38,2,0,7,113,141,1,284,2,76.31578947368422,4.808510638297872
S Lamichhane,Nepal,2019/20,4,38,36,3,2,8,140,220,1,399,2,105.55555555555556,3.8181818181818183
S Lamichhane,Nepal,2021,5,16,11,1,1,16,90,209,0,583,4,145.45454545454547,2.5837320574162677
S Lamichhane,Nepal,2021/22,6,31,14,3,1,8,233,362,1,401,2,221.42857142857144,3.861878453038674
S Lamichhane,Nepal,2022,8,34,44,4,0,18,311,467,2,702,2,77.27272727272727,3.9957173447537477
S Lamichhane,Nepal,2022/23,11,106,136,9,1,29,442,625,1,1162,10,77.94117647058823,4.2432
S Lamichhane,Nepal,2023,10,100,134,10,1,13,492,557,0,704,4,74.6268656716418,5.299820466786356
S Lamichhane,Nepal,2024,3,82,80,6,3,4,130,178,1,309,0,102.49999999999999,4.382022471910112
S Lamichhane,Nepal,2024/25,2,2,3,0,0,5,87,122,0,177,1,66.66666666666666,4.278688524590164
S Mahmood,England,2019/20,1,0,0,0,0,1,16,31,0,43,1,0.0,3.096774193548387
S Mahmood,England,2020,3,12,15,1,0,4,137,169,1,186,2,80.0,4.8639053254437865
S Mahmood,England,2021,3,8,17,1,0,9,118,173,0,322,3,47.05882352941176,4.092485549132948
S Mahmood,England,2022/23,1,0,0,0,0,0,41,54,0,18,1,0.0,4.555555555555555
S Mahmood,England,2024/25,1,0,0,0,0,0,56,48,0,14,1,0.0,7.0
S Matsikenyeri,Zimbabwe,2002/03,1,1,3,0,0,0,12,13,0,5,0,33.33333333333333,5.538461538461539
S Matsikenyeri,Zimbabwe,2003,4,82,131,6,1,0,0,0,0,116,1,62.59541984732825,0.0
S Matsikenyeri,Zimbabwe,2003/04,7,27,67,3,0,0,17,6,2,51,3,40.298507462686565,17.0
S Matsikenyeri,Zimbabwe,2004,7,72,156,8,0,2,124,145,1,214,0,46.15384615384615,5.13103448275862
S Matsikenyeri,Zimbabwe,2004/05,11,182,350,29,0,6,255,325,3,583,1,52.0,4.707692307692308
S Matsikenyeri,Zimbabwe,2006,1,10,12,0,0,0,7,12,0,14,0,83.33333333333334,3.5
S Matsikenyeri,Zimbabwe,2006/07,12,290,424,35,1,1,30,31,4,543,0,68.39622641509435,5.806451612903225
S Matsikenyeri,Zimbabwe,2007,3,70,65,8,0,0,0,0,0,113,0,107.6923076923077,0.0
S Matsikenyeri,Zimbabwe,2007/08,5,100,106,6,2,0,1,3,1,165,1,94.33962264150944,2.0
S Matsikenyeri,Zimbabwe,2008/09,8,136,172,12,3,1,31,68,5,301,3,79.06976744186046,2.735294117647059
S Matsikenyeri,Zimbabwe,2009,4,108,133,4,2,0,15,20,0,150,1,81.203007518797,4.5
S Matsikenyeri,Zimbabwe,2009/10,11,203,293,18,1,1,46,64,2,369,2,69.28327645051195,4.3125
S Matsikenyeri,Zimbabwe,2011/12,3,9,30,0,0,0,0,0,1,17,0,30.0,0.0
S Matsikenyeri,Zimbabwe,2014/15,1,19,26,2,0,0,0,0,0,27,0,73.07692307692307,0.0
S Movva,Canada,2023,1,0,0,0,0,0,0,0,0,6,1,0.0,0.0
S Movva,Canada,2023/24,7,98,134,7,0,0,0,0,5,202,4,73.13432835820896,0.0
S Movva,Canada,2024,8,226,348,17,0,0,0,0,14,482,4,64.9425287356322,0.0
S Mukuddem,Bermuda,2006/07,6,90,150,6,0,10,210,272,3,518,1,60.0,4.63235294117647
S Prasanna,Sri Lanka,2011,2,0,2,0,0,4,69,96,1,147,1,0.0,4.3125
S Prasanna,Sri Lanka,2011/12,7,31,81,2,0,5,290,351,0,294,1,38.2716049382716,4.957264957264957
S Prasanna,Sri Lanka,2013/14,3,70,45,7,5,2,123,159,0,244,1,155.55555555555557,4.6415094339622645
S Prasanna,Sri Lanka,2014,2,1,6,0,0,3,44,84,0,110,2,16.666666666666664,3.142857142857143
S Prasanna,Sri Lanka,2014/15,10,91,111,6,5,7,491,518,2,513,4,81.98198198198197,5.687258687258687
S Prasanna,Sri Lanka,2015,1,0,1,0,0,0,72,54,0,13,0,0.0,8.0
S Prasanna,Sri Lanka,2016,8,177,122,14,13,4,339,374,1,595,2,145.08196721311475,5.438502673796791
S Prasanna,Sri Lanka,2016/17,1,1,4,0,0,2,29,63,0,80,1,25.0,2.761904761904762
S Prasanna,Sri Lanka,2017,1,13,20,0,1,1,71,61,1,72,0,65.0,6.983606557377049
S Prasanna,Sri Lanka,2017/18,2,21,50,0,1,1,61,86,0,80,0,42.0,4.255813953488372
S Prasanna,Sri Lanka,2018/19,2,16,18,0,1,0,94,90,1,57,0,88.88888888888889,6.266666666666667
S Randiv,Sri Lanka,2009/10,8,82,125,6,0,9,330,442,3,528,5,65.60000000000001,4.479638009049774
S Randiv,Sri Lanka,2010,8,57,77,6,0,8,300,408,1,458,5,74.02597402597402,4.411764705882353
S Randiv,Sri Lanka,2010/11,4,17,31,1,0,2,142,162,0,129,2,54.83870967741935,5.2592592592592595
S Randiv,Sri Lanka,2011,8,83,108,11,1,9,227,266,3,482,4,76.85185185185185,5.120300751879699
S Randiv,Sri Lanka,2014/15,2,15,22,2,0,3,142,121,1,144,0,68.18181818181817,7.041322314049586
S Randiv,Sri Lanka,2016,1,26,27,2,0,0,62,48,0,52,0,96.29629629629629,7.75
S Samarawickrama,Sri Lanka,2017/18,3,42,62,5,0,0,0,0,0,60,0,67.74193548387096,0.0
S Samarawickrama,Sri Lanka,2018/19,4,90,92,12,0,0,0,0,2,172,1,97.82608695652173,0.0
S Samarawickrama,Sri Lanka,2019/20,1,6,15,1,0,0,0,0,0,10,0,40.0,0.0
S Samarawickrama,Sri Lanka,2023,11,430,473,41,2,0,0,0,1,697,9,90.9090909090909,0.0
S Samarawickrama,Sri Lanka,2023/24,14,414,407,45,4,0,0,0,4,751,5,101.71990171990173,0.0
S Samarawickrama,Sri Lanka,2024,3,22,51,1,0,0,0,0,0,21,2,43.13725490196079,0.0
S Samarawickrama,Sri Lanka,2024/25,4,69,84,9,0,0,0,0,0,109,4,82.14285714285714,0.0
S Shrivastava,Oman,2024/25,4,3,13,0,0,8,138,165,1,291,4,23.076923076923077,5.0181818181818185
S Snater,Netherlands,2022,2,21,13,1,1,1,123,81,2,92,0,161.53846153846155,9.11111111111111
S Sreesanth,India,2005/06,14,0,2,0,0,21,636,750,1,854,11,0.0,5.088
S Sreesanth,India,2006,3,3,3,0,0,2,154,177,0,121,0,100.0,5.220338983050848
S Sreesanth,India,2006/07,8,4,23,0,0,10,289,363,1,402,2,17.391304347826086,4.776859504132231
S Sreesanth,India,2007,2,0,0,0,0,3,60,94,0,120,2,0.0,3.8297872340425534
S Sreesanth,India,2007/08,10,27,69,1,0,21,451,525,1,757,2,39.130434782608695,5.154285714285714
S Sreesanth,India,2009/10,8,6,22,0,0,9,454,403,1,380,5,27.27272727272727,6.7593052109181135
S Sreesanth,India,2010/11,4,4,6,1,0,7,173,169,0,246,4,66.66666666666666,6.1420118343195265
S Sriram,India,2004/05,1,3,5,0,0,3,41,56,0,98,1,60.0,4.392857142857142
S Thuraisingam,Canada,2002/03,4,25,41,3,1,4,102,119,1,199,1,60.97560975609756,5.142857142857143
S Thuraisingam,Canada,2006/07,2,1,6,0,0,2,51,72,2,101,2,16.666666666666664,4.25
S Tyagi,India,2009/10,4,1,2,0,0,3,140,169,1,162,2,50.0,4.970414201183432
S Vesawkar,Nepal,2019/20,1,55,112,5,0,0,0,0,1,93,0,49.107142857142854,0.0
S Vesawkar,Nepal,2021,2,7,28,0,0,2,21,36,0,69,2,25.0,3.5
S Weerakoon,Sri Lanka,2012,1,0,0,0,0,1,45,61,0,47,1,0.0,4.426229508196721
SA Abbott,Australia,2014/15,1,3,7,0,0,1,25,30,0,38,1,42.857142857142854,5.0
SA Abbott,Australia,2020/21,1,4,9,0,0,1,84,60,0,45,0,44.44444444444444,8.4
SA Abbott,Australia,2021/22,3,91,66,12,1,1,124,115,2,232,1,137.87878787878788,6.469565217391304
SA Abbott,Australia,2022,2,7,15,1,0,4,29,93,1,192,2,46.666666666666664,1.8709677419354838
SA Abbott,Australia,2022/23,4,26,31,2,1,6,144,203,1,275,3,83.87096774193549,4.25615763546798
SA Abbott,Australia,2023/24,12,166,152,11,9,15,460,514,8,924,7,109.21052631578947,5.36964980544747
SA Abbott,Australia,2024,3,12,23,0,1,0,156,125,2,65,1,52.17391304347826,7.488
SA Abbott,Australia,2024/25,2,43,63,3,1,1,78,89,0,121,1,68.25396825396825,5.258426966292134
SA Edwards,Netherlands,2019,1,44,48,3,0,0,0,0,0,60,1,91.66666666666666,0.0
SA Edwards,Netherlands,2021,5,84,120,6,1,0,0,0,4,161,3,70.0,0.0
SA Edwards,Netherlands,2021/22,4,16,25,1,0,0,0,0,7,92,0,64.0,0.0
SA Edwards,Netherlands,2022,9,395,409,21,5,0,0,0,3,625,0,96.57701711491443,0.0
SA Edwards,Netherlands,2022/23,5,124,124,11,2,0,0,0,7,276,1,100.0,0.0
SA Edwards,Netherlands,2023,8,314,282,27,3,0,0,0,11,644,4,111.34751773049645,0.0
SA Edwards,Netherlands,2023/24,11,300,372,24,3,0,0,0,14,631,3,80.64516129032258,0.0
SA Edwards,Netherlands,2024,4,140,162,9,0,0,0,0,4,240,4,86.41975308641975,0.0
SA Edwards,Netherlands,2024/25,4,87,117,7,1,0,0,0,2,191,1,74.35897435897436,0.0
SA Engelbrecht,Netherlands,2023/24,11,327,519,28,3,0,17,12,9,573,4,63.005780346820806,8.5
SA Wijeratne,Canada,2023,4,33,48,1,1,0,0,0,7,116,2,68.75,0.0
SA Wijeratne,Canada,2023/24,6,158,227,15,0,0,0,0,5,306,4,69.60352422907489,0.0
SA Yadav,India,2020/21,1,0,0,0,0,0,0,0,1,8,1,0.0,0.0
SA Yadav,India,2021,3,124,104,18,0,0,0,0,0,226,2,119.23076923076923,0.0
SA Yadav,India,2021/22,4,143,159,15,1,0,0,0,6,281,3,89.937106918239,0.0
SA Yadav,India,2022,6,73,87,5,2,0,0,0,3,133,5,83.9080459770115,0.0
SA Yadav,India,2022/23,10,93,82,7,5,0,0,0,5,196,5,113.41463414634146,0.0
SA Yadav,India,2023,5,104,116,11,3,0,0,0,3,200,3,89.65517241379311,0.0
SA Yadav,India,2023/24,10,236,203,24,8,0,17,12,2,450,8,116.25615763546797,8.5
SB Bangar,India,2002/03,2,5,14,1,0,0,40,49,0,25,0,35.714285714285715,4.8979591836734695
SB Bangar,India,2003/04,1,3,5,0,0,0,18,19,0,9,0,60.0,5.684210526315789
SB Styris,New Zealand,2002/03,11,318,379,18,9,9,232,346,6,958,7,83.90501319261213,4.023121387283237
SB Styris,New Zealand,2003,3,57,101,4,1,4,91,156,3,288,3,56.43564356435643,3.5
SB Styris,New Zealand,2003/04,7,299,329,30,3,11,196,253,5,935,3,90.88145896656535,4.6482213438735185
SB Styris,New Zealand,2004,4,99,123,12,0,1,35,54,4,249,3,80.48780487804879,3.888888888888889
SB Styris,New Zealand,2004/05,3,53,72,3,1,3,85,150,2,238,2,73.61111111111111,3.4
SB Styris,New Zealand,2005,2,100,122,4,3,1,60,68,0,197,2,81.9672131147541,5.294117647058823
SB Styris,New Zealand,2005/06,13,308,427,22,1,8,331,455,5,886,7,72.1311475409836,4.364835164835165
SB Styris,New Zealand,2006/07,17,655,827,60,6,10,406,526,6,1590,11,79.20193470374849,4.6311787072243344
SB Styris,New Zealand,2007/08,14,330,396,30,5,3,252,335,3,760,7,83.33333333333334,4.513432835820895
SB Styris,New Zealand,2008,5,197,244,16,3,2,119,111,3,423,3,80.73770491803278,6.4324324324324325
SB Styris,New Zealand,2008/09,1,0,0,0,0,0,0,0,1,8,1,0.0,0.0
SB Styris,New Zealand,2009/10,8,227,280,16,3,3,157,188,4,512,4,81.07142857142857,5.01063829787234
SB Styris,New Zealand,2010,4,114,146,10,1,3,93,146,2,329,1,78.08219178082192,3.8219178082191783
SB Styris,New Zealand,2010/11,17,427,524,35,5,9,369,477,6,1094,6,81.48854961832062,4.6415094339622645
SC Ganguly,India,2002/03,16,486,653,31,15,5,142,203,2,1010,10,74.42572741194488,4.197044334975369
SC Ganguly,India,2003,1,11,36,1,0,0,0,0,0,11,0,30.555555555555557,0.0
SC Ganguly,India,2003/04,13,329,432,33,5,6,171,190,5,783,6,76.1574074074074,5.3999999999999995
SC Ganguly,India,2004,9,319,465,30,3,0,72,90,5,596,3,68.60215053763442,4.8
SC Ganguly,India,2004/05,4,82,140,4,2,0,40,57,1,145,3,58.57142857142858,4.2105263157894735
SC Ganguly,India,2005,3,53,86,8,0,0,21,27,1,110,2,61.627906976744185,4.666666666666667
SC Ganguly,India,2006/07,7,398,593,34,7,2,63,74,2,736,4,67.11635750421586,5.108108108108108
SC Ganguly,Asia XI,2007,2,120,146,16,1,0,14,18,1,234,2,82.1917808219178,4.666666666666667
SC Ganguly,India,2007,11,395,570,45,7,3,182,249,1,864,6,69.2982456140351,4.385542168674699
SC Ganguly,India,2007/08,8,216,308,25,4,1,102,107,0,430,5,70.12987012987013,5.719626168224299
SC Getkate,Ireland,2019,3,23,23,2,1,6,118,164,1,261,3,100.0,4.317073170731708
SC Getkate,Ireland,2021,1,0,0,0,0,1,25,30,0,35,1,0.0,5.0
SC Joseph,West Indies,2004,3,7,32,0,0,0,0,0,2,14,3,21.875,0.0
SC Joseph,West Indies,2005,3,70,121,6,1,0,0,0,1,120,1,57.85123966942148,0.0
SC Kuggeleijn,New Zealand,2017,2,11,6,1,0,5,55,87,0,182,2,183.33333333333331,3.793103448275862
SC Meaker,England,2011/12,2,2,18,0,0,2,103,117,0,95,0,11.11111111111111,5.282051282051282
SC Williams,Zimbabwe,2004/05,3,46,76,3,1,0,58,76,1,101,0,60.526315789473685,4.578947368421053
SC Williams,Zimbabwe,2005,1,8,6,1,0,0,30,30,0,22,0,133.33333333333331,6.0
SC Williams,Zimbabwe,2006/07,7,238,312,16,2,2,171,223,3,515,0,76.28205128205127,4.6008968609865475
SC Williams,Zimbabwe,2007,3,58,60,5,0,1,32,19,1,134,0,96.66666666666667,10.105263157894738
SC Williams,Zimbabwe,2007/08,5,192,277,11,2,1,98,85,1,341,0,69.31407942238266,6.91764705882353
SC Williams,Zimbabwe,2008/09,4,53,99,5,0,0,0,0,0,77,1,53.535353535353536,0.0
SC Williams,Zimbabwe,2009,4,97,111,8,0,0,30,29,1,178,0,87.38738738738738,6.206896551724138
SC Williams,Zimbabwe,2010/11,4,68,91,4,1,0,53,79,1,141,1,74.72527472527473,4.025316455696203
SC Williams,Zimbabwe,2013,11,337,358,31,4,2,174,182,1,676,3,94.1340782122905,5.736263736263736
SC Williams,Zimbabwe,2014,7,177,254,10,4,7,233,375,3,631,1,69.68503937007874,3.728
SC Williams,Zimbabwe,2014/15,6,339,317,30,6,7,277,277,4,887,1,106.94006309148266,6.0
SC Williams,Zimbabwe,2015,8,157,197,11,1,1,274,301,3,381,1,79.69543147208121,5.4617940199335555
SC Williams,Zimbabwe,2015/16,9,245,313,26,1,2,219,326,2,583,3,78.27476038338658,4.030674846625767
SC Williams,Zimbabwe,2016/17,4,46,82,2,0,4,90,140,2,229,1,56.09756097560976,3.857142857142857
SC Williams,Zimbabwe,2017,7,205,225,20,1,7,279,340,3,642,4,91.11111111111111,4.923529411764706
SC Williams,Zimbabwe,2017/18,5,140,158,10,1,6,170,230,3,480,2,88.60759493670885,4.434782608695652
SC Williams,Zimbabwe,2018/19,6,308,370,30,2,2,219,269,1,686,0,83.24324324324324,4.884758364312267
SC Williams,Zimbabwe,2019,8,213,288,22,2,11,244,361,5,817,3,73.95833333333334,4.055401662049862
SC Williams,Zimbabwe,2019/20,2,44,62,8,0,0,81,96,1,124,0,70.96774193548387,5.0625
SC Williams,Zimbabwe,2020/21,3,197,223,23,2,1,68,72,1,424,0,88.34080717488789,5.666666666666667
SC Williams,Zimbabwe,2021,3,37,68,4,0,3,66,87,1,175,1,54.41176470588235,4.551724137931035
SC Williams,Zimbabwe,2021/22,3,154,165,12,2,1,97,96,1,323,1,93.33333333333333,6.0625
SC Williams,Zimbabwe,2022,5,117,141,13,1,1,116,115,1,257,1,82.97872340425532,6.052173913043478
SC Williams,Zimbabwe,2022/23,2,120,127,14,0,3,83,102,0,321,2,94.48818897637796,4.882352941176471
SC Williams,Zimbabwe,2023,7,600,437,67,13,3,122,153,3,1345,5,137.29977116704805,4.784313725490196
SC Williams,Zimbabwe,2024/25,3,78,86,7,3,2,55,96,1,226,1,90.69767441860465,3.4375
SC van Schalkwyk,United States of America,2024,6,39,93,2,0,13,273,285,2,496,4,41.935483870967744,5.747368421052632
SC van Schalkwyk,United States of America,2024/25,3,65,111,10,0,2,121,135,0,216,1,58.55855855855856,5.377777777777778
SCJ Broad,England,2006,5,9,17,0,0,5,170,228,0,223,2,52.94117647058824,4.473684210526316
SCJ Broad,England,2006/07,1,5,5,0,0,0,31,37,1,29,1,100.0,5.027027027027027
SCJ Broad,England,2007,10,112,156,9,2,14,462,579,2,761,5,71.7948717948718,4.787564766839378
SCJ Broad,England,2007/08,9,62,90,4,1,17,378,464,3,716,3,68.88888888888889,4.887931034482759
SCJ Broad,England,2008,10,28,56,1,0,15,279,453,3,672,5,50.0,3.6953642384105962
SCJ Broad,England,2008/09,10,59,55,5,1,15,451,502,3,684,3,107.27272727272728,5.390438247011952
SCJ Broad,England,2009,5,32,32,2,0,8,254,280,0,345,2,100.0,5.442857142857143
SCJ Broad,England,2009/10,7,11,16,1,0,19,324,390,0,652,5,68.75,4.984615384615385
SCJ Broad,England,2010,13,34,62,2,1,27,590,747,2,1025,8,54.83870967741935,4.738955823293173
SCJ Broad,England,2010/11,3,0,3,0,0,6,145,158,0,220,2,0.0,5.506329113924051
SCJ Broad,England,2011,8,20,34,0,0,7,353,405,1,347,4,58.82352941176471,5.229629629629629
SCJ Broad,England,2011/12,3,1,2,0,0,5,112,161,0,205,3,50.0,4.173913043478261
SCJ Broad,England,2012,6,22,15,1,1,6,241,328,2,315,6,146.66666666666666,4.408536585365854
SCJ Broad,England,2012/13,3,1,4,0,0,4,158,172,0,160,2,25.0,5.511627906976744
SCJ Broad,England,2013,6,14,11,2,0,8,254,274,1,335,4,127.27272727272727,5.562043795620438
SCJ Broad,England,2013/14,6,40,55,5,0,8,260,312,4,426,3,72.72727272727273,5.0
SCJ Broad,England,2014/15,10,40,47,2,3,8,481,498,2,453,3,85.1063829787234,5.795180722891566
SCJ Broad,England,2015/16,2,19,32,1,1,1,88,97,0,90,0,59.375,5.443298969072164
SD Heazlett,Australia,2016/17,1,4,11,0,0,0,0,0,0,4,0,36.36363636363637,0.0
SD Hope,West Indies,2016/17,7,250,363,16,5,0,0,0,7,466,1,68.87052341597796,0.0
SD Hope,West Indies,2017,11,429,630,32,7,0,0,0,14,813,2,68.0952380952381,0.0
SD Hope,West Indies,2017/18,8,192,289,13,4,0,0,0,7,370,5,66.43598615916954,0.0
SD Hope,West Indies,2018,3,95,148,8,0,0,0,0,0,167,1,64.1891891891892,0.0
SD Hope,West Indies,2018/19,12,662,786,51,14,0,0,0,15,1286,4,84.22391857506362,0.0
SD Hope,West Indies,2019,16,702,884,65,8,0,0,0,17,1368,3,79.41176470588235,0.0
SD Hope,West Indies,2019/20,9,504,670,43,4,0,0,0,18,998,4,75.22388059701493,0.0
SD Hope,West Indies,2020/21,3,258,313,21,3,0,0,0,1,450,3,82.42811501597444,0.0
SD Hope,West Indies,2021,2,52,81,6,0,0,0,0,4,110,1,64.19753086419753,0.0
SD Hope,West Indies,2021/22,6,139,201,21,1,0,0,0,10,343,1,69.15422885572139,0.0
SD Hope,West Indies,2022,15,570,778,56,9,0,0,0,9,1099,4,73.26478149100257,0.0
SD Hope,West Indies,2022/23,2,144,145,6,7,0,0,0,4,320,1,99.3103448275862,0.0
SD Hope,West Indies,2023,12,489,529,35,13,0,0,0,10,917,6,92.43856332703214,0.0
SD Hope,West Indies,2023/24,6,237,254,13,10,0,0,0,7,469,2,93.30708661417323,0.0
SD Hope,West Indies,2024/25,9,266,313,12,10,0,0,0,9,514,6,84.98402555910543,0.0
SD Outerbridge,Bermuda,2006/07,5,28,74,3,0,0,0,0,1,41,1,37.83783783783784,0.0
SD Outerbridge,Bermuda,2007/08,3,2,16,0,0,0,0,0,0,-4,0,12.5,0.0
SD Outerbridge,Bermuda,2008,1,42,57,4,0,1,11,6,0,89,1,73.68421052631578,11.0
SD Parry,England,2013/14,2,0,0,0,0,3,90,116,0,125,2,0.0,4.655172413793104
SD Udal,England,2005/06,1,0,2,0,0,0,29,42,0,13,1,0.0,4.142857142857143
SE Bond,New Zealand,2002/03,9,5,28,0,0,19,303,560,2,804,5,17.857142857142858,3.2464285714285714
SE Bond,New Zealand,2003,1,0,0,0,0,2,6,31,0,78,1,0.0,1.161290322580645
SE Bond,New Zealand,2005,2,5,7,0,0,5,52,108,1,205,2,71.42857142857143,2.888888888888889
SE Bond,New Zealand,2005/06,12,23,41,2,1,21,435,655,0,870,7,56.09756097560976,3.9847328244274807
SE Bond,New Zealand,2006/07,21,48,84,2,0,38,729,1200,5,1629,12,57.14285714285714,3.645
SE Bond,New Zealand,2009,2,11,15,1,0,3,70,123,0,156,0,73.33333333333333,3.4146341463414633
SE Bond,New Zealand,2009/10,13,81,96,5,2,19,561,744,0,912,7,84.375,4.524193548387097
SE Findlay,West Indies,2008,2,68,89,5,2,0,0,0,1,120,0,76.40449438202246,0.0
SE Findlay,West Indies,2008/09,2,20,51,4,0,0,0,0,0,30,0,39.21568627450981,0.0
SE Marsh,Australia,2008,8,333,445,34,2,0,0,0,0,544,8,74.8314606741573,0.0
SE Marsh,Australia,2008/09,6,233,315,23,1,0,0,0,1,391,1,73.96825396825398,0.0
SE Marsh,Australia,2009,1,16,27,1,0,0,0,0,0,20,0,59.25925925925925,0.0
SE Marsh,Australia,2009/10,11,367,495,33,4,0,0,0,3,619,10,74.14141414141415,0.0
SE Marsh,Australia,2010,1,59,52,4,3,0,0,0,2,123,1,113.46153846153845,0.0
SE Marsh,Australia,2010/11,6,164,236,9,2,0,0,0,1,261,3,69.49152542372882,0.0
SE Marsh,Australia,2011,2,72,88,11,1,0,0,0,0,134,1,81.81818181818183,0.0
SE Marsh,Australia,2011/12,1,30,56,2,0,0,0,0,1,50,1,53.57142857142857,0.0
SE Marsh,Australia,2012/13,1,40,59,4,0,0,0,0,0,66,1,67.79661016949152,0.0
SE Marsh,Australia,2013,2,25,45,5,0,0,0,0,0,46,1,55.55555555555556,0.0
SE Marsh,Australia,2013/14,4,177,231,19,0,0,0,0,1,289,3,76.62337662337663,0.0
SE Marsh,Australia,2014/15,1,45,49,6,0,0,0,0,0,73,1,91.83673469387756,0.0
SE Marsh,Australia,2015/16,5,145,183,12,0,0,0,0,3,241,3,79.23497267759562,0.0
SE Marsh,Australia,2016,1,1,8,0,0,0,0,0,2,17,1,12.5,0.0
SE Marsh,Australia,2016/17,2,38,43,7,0,0,0,0,0,68,0,88.37209302325581,0.0
SE Marsh,Australia,2018,5,288,287,19,8,0,0,0,2,532,0,100.34843205574913,0.0
SE Marsh,Australia,2018/19,13,563,664,40,10,0,0,0,7,995,9,84.78915662650603,0.0
SE Marsh,Australia,2019,2,26,35,2,0,0,0,0,0,34,2,74.28571428571429,0.0
SE Rutherford,West Indies,2023/24,3,72,93,7,2,1,23,25,1,165,2,77.41935483870968,5.52
SE Rutherford,West Indies,2024/25,8,425,357,33,24,2,121,90,3,935,5,119.04761904761905,8.066666666666666
SF Burger,Namibia,2002/03,2,11,20,1,0,0,65,68,1,45,0,55.00000000000001,5.735294117647059
SF Mire,Zimbabwe,2014/15,10,198,310,13,6,5,218,225,2,520,1,63.87096774193548,5.8133333333333335
SF Mire,Zimbabwe,2017,7,268,254,32,5,1,101,89,1,548,4,105.51181102362204,6.808988764044943
SF Mire,Zimbabwe,2017/18,9,179,236,14,4,0,0,0,3,292,3,75.84745762711864,0.0
SF Mire,Zimbabwe,2018/19,3,9,24,0,0,0,0,0,1,14,0,37.5,0.0
SF Mire,Zimbabwe,2019,6,75,120,9,1,5,76,94,1,288,2,62.5,4.851063829787234
SG Borthwick,England,2011,1,15,9,1,1,0,13,6,0,33,1,166.66666666666669,13.0
SG Borthwick,England,2011/12,1,3,7,0,0,0,59,48,0,17,0,42.857142857142854,7.375
SG Whittingham,Scotland,2017/18,3,4,6,0,0,5,125,173,2,218,1,66.66666666666666,4.335260115606936
SG Whittingham,Scotland,2019/20,1,1,9,0,0,1,45,53,0,43,0,11.11111111111111,5.094339622641509
SH Johnson,Australia,2023/24,1,0,0,0,0,0,55,50,0,16,0,0.0,6.6
SH Johnson,Australia,2024/25,1,12,12,2,0,0,25,51,0,41,0,100.0,2.9411764705882355
SH Lewis,West Indies,2022,2,0,0,0,0,3,64,62,3,119,2,0.0,6.193548387096774
SHA Rance,New Zealand,2017,2,0,0,0,0,1,108,107,3,90,2,0.0,6.056074766355141
SHT Kandamby,Sri Lanka,2004,1,0,4,0,0,0,0,0,0,-3,1,0.0,0.0
SHT Kandamby,Sri Lanka,2008/09,8,287,435,21,0,0,3,6,2,433,4,65.97701149425286,3.0
SHT Kandamby,Sri Lanka,2009,6,261,335,22,0,0,16,12,1,407,3,77.91044776119404,8.0
SHT Kandamby,Sri Lanka,2009/10,12,205,284,20,0,0,91,93,2,349,5,72.1830985915493,5.870967741935484
SHT Kandamby,Sri Lanka,2010,2,38,60,2,0,2,51,60,0,120,1,63.33333333333333,5.1
SHT Kandamby,Sri Lanka,2011,3,36,78,3,0,0,9,6,2,62,1,46.15384615384615,9.0
SHT Kandamby,Sri Lanka,2014/15,1,0,2,0,0,0,0,0,0,-3,0,0.0,0.0
SI Kamea,Papua New Guinea,2021/22,1,0,0,0,0,0,19,24,0,12,1,0.0,4.75
SI Kamea,Papua New Guinea,2022,7,8,20,1,0,9,277,340,0,366,1,40.0,4.8882352941176475
SI Kamea,Papua New Guinea,2022/23,8,8,23,1,0,10,239,343,0,414,3,34.78260869565217,4.180758017492711
SI Kamea,Papua New Guinea,2023,4,2,12,0,0,9,165,243,1,333,0,16.666666666666664,4.074074074074074
SI Mahmood,England,2005/06,3,17,13,0,1,4,150,170,0,185,1,130.76923076923077,5.294117647058823
SI Mahmood,England,2006,8,35,43,5,0,8,305,361,0,412,3,81.3953488372093,5.069252077562327
SI Mahmood,England,2006/07,13,32,43,3,0,17,528,662,1,745,8,74.4186046511628,4.785498489425982
SI Mahmood,England,2009/10,1,0,0,0,0,1,38,45,0,40,1,0.0,5.066666666666666
SJ Baard,Namibia,2019,4,108,174,10,1,0,0,0,1,169,3,62.06896551724138,0.0
SJ Baard,Namibia,2019/20,3,33,89,2,0,0,0,0,1,48,1,37.07865168539326,0.0
SJ Baard,Namibia,2021/22,6,73,120,9,1,0,0,0,0,114,3,60.83333333333333,0.0
SJ Baard,Namibia,2022,4,112,184,10,1,0,0,0,2,186,4,60.86956521739131,0.0
SJ Benn,West Indies,2007/08,1,0,5,0,0,0,47,54,0,15,1,0.0,5.222222222222222
SJ Benn,West Indies,2008,3,31,37,3,0,2,147,181,0,159,0,83.78378378378379,4.87292817679558
SJ Benn,West Indies,2008/09,1,0,1,0,0,2,23,36,0,61,0,0.0,3.8333333333333335
SJ Benn,West Indies,2009,5,39,42,4,1,1,204,265,1,198,1,92.85714285714286,4.618867924528302
SJ Benn,West Indies,2009/10,3,0,1,0,0,1,101,174,0,108,2,0.0,3.4827586206896552
SJ Benn,West Indies,2010,2,17,21,1,0,2,65,84,0,107,0,80.95238095238095,4.642857142857143
SJ Benn,West Indies,2010/11,7,22,45,2,0,13,267,352,0,502,3,48.888888888888886,4.551136363636364
SJ Benn,West Indies,2014/15,9,29,34,4,1,5,394,458,4,374,2,85.29411764705883,5.161572052401747
SJ Benn,West Indies,2016,7,10,17,1,0,3,277,376,2,238,3,58.82352941176471,4.420212765957447
SJ Benn,West Indies,2016/17,6,34,39,4,1,2,294,320,2,227,1,87.17948717948718,5.5125
SJ Cameron,Scotland,2017/18,2,9,13,0,0,3,118,114,1,131,0,69.23076923076923,6.2105263157894735
SJ Harmison,England,2002/03,3,7,12,0,0,1,118,140,0,79,1,58.333333333333336,5.057142857142858
SJ Harmison,England,2003,1,0,0,0,0,0,14,22,0,7,1,0.0,3.8181818181818183
SJ Harmison,England,2003/04,2,0,2,0,0,2,61,109,0,97,0,0.0,3.3577981651376145
SJ Harmison,England,2004,11,21,44,1,0,21,363,632,0,832,6,47.72727272727273,3.4462025316455698
SJ Harmison,England,2004/05,2,4,11,0,0,2,107,129,1,103,0,36.36363636363637,4.976744186046512
SJ Harmison,England,2005,5,11,17,0,0,10,211,311,1,421,1,64.70588235294117,4.070739549839228
SJ Harmison,England,2005/06,3,1,2,0,0,2,139,164,0,120,2,50.0,5.085365853658537
SJ Harmison,England,2006,6,9,13,0,0,11,295,400,0,440,1,69.23076923076923,4.425
SJ Harmison,England,2006/07,2,3,11,0,0,3,68,72,0,99,0,27.27272727272727,5.666666666666667
SJ Harmison,England,2008,4,0,0,0,0,5,107,147,0,194,4,0.0,4.36734693877551
SJ Harmison,England,2008/09,7,24,26,1,0,4,305,321,2,260,3,92.3076923076923,5.700934579439252
SJ Massiah,United States of America,2004,2,23,47,3,0,0,0,0,0,32,0,48.93617021276596,0.0
SJ Modani,United States of America,2021,4,67,120,7,0,0,3,6,1,103,2,55.833333333333336,3.0
SJ Modani,United States of America,2022,11,429,620,41,0,0,3,6,0,693,6,69.19354838709677,3.0
SJ Modani,United States of America,2022/23,4,72,136,8,0,0,0,0,0,104,3,52.94117647058824,0.0
SJ Modani,United States of America,2023,11,261,486,17,3,0,0,0,2,386,4,53.70370370370371,0.0
SJ Modani,United States of America,2024,1,36,36,2,2,0,0,0,0,62,1,100.0,0.0
SJ Modani,United States of America,2024/25,2,33,62,3,0,0,0,0,0,49,0,53.2258064516129,0.0
SJ Myburgh,Netherlands,2013,3,78,80,8,2,0,0,0,0,140,1,97.5,0.0
SJ Myburgh,Netherlands,2013/14,2,36,57,3,1,0,0,0,0,55,1,63.1578947368421,0.0
SJ Myburgh,Netherlands,2021,5,152,262,13,3,0,0,0,2,250,3,58.01526717557252,0.0
SJ Myburgh,Netherlands,2021/22,4,81,67,16,1,0,0,0,0,169,0,120.89552238805969,0.0
SJ Swanepoel,Namibia,2002/03,5,43,99,4,0,0,0,0,0,59,0,43.43434343434344,0.0
SK Atai,Papua New Guinea,2019,1,24,60,2,0,0,0,0,0,30,0,40.0,0.0
SK Atai,Papua New Guinea,2021/22,6,30,44,2,0,0,35,48,4,104,3,68.18181818181817,4.375
SK Atai,Papua New Guinea,2022,7,36,80,2,0,0,0,0,5,76,1,45.0,0.0
SK Patel,United States of America,2024,8,278,379,35,1,0,0,0,13,594,6,73.35092348284961,0.0
SK Raina,India,2005,1,35,46,6,0,1,23,24,1,104,1,76.08695652173914,5.75
SK Raina,India,2005/06,12,354,462,31,3,0,0,0,7,626,9,76.62337662337663,0.0
SK Raina,India,2006,4,62,123,5,0,0,9,7,2,100,0,50.40650406504065,7.7142857142857135
SK Raina,India,2006/07,10,131,197,15,1,0,0,0,6,256,3,66.49746192893402,0.0
SK Raina,India,2008,14,579,630,50,15,0,22,18,7,1100,9,91.9047619047619,7.333333333333333
SK Raina,India,2008/09,14,367,375,25,15,0,58,85,7,716,11,97.86666666666667,4.094117647058824
SK Raina,India,2009,3,53,62,4,2,1,44,72,2,151,2,85.48387096774194,3.6666666666666665
SK Raina,India,2009/10,21,603,621,52,14,2,145,140,10,1214,10,97.10144927536231,6.214285714285714
SK Raina,India,2010,13,230,274,17,5,0,0,0,4,390,6,83.94160583941606,0.0
SK Raina,India,2010/11,15,269,289,24,3,2,120,139,8,589,10,93.07958477508652,5.179856115107913
SK Raina,India,2011,10,280,279,18,10,2,140,158,1,577,3,100.35842293906809,5.3164556962025316
SK Raina,India,2011/12,21,532,521,51,9,5,266,356,10,1245,14,102.1113243761996,4.48314606741573
SK Raina,India,2012,5,174,148,13,3,0,12,12,2,313,4,117.56756756756756,6.0
SK Raina,India,2012/13,8,369,505,31,6,3,63,75,1,730,4,73.06930693069307,5.04
SK Raina,India,2013,14,237,261,19,3,2,110,154,12,570,12,90.80459770114942,4.285714285714286
SK Raina,India,2013/14,15,291,348,29,1,4,259,300,4,692,5,83.62068965517241,5.18
SK Raina,India,2014,7,227,206,28,3,5,139,181,4,638,5,110.19417475728154,4.607734806629834
SK Raina,India,2014/15,18,565,532,45,21,2,144,177,11,1206,13,106.203007518797,4.88135593220339
SK Raina,India,2015,3,112,118,7,4,3,98,121,0,305,1,94.91525423728814,4.859504132231405
SK Raina,India,2015/16,5,68,82,4,2,1,86,85,4,193,2,82.92682926829268,6.070588235294118
SK Raina,India,2018,3,47,68,1,0,0,41,43,2,89,1,69.11764705882352,5.720930232558139
SK Warne,Australia,2002/03,2,0,1,0,0,2,81,125,0,100,2,0.0,3.8880000000000003
SKW Kelly,Bermuda,2006/07,3,7,5,1,0,2,65,84,1,98,1,140.0,4.642857142857143
SL Malinga,Sri Lanka,2004,4,1,1,0,0,3,109,155,1,148,3,100.0,4.219354838709678
SL Malinga,Sri Lanka,2005/06,4,16,35,2,0,3,122,205,0,197,0,45.714285714285715,3.5707317073170732
SL Malinga,Sri Lanka,2006,6,5,14,0,0,13,222,302,0,450,5,35.714285714285715,4.410596026490066
SL Malinga,Sri Lanka,2006/07,18,26,29,1,1,36,651,918,3,1374,13,89.65517241379311,4.254901960784314
SL Malinga,Sri Lanka,2007,2,0,0,0,0,4,36,99,0,152,2,0.0,2.1818181818181817
SL Malinga,Sri Lanka,2007/08,11,22,72,1,0,16,447,598,5,719,3,30.555555555555557,4.48494983277592
SL Malinga,Sri Lanka,2009,6,4,5,0,0,7,258,345,0,320,4,80.0,4.48695652173913
SL Malinga,Sri Lanka,2009/10,5,28,35,2,2,4,283,286,0,240,1,80.0,5.9370629370629375
SL Malinga,Sri Lanka,2010,7,28,35,3,1,16,237,407,1,639,5,80.0,3.4938574938574942
SL Malinga,Sri Lanka,2010/11,11,64,62,6,3,21,412,588,0,891,8,103.2258064516129,4.204081632653061
SL Malinga,Sri Lanka,2011,9,33,26,4,2,17,321,450,1,697,4,126.92307692307692,4.28
SL Malinga,Sri Lanka,2011/12,23,46,84,3,1,36,1073,1277,2,1492,8,54.761904761904766,5.041503523884103
SL Malinga,Sri Lanka,2012,10,44,27,3,4,15,430,492,1,645,4,162.96296296296296,5.2439024390243905
SL Malinga,Sri Lanka,2012/13,10,8,11,1,0,17,376,519,0,651,6,72.72727272727273,4.3468208092485545
SL Malinga,Sri Lanka,2013,13,26,24,2,1,18,503,612,2,760,7,108.33333333333333,4.931372549019608
SL Malinga,Sri Lanka,2013/14,13,19,44,4,0,21,599,637,0,826,8,43.18181818181818,5.642072213500785
SL Malinga,Sri Lanka,2014,11,18,32,1,1,15,480,497,3,618,6,56.25,5.794768611670021
SL Malinga,Sri Lanka,2014/15,6,4,12,0,0,9,297,340,2,354,3,33.33333333333333,5.241176470588235
SL Malinga,Sri Lanka,2015,4,29,31,2,1,4,234,234,0,226,1,93.54838709677419,6.0
SL Malinga,Sri Lanka,2015/16,3,0,1,0,0,4,105,125,0,158,3,0.0,5.04
SL Malinga,Sri Lanka,2017,13,21,33,0,1,10,588,658,0,516,3,63.63636363636363,5.361702127659575
SL Malinga,Sri Lanka,2018,1,3,3,0,0,4,19,64,0,142,0,100.0,1.78125
SL Malinga,Sri Lanka,2018/19,12,50,64,5,1,16,529,580,1,700,0,78.125,5.472413793103448
SL Malinga,Sri Lanka,2019,7,13,21,1,0,13,344,415,0,511,3,61.904761904761905,4.973493975903614
SL Stewart,New Zealand,2009/10,2,10,16,1,0,0,0,0,0,14,1,62.5,0.0
SL Stewart,New Zealand,2010/11,2,16,43,1,0,0,0,0,0,18,0,37.2093023255814,0.0
SM Boland,Australia,2015/16,6,2,12,0,0,5,374,353,3,266,4,16.666666666666664,6.356940509915014
SM Boland,Australia,2016,3,0,0,0,0,4,128,163,0,167,3,0.0,4.711656441717791
SM Boland,Australia,2016/17,4,7,10,0,0,7,206,215,0,258,1,70.0,5.748837209302325
SM Curran,England,2018,1,15,21,1,1,2,42,38,0,87,1,71.42857142857143,6.631578947368421
SM Curran,England,2018/19,1,2,8,0,0,0,46,36,0,12,0,25.0,7.666666666666667
SM Curran,England,2019/20,2,7,18,0,0,0,43,43,0,21,0,38.88888888888889,6.0
SM Curran,England,2020,1,1,5,0,0,3,34,55,0,96,1,20.0,3.7090909090909094
SM Curran,England,2020/21,3,107,105,10,3,2,131,139,1,298,1,101.9047619047619,5.654676258992805
SM Curran,England,2021,3,9,10,1,0,5,117,148,1,230,2,90.0,4.743243243243243
SM Curran,England,2022,5,53,36,4,3,4,166,189,1,265,3,147.22222222222223,5.26984126984127
SM Curran,England,2022/23,7,124,131,4,10,10,334,352,2,610,2,94.65648854961832,5.693181818181818
SM Curran,England,2023,3,65,55,4,2,2,83,81,2,196,3,118.18181818181819,6.148148148148148
SM Curran,England,2023/24,5,75,86,4,2,5,240,212,1,317,2,87.20930232558139,6.792452830188679
SM Curran,England,2024/25,3,129,162,9,1,0,53,48,0,207,1,79.62962962962963,6.625
SM Davies,England,2009/10,1,5,4,0,0,0,0,0,1,13,0,125.0,0.0
SM Davies,England,2010,5,197,190,31,0,0,0,0,7,423,3,103.68421052631578,0.0
SM Davies,England,2010/11,2,42,45,5,0,0,0,0,0,65,0,93.33333333333333,0.0
SM Ervine,Zimbabwe,2002/03,8,110,113,12,3,5,182,191,2,404,2,97.34513274336283,5.717277486910995
SM Ervine,Zimbabwe,2003,5,54,89,5,0,2,80,101,0,165,1,60.67415730337079,4.752475247524753
SM Ervine,Zimbabwe,2003/04,10,157,148,11,5,16,393,497,1,846,3,106.08108108108108,4.74446680080483
SM Harwood,Australia,2008/09,1,0,4,0,0,2,55,62,0,67,0,0.0,5.32258064516129
SM Katich,Australia,2003/04,3,31,45,4,0,0,0,0,0,47,3,68.88888888888889,0.0
SM Katich,Australia,2004/05,5,186,229,25,0,0,0,0,3,349,4,81.22270742358079,0.0
SM Katich,Australia,2005,1,36,23,4,0,0,0,0,1,70,0,156.52173913043478,0.0
SM Katich,Australia,2005/06,19,732,1109,73,3,0,0,0,3,1213,13,66.0054102795311,0.0
SM Katich,Australia,2006/07,3,56,111,6,1,0,0,0,1,92,2,50.45045045045045,0.0
SM Pollock,South Africa,2002/03,6,71,76,1,2,8,162,298,4,512,3,93.42105263157895,3.261744966442953
SM Pollock,South Africa,2003,6,42,38,3,1,4,161,302,1,315,3,110.5263157894737,3.1986754966887414
SM Pollock,South Africa,2003/04,9,20,36,1,0,11,255,506,4,600,4,55.55555555555556,3.023715415019763
SM Pollock,South Africa,2004,3,76,91,4,2,4,134,167,0,278,0,83.51648351648352,4.81437125748503
SM Pollock,South Africa,2004/05,7,66,84,7,0,8,218,365,2,479,4,78.57142857142857,3.5835616438356164
SM Pollock,Africa XI,2005,2,46,44,6,0,4,34,76,0,215,1,104.54545454545455,2.6842105263157894
SM Pollock,South Africa,2005,2,0,0,0,0,3,46,86,1,127,2,0.0,3.2093023255813953
SM Pollock,ICC World XI,2005/06,2,23,43,1,0,1,110,108,0,82,0,53.48837209302325,6.111111111111111
SM Pollock,South Africa,2005/06,16,300,262,26,8,20,481,896,2,1477,9,114.50381679389312,3.220982142857143
SM Pollock,South Africa,2006/07,25,227,294,16,6,33,671,1329,7,1942,17,77.21088435374149,3.0293453724604964
SM Pollock,Africa XI,2007,3,223,199,26,3,0,0,0,2,441,0,112.0603015075377,0.0
SM Pollock,South Africa,2007,3,24,22,2,0,2,96,169,1,174,3,109.09090909090908,3.4082840236686387
SM Pollock,South Africa,2007/08,13,240,280,20,2,10,372,759,1,1039,10,85.71428571428571,2.940711462450593
SM Sharif,Scotland,2011,1,0,0,0,0,4,25,50,0,134,1,0.0,3.0
SM Sharif,Scotland,2013,1,26,26,4,0,1,48,61,0,93,0,100.0,4.721311475409836
SM Sharif,Scotland,2013/14,2,14,15,0,0,4,80,118,0,175,2,93.33333333333333,4.067796610169491
SM Sharif,Scotland,2014,2,18,33,3,0,2,75,107,0,127,1,54.54545454545454,4.205607476635515
SM Sharif,Scotland,2016,4,14,15,2,0,5,120,154,3,229,3,93.33333333333333,4.675324675324675
SM Sharif,Scotland,2016/17,2,10,31,0,0,2,49,86,0,95,0,32.25806451612903,3.4186046511627906
SM Sharif,Scotland,2017,1,4,3,0,0,1,68,53,2,60,1,133.33333333333331,7.698113207547169
SM Sharif,Scotland,2017/18,8,67,102,4,1,19,296,432,0,751,3,65.68627450980392,4.111111111111111
SM Sharif,Scotland,2019,5,38,54,1,1,7,185,243,0,322,3,70.37037037037037,4.567901234567901
SM Sharif,Scotland,2019/20,2,30,37,3,0,3,101,123,0,161,1,81.08108108108108,4.926829268292683
SM Sharif,Scotland,2021,3,14,16,0,0,3,167,152,1,148,2,87.5,6.592105263157895
SM Sharif,Scotland,2022,15,192,246,16,1,10,583,724,6,865,10,78.04878048780488,4.831491712707182
SM Sharif,Scotland,2022/23,7,28,73,0,0,11,203,344,1,456,5,38.35616438356164,3.5406976744186047
SM Sharif,Scotland,2023,6,14,19,1,0,6,216,256,1,294,5,73.68421052631578,5.0625
SM Sharif,Scotland,2023/24,3,0,1,0,0,2,104,148,0,108,1,0.0,4.216216216216216
SM Sharif,Scotland,2024,2,23,34,1,1,0,43,48,1,57,1,67.64705882352942,5.375
SM Sharma,United Arab Emirates,2023,9,87,100,4,4,10,271,291,5,537,6,87.0,5.587628865979381
SM Sharma,United Arab Emirates,2023/24,2,4,7,0,0,1,48,55,0,53,0,57.14285714285714,5.236363636363636
SM Warnapura,Sri Lanka,2008,2,30,64,4,0,0,0,0,3,71,1,46.875,0.0
SMA Priyanjan,Sri Lanka,2013/14,7,200,282,27,0,3,69,92,4,483,6,70.92198581560284,4.5
SMA Priyanjan,Sri Lanka,2014,10,187,191,19,3,1,121,141,2,390,6,97.90575916230367,5.148936170212766
SMA Priyanjan,Sri Lanka,2014/15,3,15,32,1,0,1,33,37,1,68,0,46.875,5.351351351351351
SMA Priyanjan,Sri Lanka,2015,1,18,28,0,0,0,0,0,0,18,0,64.28571428571429,0.0
SMSM Senanayake,Sri Lanka,2011/12,9,56,63,6,1,5,263,320,4,348,4,88.88888888888889,4.9312499999999995
SMSM Senanayake,Sri Lanka,2012,4,7,8,0,0,1,49,61,4,84,0,87.5,4.8196721311475414
SMSM Senanayake,Sri Lanka,2012/13,2,0,1,0,0,3,68,99,0,108,1,0.0,4.121212121212121
SMSM Senanayake,Sri Lanka,2013,4,7,6,0,0,4,110,176,1,187,3,116.66666666666667,3.75
SMSM Senanayake,Sri Lanka,2013/14,15,139,134,16,4,12,564,741,10,914,10,103.73134328358209,4.566801619433198
SMSM Senanayake,Sri Lanka,2014,9,56,62,6,1,12,307,433,5,613,5,90.32258064516128,4.254041570438798
SMSM Senanayake,Sri Lanka,2014/15,8,18,29,2,0,7,368,426,0,343,2,62.06896551724138,5.183098591549296
SMSM Senanayake,Sri Lanka,2015,2,0,0,0,0,2,39,48,2,86,1,0.0,4.875
SMSM Senanayake,Sri Lanka,2015/16,4,7,18,1,0,1,72,80,1,69,3,38.88888888888889,5.3999999999999995
SN Netravalkar,United States of America,2019,4,20,52,2,0,3,60,127,0,177,3,38.46153846153847,2.8346456692913384
SN Netravalkar,United States of America,2019/20,7,55,51,4,2,16,213,405,2,714,3,107.84313725490196,3.1555555555555554
SN Netravalkar,United States of America,2021,4,12,34,1,0,8,110,206,0,316,2,35.294117647058826,3.203883495145631
SN Netravalkar,United States of America,2022,15,16,32,1,0,28,661,853,2,1078,6,50.0,4.649472450175851
SN Netravalkar,United States of America,2022/23,4,0,0,0,0,4,107,192,1,213,3,0.0,3.34375
SN Netravalkar,United States of America,2023,10,31,53,2,0,10,325,544,2,564,4,58.490566037735846,3.5845588235294117
SN Netravalkar,United States of America,2024,4,0,0,0,0,7,135,216,0,285,4,0.0,3.75
SN Netravalkar,United States of America,2024/25,3,4,10,1,0,6,139,157,0,217,1,40.0,5.312101910828026
SN Thakur,India,2017,2,0,0,0,0,1,70,82,2,69,2,0.0,5.121951219512195
SN Thakur,India,2017/18,1,0,0,0,0,4,49,56,0,122,1,0.0,5.25
SN Thakur,India,2018,2,22,16,0,2,1,86,90,0,85,1,137.5,5.733333333333333
SN Thakur,India,2019/20,6,55,39,8,1,6,373,325,0,345,2,141.02564102564102,6.886153846153847
SN Thakur,India,2020/21,4,30,21,1,3,10,206,204,0,387,3,142.85714285714286,6.0588235294117645
SN Thakur,India,2021/22,4,98,98,9,2,3,179,193,0,312,2,100.0,5.564766839378239
SN Thakur,India,2022,5,19,18,3,0,11,201,231,2,402,5,105.55555555555556,5.220779220779221
SN Thakur,India,2022/23,11,74,87,8,1,14,358,435,1,652,7,85.0574712643678,4.937931034482759
SN Thakur,India,2023,7,31,42,2,0,13,191,220,1,452,4,73.80952380952381,5.209090909090909
SN Thakur,India,2023/24,4,0,0,0,0,1,182,152,0,73,4,0.0,7.184210526315789
SO Dowrich,West Indies,2019,1,6,8,1,0,0,0,0,0,10,0,75.0,0.0
SO Hetmyer,West Indies,2017/18,7,219,214,22,6,0,0,0,3,443,5,102.33644859813084,0.0
SO Hetmyer,West Indies,2018,3,207,217,10,7,0,0,0,2,385,1,95.39170506912443,0.0
SO Hetmyer,West Indies,2018/19,12,420,333,26,23,0,0,0,7,841,4,126.12612612612612,0.0
SO Hetmyer,West Indies,2019,9,261,281,25,4,0,0,0,1,437,1,92.88256227758008,0.0
SO Hetmyer,West Indies,2019/20,5,194,162,16,9,0,0,0,2,398,3,119.75308641975309,0.0
SO Hetmyer,West Indies,2021,2,17,22,3,0,0,0,0,1,37,0,77.27272727272727,0.0
SO Hetmyer,West Indies,2023,3,24,43,2,0,0,0,0,2,48,1,55.81395348837209,0.0
SO Hetmyer,West Indies,2023/24,3,44,50,4,1,0,0,0,0,69,2,88.0,0.0
SO Hetmyer,West Indies,2024/25,2,24,13,0,3,0,0,0,2,58,1,184.6153846153846,0.0
SO Ngoche,Kenya,2010/11,3,0,3,0,0,0,84,85,0,21,0,0.0,5.929411764705883
SO Ngoche,Kenya,2011/12,2,28,37,1,1,4,88,121,0,184,1,75.67567567567568,4.363636363636363
SO Ngoche,Kenya,2013/14,1,9,5,0,1,1,43,54,0,58,0,180.0,4.777777777777778
SO Tikolo,Kenya,2002/03,11,248,423,24,2,10,219,285,2,759,4,58.62884160756501,4.610526315789474
SO Tikolo,Kenya,2004,2,2,14,0,0,0,53,60,1,27,0,14.285714285714285,5.3
SO Tikolo,Africa XI,2005,1,0,2,0,0,0,0,0,1,5,1,0.0,0.0
SO Tikolo,Kenya,2006,3,61,70,12,0,0,31,42,3,154,0,87.14285714285714,4.428571428571429
SO Tikolo,Kenya,2006/07,4,123,212,13,0,5,95,126,4,395,1,58.01886792452831,4.523809523809524
SO Tikolo,Africa XI,2007,2,16,44,1,0,1,107,73,0,67,0,36.36363636363637,8.794520547945206
SO Tikolo,Kenya,2007/08,5,162,164,14,4,6,152,240,4,551,5,98.78048780487805,3.8
SO Tikolo,Kenya,2008,1,2,13,0,0,0,0,0,0,2,0,15.384615384615385,0.0
SO Tikolo,Kenya,2008/09,2,40,54,5,0,1,57,74,1,121,0,74.07407407407408,4.621621621621621
SO Tikolo,Kenya,2009,1,0,2,0,0,0,0,0,0,-3,0,0.0,0.0
SO Tikolo,Kenya,2010/11,5,44,91,5,0,1,113,129,0,127,0,48.35164835164835,5.255813953488372
SO Tikolo,Kenya,2013/14,1,7,8,1,0,0,42,60,0,37,1,87.5,4.2
SP Fleming,New Zealand,2002/03,13,452,623,66,3,0,0,0,10,912,9,72.55216693418942,0.0
SP Fleming,New Zealand,2003,3,102,220,5,5,0,0,0,1,164,3,46.36363636363636,0.0
SP Fleming,New Zealand,2003/04,5,162,284,19,1,0,0,0,0,260,3,57.04225352112676,0.0
SP Fleming,New Zealand,2004,4,142,175,22,0,0,0,0,1,260,3,81.14285714285714,0.0
SP Fleming,New Zealand,2004/05,4,72,110,6,1,0,0,0,1,115,1,65.45454545454545,0.0
SP Fleming,New Zealand,2005,2,84,96,12,1,0,0,0,0,150,2,87.5,0.0
SP Fleming,New Zealand,2005/06,9,266,370,31,5,0,0,0,2,474,5,71.89189189189189,0.0
SP Fleming,New Zealand,2006/07,26,853,1158,98,14,0,0,0,17,1642,14,73.6614853195164,0.0
SP Jones,England,2004/05,1,0,0,0,0,1,31,50,0,59,1,0.0,3.7199999999999998
SP Jones,England,2005,3,1,2,0,0,4,131,172,0,181,1,50.0,4.569767441860465
SP Khakurel,Nepal,2018,1,50,102,2,1,0,0,0,0,74,0,49.01960784313725,0.0
SP Khakurel,Nepal,2019/20,3,25,57,1,0,0,0,0,0,26,2,43.859649122807014,0.0
SP Khakurel,Nepal,2022,1,3,7,0,0,0,0,0,0,3,0,42.857142857142854,0.0
SP Krishnamurthi,United States of America,2021,2,13,23,0,1,0,26,36,0,28,0,56.52173913043478,4.333333333333333
SP Krishnamurthi,United States of America,2024/25,2,64,76,9,0,0,0,0,3,128,1,84.21052631578947,0.0
SP Narine,West Indies,2011/12,8,52,71,7,1,13,275,448,2,624,3,73.23943661971832,3.683035714285714
SP Narine,West Indies,2012,7,24,36,2,0,13,230,432,1,567,4,66.66666666666666,3.1944444444444446
SP Narine,West Indies,2012/13,12,114,126,9,4,16,403,671,3,892,4,90.47619047619048,3.603576751117735
SP Narine,West Indies,2013,11,68,104,6,3,12,427,557,1,640,4,65.38461538461539,4.5996409335727115
SP Narine,West Indies,2013/14,10,14,20,1,1,9,376,553,3,511,4,70.0,4.079566003616637
SP Narine,West Indies,2014,3,10,9,0,1,4,69,166,1,205,3,111.11111111111111,2.4939759036144578
SP Narine,West Indies,2015/16,3,9,15,1,0,4,71,130,0,169,0,60.0,3.276923076923077
SP Narine,West Indies,2016,7,48,46,8,0,11,275,427,1,561,3,104.34782608695652,3.8641686182669788
SP Narine,West Indies,2016/17,3,24,28,2,2,3,142,170,1,180,0,85.71428571428571,5.011764705882353
SP Patil,United Arab Emirates,2014,1,5,20,1,0,0,0,0,3,31,1,25.0,0.0
SP Patil,United Arab Emirates,2014/15,6,140,258,12,0,0,0,0,4,236,0,54.263565891472865,0.0
SP Patil,United Arab Emirates,2015/16,1,8,17,0,0,0,0,0,0,20,0,47.05882352941176,0.0
SP Terry,Ireland,2016/17,2,16,18,3,0,0,0,0,0,25,0,88.88888888888889,0.0
SPD Smith,Australia,2009/10,1,0,0,0,0,1,78,59,2,58,1,0.0,7.932203389830508
SPD Smith,Australia,2010,4,94,95,9,0,7,180,218,0,383,2,98.94736842105263,4.954128440366972
SPD Smith,Australia,2010/11,16,199,224,14,3,9,317,391,5,698,10,88.83928571428571,4.864450127877237
SPD Smith,Australia,2011,5,24,40,1,0,3,152,163,5,197,4,60.0,5.595092024539877
SPD Smith,Australia,2011/12,1,26,39,0,0,1,24,36,1,77,0,66.66666666666666,4.0
SPD Smith,Australia,2012,3,29,33,2,0,0,9,12,1,51,0,87.87878787878788,4.5
SPD Smith,Australia,2012/13,1,8,11,1,0,0,16,24,0,20,0,72.72727272727273,4.0
SPD Smith,Australia,2013/14,1,19,16,2,1,0,0,0,1,41,0,118.75,0.0
SPD Smith,Australia,2014,5,78,99,8,0,3,45,51,5,266,2,78.78787878787878,5.294117647058823
SPD Smith,Australia,2014/15,19,977,1098,83,8,1,70,72,14,1810,17,88.97996357012751,5.833333333333333
SPD Smith,Australia,2015,6,177,257,15,1,0,0,0,1,273,4,68.8715953307393,0.0
SPD Smith,Australia,2015/16,8,356,366,31,5,0,36,24,7,670,5,97.26775956284153,9.0
SPD Smith,Australia,2016,8,352,463,30,3,0,0,0,7,622,5,76.02591792656588,0.0
SPD Smith,Australia,2016/17,14,667,753,60,8,0,0,0,8,1228,8,88.57901726427623,0.0
SPD Smith,Australia,2017,3,86,110,8,0,0,0,0,2,146,0,78.18181818181819,0.0
SPD Smith,Australia,2017/18,10,244,335,18,1,0,0,0,3,374,2,72.83582089552239,0.0
SPD Smith,Australia,2019,9,361,432,32,2,1,31,25,2,618,6,83.56481481481481,7.4399999999999995
SPD Smith,Australia,2019/20,7,352,394,30,3,0,8,6,2,616,2,89.34010152284264,8.0
SPD Smith,Australia,2020/21,3,216,149,25,6,0,0,0,3,468,2,144.96644295302013,0.0
SPD Smith,Australia,2022,8,344,467,38,3,0,0,0,7,652,6,73.66167023554604,0.0
SPD Smith,Australia,2022/23,6,217,246,20,2,0,0,0,4,392,5,88.21138211382113,0.0
SPD Smith,Australia,2023/24,16,507,600,51,4,0,0,0,3,831,12,84.5,0.0
SPD Smith,Australia,2024,5,137,173,11,4,0,0,0,2,243,3,79.1907514450867,0.0
SPD Smith,Australia,2024/25,2,79,99,11,1,0,0,0,0,137,1,79.7979797979798,0.0
SR Clark,Australia,2005/06,13,33,34,3,1,18,575,692,1,783,9,97.05882352941177,4.985549132947977
SR Clark,Australia,2006/07,10,26,36,3,0,13,418,484,2,563,7,72.22222222222221,5.181818181818182
SR Clark,Australia,2007/08,7,8,10,0,0,9,197,331,1,385,5,80.0,3.570996978851964
SR Clark,Australia,2008,3,0,0,0,0,5,40,120,2,220,3,0.0,2.0
SR Clark,Australia,2009,3,2,10,0,0,3,84,129,0,139,2,20.0,3.9069767441860463
SR Hain,England,2023,2,106,100,8,0,0,0,0,0,164,1,106.0,0.0
SR Mukkamalla,United States of America,2022,8,150,241,14,0,0,0,0,2,235,3,62.24066390041494,0.0
SR Mukkamalla,United States of America,2023,9,231,263,21,3,0,0,0,1,399,3,87.83269961977186,0.0
SR Mukkamalla,United States of America,2024,3,245,245,22,5,0,0,0,1,451,3,100.0,0.0
SR Mukkamalla,United States of America,2024/25,3,85,109,4,1,0,0,0,1,136,1,77.98165137614679,0.0
SR Patel,England,2008,3,31,35,3,0,7,117,160,1,311,3,88.57142857142857,4.3875
SR Patel,England,2008/09,5,85,94,3,4,3,179,139,1,258,0,90.42553191489363,7.726618705035971
SR Patel,England,2011,5,30,35,2,0,3,169,186,1,185,4,85.71428571428571,5.451612903225806
SR Patel,England,2011/12,9,194,222,15,4,9,345,381,2,681,4,87.38738738738738,5.433070866141732
SR Patel,England,2012,6,67,81,5,2,0,121,150,0,161,4,82.71604938271605,4.84
SR Patel,England,2012/13,5,75,65,9,2,1,129,133,0,205,2,115.38461538461537,5.819548872180451
SR Taylor,United States of America,2019,4,66,101,4,3,6,83,148,1,336,3,65.34653465346535,3.364864864864865
SR Taylor,United States of America,2019/20,7,93,136,13,0,3,113,127,6,319,3,68.38235294117648,5.338582677165354
SR Taylor,United States of America,2021,4,117,110,11,7,2,53,108,0,335,2,106.36363636363637,2.9444444444444446
SR Taylor,United States of America,2022,15,431,510,54,5,16,431,601,7,1462,6,84.50980392156863,4.302828618968386
SR Taylor,United States of America,2022/23,4,140,193,14,5,4,150,197,1,425,3,72.53886010362694,4.568527918781726
SR Taylor,United States of America,2023,8,219,330,24,4,4,195,192,1,564,3,66.36363636363637,6.09375
SR Taylor,United States of America,2024,3,27,59,5,0,3,51,93,0,162,1,45.76271186440678,3.2903225806451615
SR Tendulkar,India,2002/03,13,674,801,76,5,2,68,113,4,1342,10,84.14481897627965,3.610619469026549
SR Tendulkar,India,2003/04,15,750,883,92,4,4,321,348,3,1596,6,84.93771234428085,5.5344827586206895
SR Tendulkar,India,2004,2,92,126,10,1,2,63,78,1,236,1,73.01587301587301,4.846153846153846
SR Tendulkar,India,2004/05,6,201,243,24,2,4,165,191,1,534,3,82.71604938271605,5.183246073298429
SR Tendulkar,India,2005/06,11,498,588,71,5,3,158,213,3,1102,9,84.6938775510204,4.450704225352113
SR Tendulkar,India,2006,1,2,3,0,0,0,0,0,0,2,0,66.66666666666666,0.0
SR Tendulkar,India,2006/07,18,668,843,71,10,4,235,309,8,1462,5,79.24080664294188,4.563106796116505
SR Tendulkar,India,2007,11,578,708,87,4,2,120,105,1,1176,6,81.63841807909604,6.857142857142857
SR Tendulkar,India,2007/08,21,904,1129,112,3,1,133,140,6,1677,10,80.07085916740479,5.7
SR Tendulkar,India,2008/09,8,323,349,33,7,0,11,6,7,671,7,92.55014326647564,11.0
SR Tendulkar,India,2009,3,211,227,21,1,0,0,0,0,369,2,92.95154185022027,0.0
SR Tendulkar,India,2009/10,14,703,719,88,8,0,11,5,5,1374,7,97.77468706536857,13.2
SR Tendulkar,India,2010/11,11,513,589,54,8,0,18,27,2,938,8,87.09677419354838,4.0
SR Tendulkar,India,2011/12,10,315,399,35,2,0,12,10,4,574,4,78.94736842105263,7.199999999999999
SR Thompson,Ireland,2013/14,1,33,35,4,0,2,16,25,1,123,0,94.28571428571428,3.84
SR Thompson,Ireland,2014,4,97,111,11,1,2,46,70,2,245,2,87.38738738738738,3.942857142857143
SR Thompson,Ireland,2014/15,2,14,17,1,0,3,93,103,0,127,0,82.35294117647058,5.417475728155339
SR Thompson,Ireland,2015,1,24,16,0,2,1,37,36,0,77,0,150.0,6.166666666666667
SR Thompson,Ireland,2015/16,1,1,5,0,0,0,0,0,1,9,0,20.0,0.0
SR Thompson,Ireland,2016/17,2,5,11,0,0,1,54,78,1,75,2,45.45454545454545,4.153846153846154
SR Thompson,Ireland,2017,2,4,3,1,0,0,46,45,0,22,0,133.33333333333331,6.133333333333334
SR Waters,Kenya,2008/09,2,15,24,2,0,0,0,0,0,20,0,62.5,0.0
SR Waters,Kenya,2009,1,14,33,2,0,0,0,0,0,20,0,42.42424242424242,0.0
SR Waters,Kenya,2010/11,4,38,90,3,0,0,0,0,1,54,0,42.22222222222222,0.0
SR Watson,Australia,2002/03,5,52,75,3,0,6,172,229,2,341,4,69.33333333333334,4.506550218340611
SR Watson,Australia,2004,3,25,41,3,0,0,113,142,3,113,3,60.97560975609756,4.774647887323943
SR Watson,Australia,2004/05,4,7,12,0,0,3,156,209,1,174,2,58.333333333333336,4.4784688995215305
SR Watson,Australia,2005,3,11,7,1,0,4,103,137,0,161,3,157.14285714285714,4.5109489051094895
SR Watson,Australia,2005/06,5,119,148,8,0,9,202,244,2,501,3,80.4054054054054,4.967213114754099
SR Watson,Australia,2006/07,21,492,527,53,9,21,654,838,3,1711,13,93.35863377609108,4.682577565632458
SR Watson,Australia,2008,7,262,294,32,2,8,123,221,4,811,7,89.1156462585034,3.3393665158371038
SR Watson,Australia,2009,12,424,596,37,4,10,216,268,2,1048,9,71.14093959731544,4.835820895522389
SR Watson,Australia,2009/10,23,1009,1133,116,23,31,699,856,7,2985,18,89.05560458958517,4.899532710280374
SR Watson,Australia,2010,6,218,257,27,4,3,90,90,1,503,3,84.8249027237354,6.0
SR Watson,Australia,2010/11,16,661,706,65,13,12,438,591,7,1776,10,93.62606232294618,4.446700507614213
SR Watson,Australia,2011,8,479,382,47,28,8,266,326,6,1342,6,125.39267015706805,4.895705521472393
SR Watson,Australia,2011/12,12,335,421,25,7,15,343,538,5,1172,6,79.57244655581948,3.8252788104089217
SR Watson,Australia,2012,3,106,156,11,1,2,102,104,0,256,0,67.94871794871796,5.884615384615385
SR Watson,Australia,2012/13,3,198,199,21,2,0,0,0,0,357,3,99.49748743718592,0.0
SR Watson,Australia,2013,6,221,227,22,7,4,162,223,4,637,2,97.3568281938326,4.358744394618834
SR Watson,Australia,2013/14,8,237,219,25,12,4,288,270,3,671,4,108.21917808219179,6.4
SR Watson,Australia,2014/15,14,430,475,44,8,3,351,343,3,926,12,90.52631578947368,6.139941690962099
SR Watson,Australia,2015,3,71,74,2,3,2,50,61,1,187,3,95.94594594594594,4.918032786885246
SS Cottrell,West Indies,2014/15,2,3,10,0,0,2,94,83,1,90,1,30.0,6.795180722891566
SS Cottrell,West Indies,2017/18,3,11,15,1,0,5,97,130,0,188,1,73.33333333333333,4.476923076923077
SS Cottrell,West Indies,2018,1,0,0,0,0,1,56,57,0,44,0,0.0,5.894736842105263
SS Cottrell,West Indies,2018/19,3,0,0,0,0,7,125,140,3,265,2,0.0,5.357142857142858
SS Cottrell,West Indies,2019,14,62,78,5,3,15,560,633,10,786,3,79.48717948717949,5.308056872037914
SS Cottrell,West Indies,2019/20,8,8,14,0,1,15,466,483,1,581,3,57.14285714285714,5.788819875776397
SS Cottrell,West Indies,2021,3,4,18,0,0,3,100,122,0,124,1,22.22222222222222,4.918032786885246
SS Iyer,India,2017/18,6,210,232,22,3,0,2,6,3,380,4,90.51724137931035,2.0
SS Iyer,India,2019,2,136,111,8,6,0,0,0,0,236,2,122.52252252252251,0.0
SS Iyer,India,2019/20,9,402,423,43,8,0,11,8,5,766,4,95.0354609929078,8.25
SS Iyer,India,2020/21,4,65,70,8,0,0,0,0,0,103,2,92.85714285714286,0.0
SS Iyer,India,2021/22,4,134,184,12,0,0,22,19,2,238,1,72.82608695652173,6.947368421052632
SS Iyer,India,2022,5,161,167,13,4,0,0,0,6,315,4,96.40718562874252,0.0
SS Iyer,India,2022/23,11,523,557,56,11,0,2,6,3,975,6,93.89587073608617,2.0
SS Iyer,India,2023,1,14,10,2,0,0,0,0,0,22,0,140.0,0.0
SS Iyer,India,2023/24,14,713,651,54,29,0,0,0,8,1414,12,109.52380952380953,0.0
SS Iyer,India,2024,3,38,39,7,0,0,0,0,0,74,0,97.43589743589743,0.0
SS McKechnie,Hong Kong,2017/18,4,66,133,3,0,0,0,0,4,123,1,49.62406015037594,0.0
SS McKechnie,Hong Kong,2018,2,7,9,1,0,0,0,0,4,40,0,77.77777777777779,0.0
SS Pathirana,Sri Lanka,2015,3,66,76,5,2,3,199,175,1,239,1,86.8421052631579,6.822857142857143
SS Pathirana,Sri Lanka,2016,2,56,81,6,0,3,71,110,0,201,0,69.1358024691358,3.872727272727273
SS Pathirana,Sri Lanka,2016/17,10,201,221,21,3,6,326,386,2,636,3,90.9502262443439,5.067357512953368
SS Pathirana,Sri Lanka,2017/18,3,9,21,1,0,2,109,105,0,102,1,42.857142857142854,6.228571428571429
SS Tiwary,India,2010/11,3,49,57,5,1,0,0,0,2,95,3,85.96491228070175,0.0
SSB Magala,South Africa,2021/22,2,0,2,0,0,2,115,118,2,101,2,0.0,5.847457627118644
SSB Magala,South Africa,2022/23,4,12,15,2,0,12,193,219,0,422,3,80.0,5.287671232876712
SSB Magala,South Africa,2023/24,1,6,8,0,0,1,45,25,0,39,1,75.0,10.799999999999999
SSD Arachchige,Sri Lanka,2023,2,57,71,4,0,1,18,30,0,122,2,80.28169014084507,3.6
SSD Arachchige,Sri Lanka,2023/24,2,32,63,2,0,0,10,12,2,58,1,50.79365079365079,5.0
SSJ Brooks,West Indies,2021/22,6,193,257,16,5,0,0,0,3,340,1,75.09727626459144,0.0
SSJ Brooks,West Indies,2022,15,501,679,41,10,0,0,0,8,881,4,73.78497790868926,0.0
SSJ Brooks,West Indies,2022/23,2,18,33,2,0,0,0,0,2,39,1,54.54545454545454,0.0
SSJ Brooks,West Indies,2023,6,130,181,10,1,0,0,0,1,193,3,71.8232044198895,0.0
ST Doheny,Ireland,2022/23,5,129,188,12,2,0,0,0,1,221,1,68.61702127659575,0.0
ST Doheny,Ireland,2023,3,33,78,4,0,0,0,0,2,63,0,42.30769230769231,0.0
ST Doheny,Ireland,2024/25,2,3,9,0,0,0,0,0,0,12,0,33.33333333333333,0.0
ST Finn,England,2010/11,3,35,27,5,1,3,158,190,1,223,0,129.62962962962962,4.989473684210526
ST Finn,England,2011,3,0,0,0,0,4,109,153,2,184,2,0.0,4.2745098039215685
ST Finn,England,2011/12,9,27,39,1,1,21,370,540,0,810,4,69.23076923076923,4.111111111111111
ST Finn,England,2012,9,15,8,3,0,12,355,485,1,527,8,187.5,4.391752577319588
ST Finn,England,2012/13,8,3,15,0,0,12,332,481,4,539,4,20.0,4.141372141372141
ST Finn,England,2013,5,16,23,1,1,7,247,295,0,317,4,69.56521739130434,5.023728813559322
ST Finn,England,2014,3,8,16,0,0,3,120,147,1,151,1,50.0,4.8979591836734695
ST Finn,England,2014/15,14,10,63,0,0,24,642,688,2,894,5,15.873015873015872,5.598837209302325
ST Finn,England,2015,9,17,28,1,0,12,410,457,2,521,4,60.71428571428571,5.382932166301969
ST Finn,England,2016/17,3,2,4,0,0,4,119,165,1,182,3,50.0,4.327272727272727
ST Finn,England,2017,1,3,5,0,0,0,35,42,0,21,0,60.0,5.0
ST Gabriel,West Indies,2016,3,3,7,0,0,6,116,128,0,205,1,42.857142857142854,5.4375
ST Gabriel,West Indies,2016/17,7,4,19,0,0,10,256,309,1,374,1,21.052631578947366,4.970873786407767
ST Gabriel,West Indies,2017,3,0,0,0,0,4,172,187,0,171,1,0.0,5.518716577540107
ST Gabriel,West Indies,2017/18,3,12,22,1,0,0,165,148,0,62,0,54.54545454545454,6.689189189189189
ST Gabriel,West Indies,2019,7,3,10,0,0,10,327,329,0,357,2,30.0,5.963525835866261
ST Jayasuriya,Sri Lanka,2002/03,16,662,787,69,8,18,554,769,3,1934,7,84.11689961880559,4.322496749024708
ST Jayasuriya,Sri Lanka,2003,4,17,46,2,1,3,115,144,2,160,1,36.95652173913043,4.791666666666667
ST Jayasuriya,Sri Lanka,2003/04,4,109,126,15,1,1,107,105,0,249,2,86.5079365079365,6.114285714285714
ST Jayasuriya,Sri Lanka,2004,9,397,448,42,1,7,227,382,0,1035,7,88.61607142857143,3.5654450261780104
ST Jayasuriya,Sri Lanka,2004/05,3,114,147,14,2,4,56,91,0,350,2,77.55102040816327,3.6923076923076925
ST Jayasuriya,Sri Lanka,2005,2,48,56,8,0,0,0,0,0,84,1,85.71428571428571,0.0
ST Jayasuriya,Sri Lanka,2005/06,17,488,520,52,12,6,344,442,2,1203,6,93.84615384615384,4.669683257918551
ST Jayasuriya,Sri Lanka,2006,5,322,310,44,7,4,184,187,0,826,5,103.87096774193549,5.903743315508021
ST Jayasuriya,Sri Lanka,2006/07,24,900,907,103,29,11,561,832,7,2360,15,99.22822491730982,4.0456730769230775
ST Jayasuriya,Asia XI,2007,3,38,54,5,2,3,126,120,0,183,3,70.37037037037037,6.3
ST Jayasuriya,Sri Lanka,2007,3,53,72,7,1,9,67,108,0,366,3,73.61111111111111,3.7222222222222223
ST Jayasuriya,Sri Lanka,2007/08,11,156,200,14,5,2,95,101,2,352,3,78.0,5.643564356435644
ST Jayasuriya,Sri Lanka,2008,10,475,434,57,16,2,119,159,2,1095,6,109.44700460829493,4.490566037735849
ST Jayasuriya,Sri Lanka,2008/09,9,344,368,41,4,3,147,165,3,774,3,93.47826086956522,5.345454545454546
ST Jayasuriya,Sri Lanka,2009,6,192,195,28,0,6,162,212,1,572,4,98.46153846153847,4.584905660377358
ST Jayasuriya,Sri Lanka,2009/10,6,85,104,14,0,3,151,149,1,272,1,81.73076923076923,6.080536912751678
ST Jayasuriya,Sri Lanka,2011,1,2,4,0,0,1,44,38,0,39,0,50.0,6.947368421052632
STR Binny,India,2013/14,2,0,4,0,0,0,30,30,0,7,0,0.0,6.0
STR Binny,India,2014,2,28,47,4,0,6,4,28,0,243,1,59.57446808510638,0.8571428571428571
STR Binny,India,2014/15,5,63,84,6,2,7,145,191,2,365,3,75.0,4.554973821989529
STR Binny,India,2015,4,137,112,13,3,7,186,204,1,491,4,122.32142857142858,5.470588235294118
STR Binny,India,2015/16,1,2,5,0,0,0,61,50,0,16,0,40.0,7.319999999999999
SV Bahutule,India,2003/04,1,11,13,1,0,0,23,19,0,21,0,84.61538461538461,7.2631578947368425
SV Carlisle,Zimbabwe,2003/04,4,71,141,3,0,0,0,0,4,124,1,50.35460992907801,0.0
SV Carlisle,Zimbabwe,2005,2,39,108,2,0,0,0,0,0,43,0,36.11111111111111,0.0
SV Samson,India,2021,1,46,47,5,1,0,0,0,0,88,0,97.87234042553192,0.0
SV Samson,India,2022,6,130,131,6,10,0,0,0,6,304,6,99.23664122137404,0.0
SV Samson,India,2022/23,4,154,150,14,4,0,0,0,1,278,2,102.66666666666666,0.0
SV Samson,India,2023,2,60,60,2,4,0,0,0,0,108,1,100.0,0.0
SV Samson,India,2023/24,2,120,139,7,3,0,0,0,2,220,1,86.33093525179856,0.0
SW Ambris,West Indies,2017,1,38,29,4,0,0,0,0,0,62,0,131.0344827586207,0.0
SW Ambris,West Indies,2019,7,314,324,37,1,0,0,0,2,566,2,96.91358024691358,0.0
SW Ambris,West Indies,2019/20,5,95,116,10,1,0,0,0,0,155,2,81.89655172413794,0.0
SW Ambris,West Indies,2020/21,3,26,36,3,1,0,0,0,0,44,0,72.22222222222221,0.0
SW Billings,England,2015,5,90,70,11,1,0,0,0,1,166,3,128.57142857142858,0.0
SW Billings,England,2016/17,5,149,184,16,1,0,0,0,7,300,5,80.97826086956522,0.0
SW Billings,England,2017,4,9,14,1,0,0,0,0,4,45,4,64.28571428571429,0.0
SW Billings,England,2017/18,1,0,0,0,0,0,0,0,1,8,1,0.0,0.0
SW Billings,England,2018,1,11,19,0,0,0,0,0,1,19,1,57.89473684210527,0.0
SW Billings,England,2020,6,315,333,38,4,0,0,0,3,583,3,94.5945945945946,0.0
SW Billings,England,2020/21,1,18,23,1,0,0,0,0,0,22,0,78.26086956521739,0.0
SW Billings,England,2021,3,3,8,0,0,0,0,0,2,37,2,37.5,0.0
SW Billings,England,2022/23,3,95,117,6,2,0,0,0,1,163,0,81.19658119658119,0.0
SW Currie,Scotland,2023/24,3,10,19,1,0,3,80,126,0,150,1,52.63157894736842,3.8095238095238093
SW Masakadza,Zimbabwe,2009/10,1,0,0,0,0,3,34,20,0,81,1,0.0,10.2
SW Masakadza,Zimbabwe,2010/11,5,30,31,3,2,8,304,272,2,365,0,96.7741935483871,6.705882352941176
SW Masakadza,Zimbabwe,2011/12,2,40,38,3,2,5,109,110,3,267,0,105.26315789473684,5.945454545454546
SW Masakadza,Zimbabwe,2013,3,33,35,3,2,6,169,190,0,286,1,94.28571428571428,5.336842105263158
SW Masakadza,Zimbabwe,2014,1,6,8,1,0,0,75,62,0,32,0,75.0,7.258064516129032
SW Masakadza,Zimbabwe,2014/15,1,0,0,0,0,0,0,0,1,8,0,0.0,0.0
SW Poynter,Ireland,2014,3,15,30,1,0,0,0,0,8,97,2,50.0,0.0
SW Poynter,Ireland,2016,2,40,54,3,0,0,0,0,0,56,0,74.07407407407408,0.0
SW Poynter,Ireland,2016/17,2,19,17,3,0,0,0,0,1,39,0,111.76470588235294,0.0
SW Poynter,Ireland,2017/18,1,0,1,0,0,0,0,0,0,-3,1,0.0,0.0
SW Tait,Australia,2006/07,15,11,10,1,1,28,596,809,1,1054,12,110.00000000000001,4.42027194066749
SW Tait,Australia,2007/08,2,0,0,0,0,5,80,113,1,182,2,0.0,4.247787610619469
SW Tait,Australia,2008/09,4,13,17,2,0,5,175,243,0,239,0,76.47058823529412,4.320987654320987
SW Tait,Australia,2010,3,1,1,0,0,8,87,165,0,293,2,100.0,3.1636363636363636
SW Tait,Australia,2010/11,10,0,1,0,0,16,340,503,4,638,7,0.0,4.055666003976143
Saad Ali,Pakistan,2018/19,2,11,23,0,0,0,0,0,0,11,0,47.82608695652174,0.0
Saad Bin Zafar,Canada,2023,4,55,102,5,0,5,159,211,1,286,2,53.92156862745098,4.52132701421801
Saad Bin Zafar,Canada,2023/24,7,77,95,4,3,7,266,395,2,469,4,81.05263157894737,4.040506329113924
Saad Bin Zafar,Canada,2024,8,85,102,7,0,11,306,457,1,574,4,83.33333333333334,4.017505470459518
Saad Nasim,Pakistan,2015,3,99,125,9,1,0,45,37,0,174,0,79.2,7.297297297297297
Sabbir Rahman,Bangladesh,2014/15,10,262,248,26,8,1,134,127,2,548,7,105.64516129032258,6.330708661417322
Sabbir Rahman,Bangladesh,2015,8,126,130,15,2,0,21,13,6,266,6,96.92307692307692,9.692307692307693
Sabbir Rahman,Bangladesh,2015/16,3,91,106,8,2,1,12,12,3,208,3,85.84905660377359,6.0
Sabbir Rahman,Bangladesh,2016/17,8,197,219,24,4,0,20,18,3,366,2,89.95433789954338,6.666666666666667
Sabbir Rahman,Bangladesh,2017,8,160,185,21,1,1,24,13,1,308,3,86.48648648648648,11.076923076923078
Sabbir Rahman,Bangladesh,2017/18,8,117,134,14,2,0,19,12,7,253,3,87.31343283582089,9.5
Sabbir Rahman,Bangladesh,2018,3,27,24,3,0,0,0,0,1,47,2,112.5,0.0
Sabbir Rahman,Bangladesh,2018/19,3,158,202,21,2,0,69,66,0,320,0,78.21782178217822,6.2727272727272725
Sabbir Rahman,Bangladesh,2019,10,121,147,15,0,0,32,28,8,267,5,82.31292517006803,6.857142857142857
Sabir Ali,United Arab Emirates,2022,1,5,6,1,0,2,48,56,1,89,0,83.33333333333334,5.142857142857142
Sabir Ali,United Arab Emirates,2022/23,3,7,7,1,0,1,36,53,1,63,1,100.0,4.0754716981132075
Saeed Ajmal,Pakistan,2008,2,0,0,0,0,2,60,116,0,102,2,0.0,3.103448275862069
Saeed Ajmal,Pakistan,2008/09,2,6,13,1,0,1,86,111,1,85,1,46.15384615384615,4.648648648648648
Saeed Ajmal,Pakistan,2009,10,16,30,1,0,8,310,518,0,421,4,53.333333333333336,3.590733590733591
Saeed Ajmal,Pakistan,2009/10,11,70,108,5,0,14,420,590,2,686,3,64.81481481481481,4.271186440677966
Saeed Ajmal,Pakistan,2010,6,17,20,1,0,12,282,323,0,432,2,85.0,5.238390092879257
Saeed Ajmal,Pakistan,2010/11,6,7,28,0,0,6,193,290,0,285,3,25.0,3.993103448275862
Saeed Ajmal,Pakistan,2011,7,11,22,0,0,6,211,362,0,325,5,50.0,3.4972375690607733
Saeed Ajmal,Pakistan,2011/12,16,60,108,3,0,29,562,897,1,1203,10,55.55555555555556,3.759197324414716
Saeed Ajmal,Pakistan,2012,6,24,33,3,0,11,216,328,1,449,2,72.72727272727273,3.951219512195122
Saeed Ajmal,Pakistan,2012/13,8,22,35,2,0,16,289,479,1,654,4,62.857142857142854,3.620041753653445
Saeed Ajmal,Pakistan,2013,13,60,81,5,0,19,492,687,1,858,6,74.07407407407408,4.296943231441048
Saeed Ajmal,Pakistan,2013/14,17,24,42,3,0,30,665,1005,6,1248,8,57.14285714285714,3.970149253731343
Saeed Ajmal,Pakistan,2014,1,6,15,1,0,1,9,25,0,43,0,40.0,2.1599999999999997
Saeed Ajmal,Pakistan,2015,2,0,4,0,0,1,122,116,0,62,0,0.0,6.310344827586207
Saeed Anwar,Pakistan,2002/03,5,218,318,19,1,1,15,24,0,383,2,68.55345911949685,3.75
Sagar Pun,Nepal,2018,1,3,20,0,0,0,0,0,0,-3,0,15.0,0.0
Saim Ayub,Pakistan,2024/25,9,515,504,59,16,5,138,181,9,1278,7,102.18253968253967,4.574585635359115
Saleem Elahi,Pakistan,2002/03,4,102,154,9,0,0,0,0,0,154,2,66.23376623376623,0.0
Saleem Elahi,Pakistan,2003/04,3,97,153,8,0,0,0,0,1,141,2,63.39869281045751,0.0
Salman Butt,Pakistan,2004,1,0,2,0,0,0,0,0,1,5,0,0.0,0.0
Salman Butt,Pakistan,2004/05,12,244,397,32,0,0,40,38,2,406,8,61.46095717884131,6.315789473684211
Salman Butt,Pakistan,2005,1,43,65,3,0,0,0,0,0,59,1,66.15384615384615,0.0
Salman Butt,Pakistan,2005/06,9,246,369,33,1,0,0,0,4,464,3,66.66666666666666,0.0
Salman Butt,Pakistan,2007/08,13,747,875,93,2,0,16,9,3,1405,10,85.37142857142858,10.666666666666666
Salman Butt,Pakistan,2008,8,335,394,42,4,0,31,25,2,639,5,85.0253807106599,7.4399999999999995
Salman Butt,Pakistan,2008/09,5,193,272,21,0,0,0,0,3,348,3,70.95588235294117,0.0
Salman Butt,Pakistan,2009,4,112,204,14,0,0,0,0,0,190,1,54.90196078431373,0.0
Salman Butt,Pakistan,2009/10,8,192,265,27,0,0,0,0,0,323,1,72.45283018867924,0.0
Salman Butt,Pakistan,2010,2,74,89,9,0,0,0,0,1,127,0,83.14606741573034,0.0
Salman Faris,United Arab Emirates,2014,1,0,2,0,0,0,0,0,0,-3,1,0.0,0.0
Sami Aslam,Pakistan,2015,1,45,52,7,0,0,0,0,0,77,0,86.53846153846155,0.0
Sami Aslam,Pakistan,2016,3,33,71,2,0,0,0,0,0,41,0,46.478873239436616,0.0
Sami Faridi,Canada,2008,1,16,26,1,0,0,26,37,0,38,0,61.53846153846154,4.216216216216216
Samiullah Khan,Pakistan,2007/08,2,0,0,0,0,0,112,123,0,41,2,0.0,5.463414634146342
Sandeep Goud,Oman,2019,5,99,112,4,6,0,0,0,4,193,3,88.39285714285714,0.0
Sandeep Goud,Oman,2019/20,5,80,99,6,4,0,22,25,2,164,4,80.8080808080808,5.279999999999999
Sandeep Goud,Oman,2021,7,99,151,5,5,0,7,12,4,200,4,65.56291390728477,3.5
Sandeep Goud,Oman,2021/22,9,139,205,9,4,0,48,54,6,271,3,67.8048780487805,5.333333333333333
Sandeep Goud,Oman,2022,4,57,114,3,1,0,0,0,2,95,1,50.0,0.0
Sandeep Goud,Oman,2023,4,58,78,5,2,0,0,0,1,108,0,74.35897435897436,0.0
Sandeep Goud,Oman,2024/25,2,3,7,0,0,0,0,0,1,11,2,42.857142857142854,0.0
Sanwar Hossain,Bangladesh,2002/03,5,59,86,4,0,5,92,134,3,280,0,68.6046511627907,4.119402985074627
Sanwar Hossain,Bangladesh,2003,4,56,117,5,0,0,62,62,1,112,0,47.863247863247864,6.0
Saqib Ali,United Arab Emirates,2008,2,29,53,2,0,1,55,62,0,80,0,54.71698113207547,5.32258064516129
Saqib Zulfiqar,Netherlands,2019,1,0,4,0,0,1,48,43,0,36,1,0.0,6.697674418604651
Saqib Zulfiqar,Netherlands,2021,3,37,110,2,0,0,23,20,0,41,2,33.63636363636363,6.8999999999999995
Saqib Zulfiqar,Netherlands,2023,6,111,101,9,4,6,203,209,2,433,2,109.9009900990099,5.827751196172248
Saqib Zulfiqar,Netherlands,2023/24,1,10,18,1,0,0,15,12,2,34,0,55.55555555555556,7.5
Saqlain Haider,United Arab Emirates,2014/15,2,7,12,1,0,0,0,0,2,27,0,58.333333333333336,0.0
Saqlain Haider,United Arab Emirates,2016,2,23,28,3,0,0,0,0,0,35,0,82.14285714285714,0.0
Saqlain Mushtaq,Pakistan,2002/03,3,16,37,2,0,3,77,112,0,144,2,43.24324324324324,4.125
Saqlain Mushtaq,Pakistan,2003/04,1,1,2,0,0,0,46,54,0,19,0,50.0,5.111111111111111
Sarfraz Ahmed,Pakistan,2007/08,3,0,0,0,0,0,0,0,2,58,3,0.0,0.0
Sarfraz Ahmed,Pakistan,2008,4,26,46,1,0,0,0,0,4,90,3,56.52173913043478,0.0
Sarfraz Ahmed,Pakistan,2009/10,1,6,13,0,0,0,0,0,1,14,0,46.15384615384615,0.0
Sarfraz Ahmed,Pakistan,2011/12,9,120,166,5,0,0,0,0,9,274,8,72.28915662650603,0.0
Sarfraz Ahmed,Pakistan,2012,3,20,28,2,0,0,0,0,1,57,0,71.42857142857143,0.0
Sarfraz Ahmed,Pakistan,2013,3,29,31,2,0,0,0,0,2,89,2,93.54838709677419,0.0
Sarfraz Ahmed,Pakistan,2014/15,13,432,487,34,6,0,0,0,17,834,4,88.7063655030801,0.0
Sarfraz Ahmed,Pakistan,2015,10,206,229,18,0,0,0,0,9,436,5,89.95633187772926,0.0
Sarfraz Ahmed,Pakistan,2015/16,9,238,285,20,0,0,0,0,8,476,3,83.50877192982456,0.0
Sarfraz Ahmed,Pakistan,2016,6,302,340,24,1,0,0,0,4,542,2,88.8235294117647,0.0
Sarfraz Ahmed,Pakistan,2016/17,3,119,124,9,0,0,0,0,3,215,3,95.96774193548387,0.0
Sarfraz Ahmed,Pakistan,2017,7,146,166,13,0,0,0,0,11,348,5,87.95180722891565,0.0
Sarfraz Ahmed,Pakistan,2017/18,10,85,134,4,3,0,0,0,14,247,5,63.43283582089553,0.0
Sarfraz Ahmed,Pakistan,2018,9,79,102,5,0,0,15,12,9,195,6,77.45098039215686,7.5
Sarfraz Ahmed,Pakistan,2018/19,6,126,153,11,0,0,0,0,3,210,2,82.35294117647058,0.0
Sarfraz Ahmed,Pakistan,2019,11,311,310,23,2,0,0,0,13,593,4,100.32258064516128,0.0
Sarfraz Ahmed,Pakistan,2019/20,2,31,46,1,0,0,0,0,4,71,2,67.3913043478261,0.0
Sarfraz Ahmed,Pakistan,2021,1,13,13,2,0,0,0,0,3,49,1,100.0,0.0
Saud Shakeel,Pakistan,2021,3,64,95,5,0,1,37,47,0,136,0,67.36842105263158,4.723404255319149
Saud Shakeel,Pakistan,2021/22,2,3,8,0,0,0,0,0,2,19,1,37.5,0.0
Saud Shakeel,Pakistan,2023/24,7,216,225,27,1,0,0,0,3,394,3,96.0,0.0
Shabbir Ahmed,Pakistan,2003,3,2,3,0,0,2,64,149,1,133,2,66.66666666666666,2.5771812080536916
Shabbir Ahmed,Pakistan,2003/04,8,3,10,0,0,10,313,448,1,456,4,30.0,4.191964285714286
Shabbir Ahmed,Pakistan,2004,2,0,1,0,0,1,41,83,0,61,1,0.0,2.963855421686747
Shabbir Ahmed,Pakistan,2005,2,1,1,0,0,3,78,121,2,150,2,100.0,3.867768595041322
Shadab Khan,Pakistan,2017,7,14,16,1,1,8,320,349,3,370,5,87.5,5.5014326647564475
Shadab Khan,Pakistan,2017/18,10,192,259,13,2,15,362,498,1,862,5,74.13127413127413,4.36144578313253
Shadab Khan,Pakistan,2018,9,24,63,0,0,12,297,398,1,484,6,38.095238095238095,4.477386934673367
Shadab Khan,Pakistan,2018/19,7,64,123,2,1,10,312,393,1,482,3,52.03252032520326,4.763358778625954
Shadab Khan,Pakistan,2019,6,32,22,3,0,7,275,289,1,326,4,145.45454545454547,5.709342560553633
Shadab Khan,Pakistan,2019/20,2,0,0,0,0,3,123,116,0,111,2,0.0,6.362068965517242
Shadab Khan,Pakistan,2021,5,97,118,6,2,3,231,244,3,330,1,82.20338983050848,5.680327868852459
Shadab Khan,Pakistan,2022,5,162,140,9,6,6,226,283,1,536,5,115.71428571428572,4.791519434628976
Shadab Khan,Pakistan,2023,8,48,40,3,2,9,412,425,2,474,4,120.0,5.816470588235295
Shadab Khan,Pakistan,2023/24,6,81,85,6,3,2,187,181,4,275,2,95.29411764705881,6.198895027624309
Shafiul Islam,Bangladesh,2009/10,8,25,41,4,0,11,357,332,0,433,0,60.97560975609756,6.451807228915662
Shafiul Islam,Bangladesh,2010,7,18,22,1,1,13,405,372,2,504,2,81.81818181818183,6.532258064516129
Shafiul Islam,Bangladesh,2010/11,13,35,74,4,1,14,370,505,3,648,9,47.2972972972973,4.3960396039603955
Shafiul Islam,Bangladesh,2011,8,20,28,2,0,6,310,345,0,328,2,71.42857142857143,5.391304347826087
Shafiul Islam,Bangladesh,2011/12,8,5,20,0,0,7,280,352,2,340,2,25.0,4.7727272727272725
Shafiul Islam,Bangladesh,2012/13,1,0,0,0,0,3,31,54,0,113,1,0.0,3.4444444444444446
Shafiul Islam,Bangladesh,2013,3,6,12,0,0,4,138,158,0,161,1,50.0,5.2405063291139244
Shafiul Islam,Bangladesh,2013/14,2,15,18,2,0,0,72,58,0,38,0,83.33333333333334,7.448275862068966
Shafiul Islam,Bangladesh,2014/15,1,0,0,0,0,0,14,15,0,5,1,0.0,5.6
Shafiul Islam,Bangladesh,2016/17,3,0,7,0,0,4,153,165,0,150,1,0.0,5.5636363636363635
Shafiul Islam,Bangladesh,2019,3,3,15,0,0,6,151,152,0,210,0,20.0,5.960526315789474
Shafiul Islam,Bangladesh,2019/20,1,5,5,0,0,1,73,57,0,47,1,100.0,7.684210526315789
Shahadat Hossain,Bangladesh,2005/06,2,3,6,0,0,0,79,93,0,33,0,50.0,5.096774193548387
Shahadat Hossain,Bangladesh,2006/07,4,5,8,1,0,5,150,263,0,260,3,62.5,3.4220532319391634
Shahadat Hossain,Bangladesh,2007,3,12,27,0,0,3,102,141,0,146,0,44.44444444444444,4.340425531914893
Shahadat Hossain,Bangladesh,2007/08,7,13,27,1,0,4,318,300,1,221,0,48.148148148148145,6.36
Shahadat Hossain,Bangladesh,2008,9,6,22,1,0,9,368,372,1,362,1,27.27272727272727,5.935483870967742
Shahadat Hossain,Bangladesh,2009/10,3,21,21,2,1,1,125,138,0,112,0,100.0,5.434782608695652
Shahadat Hossain,Bangladesh,2011/12,4,0,8,0,0,4,235,222,0,164,2,0.0,6.351351351351352
Shahadat Hossain,Bangladesh,2012/13,1,0,0,0,0,1,67,64,0,46,1,0.0,6.28125
Shahbaz Ahmed,India,2022/23,4,0,4,0,0,3,125,156,2,142,3,0.0,4.8076923076923075
Shaheen Shah Afridi,Pakistan,2018,2,14,20,0,1,2,89,96,0,104,0,70.0,5.5625
Shaheen Shah Afridi,Pakistan,2018/19,7,1,8,0,0,15,223,319,1,516,2,12.5,4.19435736677116
Shaheen Shah Afridi,Pakistan,2019,7,27,36,2,1,17,422,412,1,653,3,75.0,6.1456310679611645
Shaheen Shah Afridi,Pakistan,2020/21,3,10,10,1,0,5,124,188,1,233,2,100.0,3.9574468085106385
Shaheen Shah Afridi,Pakistan,2021,6,35,70,3,0,8,323,323,1,363,2,50.0,6.0
Shaheen Shah Afridi,Pakistan,2021/22,2,0,0,0,0,6,102,109,1,206,2,0.0,5.614678899082568
Shaheen Shah Afridi,Pakistan,2022,2,15,6,3,0,3,71,85,0,138,2,250.0,5.011764705882353
Shaheen Shah Afridi,Pakistan,2023,9,31,16,1,4,18,418,469,1,690,5,193.75,5.347547974413645
Shaheen Shah Afridi,Pakistan,2023/24,8,52,59,7,1,17,403,446,3,719,4,88.13559322033898,5.421524663677131
Shaheen Shah Afridi,Pakistan,2024/25,6,40,37,5,2,15,248,322,1,593,5,108.10810810810811,4.62111801242236
Shahid Afridi,Pakistan,2002/03,3,16,23,2,1,3,143,160,2,176,0,69.56521739130434,5.3625
Shahid Afridi,Pakistan,2003/04,3,89,75,11,4,1,83,82,1,244,2,118.66666666666667,6.073170731707317
Shahid Afridi,Pakistan,2004,5,64,51,4,4,10,89,142,2,457,3,125.49019607843137,3.76056338028169
Shahid Afridi,Pakistan,2004/05,13,398,216,34,29,13,504,694,4,1410,9,184.25925925925927,4.357348703170029
Shahid Afridi,Asia XI,2005,2,13,15,3,0,2,13,30,0,85,0,86.66666666666667,2.6
Shahid Afridi,Pakistan,2005,2,80,52,9,2,2,57,102,1,245,2,153.84615384615387,3.3529411764705883
Shahid Afridi,ICC World XI,2005/06,1,16,8,2,1,0,0,0,0,30,0,200.0,0.0
Shahid Afridi,Pakistan,2005/06,10,94,95,8,4,9,328,456,2,562,5,98.94736842105263,4.315789473684211
Shahid Afridi,Pakistan,2006,5,25,40,2,1,5,124,182,1,248,2,62.5,4.0879120879120885
Shahid Afridi,Pakistan,2006/07,8,138,93,10,9,9,212,312,0,608,3,148.38709677419354,4.076923076923077
Shahid Afridi,Pakistan,2007/08,18,341,234,25,18,24,782,1068,4,1646,12,145.72649572649573,4.393258426966292
Shahid Afridi,Pakistan,2008,7,66,65,4,0,10,304,410,2,499,4,101.53846153846153,4.4487804878048784
Shahid Afridi,Pakistan,2008/09,5,46,57,2,1,3,228,308,1,265,3,80.7017543859649,4.441558441558441
Shahid Afridi,Pakistan,2009,10,184,169,23,2,14,356,507,2,905,4,108.87573964497041,4.21301775147929
Shahid Afridi,Pakistan,2009/10,12,242,193,21,10,16,508,723,3,1111,3,125.38860103626943,4.215767634854772
Shahid Afridi,Pakistan,2010,8,364,251,34,16,7,350,444,1,1043,3,145.0199203187251,4.72972972972973
Shahid Afridi,Pakistan,2010/11,18,346,283,28,13,29,710,1012,5,1760,11,122.26148409893993,4.209486166007905
Shahid Afridi,Pakistan,2011,5,28,29,4,0,2,154,257,1,220,3,96.55172413793103,3.5953307392996106
Shahid Afridi,Pakistan,2011/12,16,345,310,29,9,22,653,846,2,1494,10,111.29032258064515,4.631205673758865
Shahid Afridi,Pakistan,2012,6,35,37,4,0,3,233,330,0,250,1,94.5945945945946,4.236363636363636
Shahid Afridi,Pakistan,2012/13,5,126,72,8,10,0,208,224,1,331,2,175.0,5.571428571428571
Shahid Afridi,Pakistan,2013,8,159,133,11,9,9,234,332,1,688,5,119.54887218045114,4.228915662650603
Shahid Afridi,Pakistan,2013/14,15,253,172,16,16,14,585,737,2,1081,8,147.09302325581396,4.762550881953867
Shahid Afridi,Pakistan,2014,3,33,24,5,0,0,111,123,0,93,1,137.5,5.414634146341464
Shahid Afridi,Pakistan,2014/15,17,412,290,42,18,17,685,952,7,1607,6,142.06896551724137,4.317226890756303
Shahid Ahmadzai,Canada,2023/24,3,26,39,2,0,1,93,169,1,153,0,66.66666666666666,3.301775147928994
Shahid Wasif,Hong Kong,2016,1,4,8,0,0,0,0,0,1,18,0,50.0,0.0
Shahid Wasif,Hong Kong,2016/17,4,47,93,4,2,0,0,0,1,96,2,50.53763440860215,0.0
Shahid Wasif,Hong Kong,2017/18,2,9,37,1,0,0,0,0,0,7,0,24.324324324324326,0.0
Shahnawaz Dhani,Pakistan,2022,2,4,3,0,0,1,69,100,0,65,2,133.33333333333331,4.14
Shahriar Hossain,Bangladesh,2004,1,0,3,0,0,0,0,0,0,-3,0,0.0,0.0
Shahriar Nafees,Bangladesh,2005,4,172,259,20,0,0,0,0,2,300,0,66.40926640926641,0.0
Shahriar Nafees,Bangladesh,2005/06,6,46,84,7,0,0,0,0,2,79,1,54.761904761904766,0.0
Shahriar Nafees,Bangladesh,2006,4,161,220,20,0,0,0,0,1,287,4,73.18181818181819,0.0
Shahriar Nafees,Bangladesh,2006/07,13,366,534,53,2,0,0,0,1,651,7,68.53932584269663,0.0
Shahriar Nafees,Bangladesh,2007,2,39,56,7,0,0,0,0,0,71,0,69.64285714285714,0.0
Shahriar Nafees,Bangladesh,2007/08,6,70,116,9,0,0,0,0,1,115,0,60.3448275862069,0.0
Shahriar Nafees,Bangladesh,2008,2,18,42,2,0,0,0,0,2,38,0,42.857142857142854,0.0
Shahriar Nafees,Bangladesh,2010/11,6,161,200,26,0,0,0,0,0,288,5,80.5,0.0
Shahriar Nafees,Bangladesh,2011,5,144,212,14,0,0,0,0,1,227,0,67.9245283018868,0.0
Shahriar Nafees,Bangladesh,2011/12,4,39,94,5,0,0,0,0,1,60,1,41.48936170212766,0.0
Shahzaib Hasan,Pakistan,2010,2,61,75,7,2,0,0,0,0,113,1,81.33333333333333,0.0
Shahzaib Hasan,Pakistan,2010/11,1,39,43,6,0,0,0,0,0,67,0,90.69767441860465,0.0
Shaiman Anwar,United Arab Emirates,2014,1,22,45,2,1,0,0,0,0,34,1,48.888888888888886,0.0
Shaiman Anwar,United Arab Emirates,2014/15,6,311,351,34,4,0,4,4,1,564,0,88.6039886039886,6.0
Shaiman Anwar,United Arab Emirates,2015/16,1,76,68,12,0,0,0,0,0,150,0,111.76470588235294,0.0
Shaiman Anwar,United Arab Emirates,2016,2,72,89,3,3,0,0,0,2,130,0,80.89887640449437,0.0
Shaiman Anwar,United Arab Emirates,2016/17,4,117,175,13,0,0,0,0,2,199,2,66.85714285714286,0.0
Shaiman Anwar,United Arab Emirates,2017,2,26,35,1,0,0,0,0,0,30,1,74.28571428571429,0.0
Shaiman Anwar,United Arab Emirates,2017/18,7,137,182,12,3,3,120,102,4,355,3,75.27472527472527,7.0588235294117645
Shaiman Anwar,United Arab Emirates,2018,1,3,12,0,0,0,0,0,0,3,1,25.0,0.0
Shaiman Anwar,United Arab Emirates,2018/19,3,98,99,11,2,0,0,0,1,187,1,98.98989898989899,0.0
Shaiman Anwar,United Arab Emirates,2019,3,85,106,7,3,1,10,11,0,171,0,80.18867924528303,5.454545454545455
Shakeel Ahmed,Oman,2024,3,67,94,4,2,4,98,164,0,283,1,71.27659574468085,3.5853658536585367
Shakeel Ahmed,Oman,2024/25,4,2,38,0,0,13,82,238,1,490,4,5.263157894736842,2.0672268907563027
Shakib Al Hasan,Bangladesh,2006,4,88,143,11,0,2,123,209,0,275,4,61.53846153846154,3.531100478468899
Shakib Al Hasan,Bangladesh,2006/07,16,411,686,34,3,12,493,696,1,1207,8,59.91253644314869,4.25
Shakib Al Hasan,Bangladesh,2007,5,72,119,4,0,3,175,193,2,252,0,60.50420168067227,5.440414507772021
Shakib Al Hasan,Bangladesh,2007/08,11,293,419,23,0,8,439,549,1,865,0,69.92840095465394,4.797814207650274
Shakib Al Hasan,Bangladesh,2008,3,53,91,9,0,3,109,160,0,221,0,58.24175824175825,4.0874999999999995
Shakib Al Hasan,Bangladesh,2008/09,4,228,250,23,2,7,109,205,2,689,2,91.2,3.1902439024390246
Shakib Al Hasan,Bangladesh,2009,8,305,277,21,8,8,330,446,2,935,7,110.10830324909749,4.439461883408072
Shakib Al Hasan,Bangladesh,2009/10,15,384,468,36,4,17,536,803,1,1401,4,82.05128205128204,4.004981320049813
Shakib Al Hasan,Bangladesh,2010,7,112,161,11,0,8,330,422,5,557,2,69.56521739130434,4.691943127962086
Shakib Al Hasan,Bangladesh,2010/11,14,511,621,53,1,27,574,739,2,1821,10,82.2866344605475,4.660351826792963
Shakib Al Hasan,Bangladesh,2011,8,285,380,17,2,7,284,372,0,742,2,75.0,4.580645161290323
Shakib Al Hasan,Bangladesh,2011/12,10,374,433,31,4,16,367,582,3,1267,3,86.37413394919169,3.783505154639175
Shakib Al Hasan,Bangladesh,2013,3,53,62,4,0,1,112,126,1,152,1,85.48387096774194,5.333333333333333
Shakib Al Hasan,Bangladesh,2013/14,4,91,81,10,3,4,148,229,0,363,0,112.34567901234568,3.8777292576419216
Shakib Al Hasan,Bangladesh,2014,3,56,66,5,1,6,59,98,0,290,0,84.84848484848484,3.612244897959184
Shakib Al Hasan,Bangladesh,2014/15,10,275,315,26,2,15,387,549,2,1071,7,87.3015873015873,4.229508196721311
Shakib Al Hasan,Bangladesh,2015,9,209,245,20,0,11,317,460,0,776,7,85.3061224489796,4.134782608695652
Shakib Al Hasan,Bangladesh,2015/16,1,16,21,2,0,5,46,61,0,181,1,76.19047619047619,4.524590163934427
Shakib Al Hasan,Bangladesh,2016/17,9,296,322,28,4,9,449,491,2,915,2,91.92546583850931,5.486761710794298
Shakib Al Hasan,Bangladesh,2017,8,207,258,21,1,3,290,327,1,544,3,80.23255813953489,5.321100917431193
Shakib Al Hasan,Bangladesh,2017/18,8,260,341,30,0,10,300,376,1,827,3,76.24633431085044,4.787234042553192
Shakib Al Hasan,Bangladesh,2018,5,207,256,17,0,3,203,271,2,505,3,80.859375,4.4944649446494465
Shakib Al Hasan,Bangladesh,2018/19,3,95,89,10,1,3,104,174,0,302,2,106.74157303370787,3.586206896551724
Shakib Al Hasan,Bangladesh,2019,10,695,727,69,4,8,483,566,5,1608,5,95.59834938101788,5.120141342756184
Shakib Al Hasan,Bangladesh,2020/21,3,113,178,8,0,5,50,133,0,349,3,63.48314606741573,2.255639097744361
Shakib Al Hasan,Bangladesh,2021,6,164,229,14,1,11,244,357,2,698,5,71.61572052401746,4.100840336134453
Shakib Al Hasan,Bangladesh,2021/22,3,95,92,9,3,3,110,175,0,321,2,103.26086956521738,3.7714285714285714
Shakib Al Hasan,Bangladesh,2022/23,8,331,375,32,0,15,307,387,3,1090,4,88.26666666666667,4.75968992248062
Shakib Al Hasan,Bangladesh,2023,6,187,218,23,3,3,202,269,1,533,2,85.77981651376146,4.5055762081784385
Shakib Al Hasan,Bangladesh,2023/24,6,172,210,19,4,6,297,329,2,587,1,81.9047619047619,5.416413373860182
Shamim Hossain,Bangladesh,2023,3,22,38,0,1,0,8,6,1,38,1,57.89473684210527,8.0
Shamsur Rahman,Bangladesh,2013/14,8,254,334,21,9,0,0,0,5,479,3,76.04790419161677,0.0
Shamsur Rahman,Bangladesh,2014,2,12,23,2,0,0,13,6,0,22,0,52.17391304347826,13.0
Shan Masood,Pakistan,2018,1,0,0,0,0,0,0,0,1,8,0,0.0,0.0
Shan Masood,Pakistan,2018/19,5,111,148,12,0,0,0,0,1,180,0,75.0,0.0
Shan Masood,Pakistan,2022/23,1,0,2,0,0,0,0,0,1,5,0,0.0,0.0
Shan Masood,Pakistan,2023,3,52,92,7,0,0,0,0,0,80,2,56.52173913043478,0.0
Shariz Ahmad,Netherlands,2022,2,6,11,0,0,2,68,85,0,92,0,54.54545454545454,4.8
Shariz Ahmad,Netherlands,2022/23,5,56,82,3,0,9,244,244,2,418,1,68.29268292682927,6.0
Shariz Ahmad,Netherlands,2023,3,2,19,0,0,2,91,60,1,74,1,10.526315789473683,9.1
Shariz Ahmad,Netherlands,2023/24,3,26,41,2,0,1,74,78,0,85,1,63.41463414634146,5.6923076923076925
Shariz Ahmad,Netherlands,2024,3,43,87,3,0,3,76,91,4,188,3,49.42528735632184,5.010989010989011
Shariz Ahmad,Netherlands,2024/25,3,26,51,3,0,1,37,37,0,66,1,50.98039215686274,6.0
Sharjeel Khan,Pakistan,2013/14,8,160,192,20,5,0,0,0,2,310,4,83.33333333333334,0.0
Sharjeel Khan,Pakistan,2014,2,9,16,1,0,0,0,0,0,10,0,56.25,0.0
Sharjeel Khan,Pakistan,2016,6,252,162,35,11,0,0,0,1,571,2,155.55555555555557,0.0
Sharjeel Khan,Pakistan,2016/17,8,366,322,46,11,0,0,0,3,722,4,113.66459627329193,0.0
Shayan Jahangir,United States of America,2022/23,4,59,74,6,1,0,0,0,3,131,3,79.72972972972973,0.0
Shayan Jahangir,United States of America,2023,8,279,296,26,6,0,0,0,9,571,2,94.25675675675676,0.0
Shayan Jahangir,United States of America,2024,7,140,174,12,0,0,0,0,3,232,5,80.45977011494253,0.0
Shayan Jahangir,United States of America,2024/25,3,19,39,3,0,0,0,0,0,26,1,48.717948717948715,0.0
Shoaib Akhtar,Pakistan,2002/03,5,72,54,5,4,11,218,288,1,523,2,133.33333333333331,4.541666666666667
Shoaib Akhtar,Pakistan,2003,4,32,44,3,2,4,151,235,1,280,1,72.72727272727273,3.8553191489361702
Shoaib Akhtar,Pakistan,2003/04,10,28,32,1,0,18,373,559,0,720,5,87.5,4.003577817531306
Shoaib Akhtar,Pakistan,2004,7,3,5,0,0,10,194,327,0,412,4,60.0,3.5596330275229358
Shoaib Akhtar,Pakistan,2004/05,4,0,4,0,0,2,98,153,0,111,3,0.0,3.843137254901961
Shoaib Akhtar,Asia XI,2005,2,15,13,0,1,4,49,100,0,186,0,115.38461538461537,2.94
Shoaib Akhtar,ICC World XI,2005/06,1,2,3,0,0,0,57,52,0,23,0,66.66666666666666,6.5769230769230775
Shoaib Akhtar,Pakistan,2005/06,2,3,3,0,0,0,70,103,0,45,1,100.0,4.077669902912621
Shoaib Akhtar,Pakistan,2006,4,12,21,0,1,9,158,226,1,367,2,57.14285714285714,4.1946902654867255
Shoaib Akhtar,Pakistan,2007/08,5,1,3,0,0,11,198,306,0,402,1,33.33333333333333,3.8823529411764706
Shoaib Akhtar,Pakistan,2008/09,2,1,10,0,0,1,84,81,0,53,1,10.0,6.222222222222222
Shoaib Akhtar,Pakistan,2009,4,27,16,4,1,3,144,170,0,193,2,168.75,5.082352941176471
Shoaib Akhtar,Pakistan,2010,8,10,17,1,0,12,317,459,0,501,3,58.82352941176471,4.143790849673203
Shoaib Akhtar,Pakistan,2010/11,11,11,24,0,1,12,484,541,1,520,5,45.83333333333333,5.367837338262476
Shoaib Khan,Oman,2021,2,7,13,1,0,0,0,0,1,22,2,53.84615384615385,0.0
Shoaib Khan,Oman,2021/22,8,344,390,28,8,0,41,48,5,654,3,88.2051282051282,5.125
Shoaib Khan,Oman,2022,6,142,207,14,0,0,0,0,5,266,3,68.59903381642512,0.0
Shoaib Khan,Oman,2023,8,233,285,22,4,0,0,0,2,390,2,81.75438596491227,0.0
Shoaib Khan,Oman,2024,7,117,130,14,2,2,88,98,2,295,2,90.0,5.387755102040817
Shoaib Malik,Pakistan,2002/03,4,89,75,8,1,4,129,195,1,348,4,118.66666666666667,3.9692307692307693
Shoaib Malik,Pakistan,2003,9,160,216,16,1,7,191,366,3,602,5,74.07407407407408,3.1311475409836067
Shoaib Malik,Pakistan,2003/04,13,332,378,22,8,11,512,715,2,1087,7,87.83068783068782,4.2965034965034965
Shoaib Malik,Pakistan,2004,7,99,173,10,0,10,154,282,6,558,4,57.22543352601156,3.276595744680851
Shoaib Malik,Pakistan,2004/05,13,537,691,36,5,9,240,344,4,1193,9,77.71345875542693,4.186046511627906
Shoaib Malik,Pakistan,2005,2,13,28,0,0,2,40,57,0,82,2,46.42857142857143,4.2105263157894735
Shoaib Malik,Pakistan,2005/06,13,500,610,55,4,8,280,352,2,1219,5,81.9672131147541,4.7727272727272725
Shoaib Malik,Pakistan,2006,4,16,41,0,0,0,29,37,3,47,2,39.02439024390244,4.702702702702703
Shoaib Malik,Pakistan,2006/07,15,406,580,31,5,4,224,282,4,848,6,70.0,4.76595744680851
Shoaib Malik,Pakistan,2007/08,20,650,764,46,9,16,551,747,6,1786,14,85.07853403141361,4.42570281124498
Shoaib Malik,Pakistan,2008,7,285,328,31,2,1,108,134,4,618,4,86.89024390243902,4.835820895522389
Shoaib Malik,Pakistan,2008/09,5,160,170,14,2,2,154,202,2,394,3,94.11764705882352,4.574257425742575
Shoaib Malik,Pakistan,2009,8,109,195,7,0,2,156,228,0,284,2,55.8974358974359,4.105263157894737
Shoaib Malik,Pakistan,2009/10,9,283,383,28,2,4,136,191,4,675,2,73.89033942558747,4.272251308900524
Shoaib Malik,Pakistan,2010,2,47,61,3,0,2,40,50,0,129,0,77.04918032786885,4.8
Shoaib Malik,Pakistan,2011,2,16,19,1,0,1,42,36,1,65,2,84.21052631578947,7.0
Shoaib Malik,Pakistan,2011/12,8,49,102,3,0,4,81,182,2,252,6,48.03921568627451,2.6703296703296706
Shoaib Malik,Pakistan,2012,1,0,0,0,0,0,0,0,1,8,0,0.0,0.0
Shoaib Malik,Pakistan,2012/13,8,168,201,16,2,0,32,55,4,310,4,83.5820895522388,3.490909090909091
Shoaib Malik,Pakistan,2013,5,69,116,8,0,1,73,99,1,167,1,59.48275862068966,4.424242424242424
Shoaib Malik,Pakistan,2015,8,339,258,28,12,2,171,201,2,758,5,131.3953488372093,5.104477611940299
Shoaib Malik,Pakistan,2015/16,8,300,339,24,6,8,285,303,4,825,3,88.49557522123894,5.643564356435643
Shoaib Malik,Pakistan,2016,5,180,186,12,5,0,119,103,2,354,2,96.7741935483871,6.932038834951456
Shoaib Malik,Pakistan,2016/17,7,239,275,12,10,2,138,165,5,549,4,86.9090909090909,5.0181818181818185
Shoaib Malik,Pakistan,2017,7,217,228,22,6,0,29,49,2,433,5,95.17543859649122,3.5510204081632657
Shoaib Malik,Pakistan,2017/18,7,210,253,13,7,1,67,90,2,415,3,83.00395256916995,4.466666666666667
Shoaib Malik,Pakistan,2018,8,200,257,10,4,2,126,179,2,433,5,77.82101167315176,4.223463687150838
Shoaib Malik,Pakistan,2018/19,10,255,330,15,2,0,10,6,2,375,2,77.27272727272727,10.0
Shoaib Malik,Pakistan,2019,5,53,52,4,0,2,79,85,2,167,1,101.92307692307692,5.576470588235295
Shoriful Islam,Bangladesh,2021,4,8,7,0,1,6,156,184,0,222,3,114.28571428571428,5.08695652173913
Shoriful Islam,Bangladesh,2021/22,3,2,8,0,0,3,109,118,1,124,2,25.0,5.542372881355932
Shoriful Islam,Bangladesh,2022,4,1,2,0,0,6,170,179,1,226,2,50.0,5.698324022346369
Shoriful Islam,Bangladesh,2023,6,31,43,2,1,9,221,250,0,365,1,72.09302325581395,5.304
Shoriful Islam,Bangladesh,2023/24,13,34,38,3,1,19,610,673,1,774,4,89.47368421052632,5.438335809806834
Shoriful Islam,Bangladesh,2024/25,1,15,8,2,1,0,54,41,0,40,0,187.5,7.902439024390244
Shubman Gill,India,2018/19,2,16,32,2,0,0,0,0,0,22,1,50.0,0.0
Shubman Gill,India,2020/21,2,33,40,3,1,0,0,0,2,71,2,82.5,0.0
Shubman Gill,India,2022,6,450,421,49,6,0,0,0,6,866,6,106.88836104513064,0.0
Shubman Gill,India,2022/23,15,812,765,95,21,0,0,0,9,1619,9,106.14379084967321,0.0
Shubman Gill,India,2023,9,428,498,52,6,0,0,0,6,814,6,85.94377510040161,0.0
Shubman Gill,India,2023/24,11,532,500,54,18,0,11,12,9,1074,10,106.4,5.5
Shubman Gill,India,2024,3,57,95,5,0,0,14,6,2,97,0,60.0,14.0
Shuvagata Hom,Bangladesh,2011,3,70,88,9,0,0,9,12,0,118,2,79.54545454545455,4.5
Shuvagata Hom,Bangladesh,2011/12,1,0,0,0,0,0,0,0,1,8,0,0.0,0.0
Shuvagata Hom,Bangladesh,2016/17,2,0,0,0,0,0,0,0,2,22,1,0.0,0.0
Sikandar Raza,Zimbabwe,2013,8,179,283,17,2,0,0,0,3,311,2,63.25088339222616,0.0
Sikandar Raza,Zimbabwe,2014,6,149,198,24,1,0,17,21,3,305,1,75.25252525252525,4.857142857142857
Sikandar Raza,Zimbabwe,2014/15,9,165,195,20,4,2,209,258,3,462,1,84.61538461538461,4.8604651162790695
Sikandar Raza,Zimbabwe,2015,9,309,293,25,9,4,175,176,5,772,1,105.46075085324232,5.965909090909091
Sikandar Raza,Zimbabwe,2015/16,9,241,305,15,4,4,170,205,3,580,3,79.01639344262294,4.975609756097561
Sikandar Raza,Zimbabwe,2016,2,39,96,3,0,1,27,41,1,93,0,40.625,3.951219512195122
Sikandar Raza,Zimbabwe,2016/17,5,163,212,11,0,0,88,94,1,300,1,76.88679245283019,5.617021276595745
Sikandar Raza,Zimbabwe,2017,7,199,231,20,4,7,296,413,0,678,4,86.14718614718615,4.300242130750606
Sikandar Raza,Zimbabwe,2017/18,9,317,408,24,8,12,347,479,6,1053,3,77.69607843137256,4.346555323590814
Sikandar Raza,Zimbabwe,2018/19,3,96,134,5,3,2,122,161,0,249,0,71.64179104477611,4.546583850931677
Sikandar Raza,Zimbabwe,2019,8,161,167,10,6,4,220,318,2,519,3,96.40718562874252,4.150943396226415
Sikandar Raza,Zimbabwe,2019/20,3,145,141,12,4,0,174,166,2,313,0,102.83687943262412,6.289156626506024
Sikandar Raza,Zimbabwe,2020/21,3,57,53,5,1,2,108,146,1,203,0,107.54716981132076,4.438356164383562
Sikandar Raza,Zimbabwe,2021,5,155,170,14,3,0,110,141,2,324,1,91.17647058823529,4.680851063829787
Sikandar Raza,Zimbabwe,2021/22,3,75,69,6,1,1,55,61,3,188,1,108.69565217391303,5.409836065573771
Sikandar Raza,Zimbabwe,2022,9,425,466,28,14,7,302,384,3,1090,3,91.20171673819742,4.71875
Sikandar Raza,Zimbabwe,2022/23,5,108,116,10,3,6,209,251,0,413,3,93.10344827586206,4.99601593625498
Sikandar Raza,Zimbabwe,2023,7,325,284,28,14,9,248,347,3,984,5,114.43661971830986,4.2881844380403455
Sikandar Raza,Zimbabwe,2023/24,6,65,79,4,1,3,127,198,3,276,0,82.27848101265823,3.8484848484848486
Sikandar Raza,Zimbabwe,2024/25,3,72,99,7,2,4,83,105,0,251,1,72.72727272727273,4.742857142857143
Simandeep Singh,Hong Kong,2017/18,1,0,7,0,0,0,0,0,0,-3,0,0.0,0.0
Simi Singh,Ireland,2017,2,9,23,1,0,0,37,61,2,48,0,39.130434782608695,3.639344262295082
Simi Singh,Ireland,2017/18,4,53,55,2,3,5,64,114,1,264,4,96.36363636363636,3.3684210526315788
Simi Singh,Ireland,2019/20,3,49,81,3,0,6,121,180,1,291,0,60.49382716049383,4.033333333333333
Simi Singh,Ireland,2020,2,25,38,3,0,0,26,35,0,49,0,65.78947368421053,4.457142857142857
Simi Singh,Ireland,2020/21,1,54,59,2,2,5,8,61,0,265,1,91.52542372881356,0.7868852459016394
Simi Singh,Ireland,2021,8,170,217,19,0,9,241,396,0,708,3,78.3410138248848,3.6515151515151514
Simi Singh,Ireland,2022,2,46,44,4,1,2,100,111,0,164,0,104.54545454545455,5.405405405405405
Skhawat Ali,Hong Kong,2008,2,8,26,1,0,0,67,49,0,17,0,30.76923076923077,8.204081632653061
Skhawat Ali,Hong Kong,2014,1,10,34,1,0,0,0,0,0,8,0,29.411764705882355,0.0
Sohag Gazi,Bangladesh,2012/13,7,72,85,11,0,10,239,396,2,589,4,84.70588235294117,3.621212121212121
Sohag Gazi,Bangladesh,2013/14,7,82,82,4,4,8,298,367,1,469,3,100.0,4.871934604904633
Sohag Gazi,Bangladesh,2014,4,28,40,3,0,3,161,176,2,195,0,70.0,5.488636363636364
Sohaib Maqsood,Pakistan,2013/14,13,420,547,31,11,0,18,18,6,720,7,76.78244972577697,6.0
Sohaib Maqsood,Pakistan,2014,3,105,91,10,1,0,0,0,1,185,1,115.38461538461537,0.0
Sohaib Maqsood,Pakistan,2014/15,8,187,225,14,4,1,23,37,2,351,4,83.11111111111111,3.7297297297297294
Sohaib Maqsood,Pakistan,2015/16,1,10,17,1,0,0,0,0,0,14,0,58.82352941176471,0.0
Sohaib Maqsood,Pakistan,2021,3,46,55,3,3,0,0,0,1,84,0,83.63636363636363,0.0
Sohail Khan,Pakistan,2007/08,3,0,0,0,0,4,102,148,0,162,3,0.0,4.135135135135135
Sohail Khan,Pakistan,2008/09,1,4,9,1,0,1,52,60,0,57,0,44.44444444444444,5.2
Sohail Khan,Pakistan,2011,1,0,0,0,0,1,36,54,0,45,1,0.0,4.0
Sohail Khan,Pakistan,2014/15,7,21,43,1,0,12,351,384,2,499,4,48.837209302325576,5.484375
Sohail Khan,Pakistan,2016/17,1,0,0,0,0,1,31,45,1,50,1,0.0,4.133333333333334
Sohail Tanvir,Pakistan,2007/08,16,56,52,4,2,24,539,884,6,1141,12,107.6923076923077,3.658371040723982
Sohail Tanvir,Pakistan,2008,8,79,83,7,0,12,371,441,1,612,5,95.18072289156626,5.0476190476190474
Sohail Tanvir,Pakistan,2008/09,4,27,22,4,0,6,141,202,0,288,3,122.72727272727273,4.188118811881188
Sohail Tanvir,Pakistan,2009,2,20,37,2,0,0,68,79,1,70,0,54.054054054054056,5.1645569620253164
Sohail Tanvir,Pakistan,2010/11,4,50,54,9,0,4,225,219,1,271,2,92.5925925925926,6.164383561643835
Sohail Tanvir,Pakistan,2011,3,17,16,0,1,3,124,178,1,190,3,106.25,4.179775280898876
Sohail Tanvir,Pakistan,2011/12,4,19,26,3,0,4,116,151,0,190,4,73.07692307692307,4.6092715231788075
Sohail Tanvir,Pakistan,2012,6,15,29,1,0,6,245,351,1,323,2,51.724137931034484,4.188034188034188
Sohail Tanvir,Pakistan,2013/14,8,64,101,11,0,6,351,389,2,413,2,63.366336633663366,5.413881748071979
Sohail Tanvir,Pakistan,2014/15,4,52,48,3,3,4,157,194,2,273,1,108.33333333333333,4.855670103092783
Sompal Kami,Nepal,2018,1,27,35,1,1,2,53,64,0,112,0,77.14285714285715,4.96875
Sompal Kami,Nepal,2018/19,3,58,76,6,1,7,100,139,0,356,2,76.31578947368422,4.316546762589928
Sompal Kami,Nepal,2021,5,40,62,3,1,2,152,177,0,178,4,64.51612903225806,5.1525423728813555
Sompal Kami,Nepal,2021/22,6,50,80,3,0,16,278,351,0,592,2,62.5,4.752136752136752
Sompal Kami,Nepal,2022,8,79,135,3,0,12,287,377,2,548,2,58.51851851851851,4.567639257294429
Sompal Kami,Nepal,2022/23,17,93,166,9,1,17,624,761,2,915,12,56.024096385542165,4.919842312746386
Sompal Kami,Nepal,2023,5,139,159,14,2,4,199,203,1,414,2,87.42138364779875,5.881773399014778
Sompal Kami,Nepal,2023/24,5,42,42,3,2,6,157,190,2,323,3,100.0,4.957894736842105
Sompal Kami,Nepal,2024,3,47,84,2,2,2,122,135,2,169,0,55.952380952380956,5.4222222222222225
Sompal Kami,Nepal,2024/25,2,46,27,4,2,4,80,114,0,230,1,170.37037037037038,4.2105263157894735
Soumya Sarkar,Bangladesh,2014/15,6,167,198,24,2,0,18,25,5,357,3,84.34343434343434,4.319999999999999
Soumya Sarkar,Bangladesh,2015,9,497,475,65,12,0,0,0,5,1019,7,104.63157894736842,0.0
Soumya Sarkar,Bangladesh,2016/17,4,49,67,5,1,0,25,24,3,111,1,73.13432835820896,6.25
Soumya Sarkar,Bangladesh,2017,8,187,208,21,3,0,13,12,0,331,3,89.90384615384616,6.5
Soumya Sarkar,Bangladesh,2017/18,1,8,13,1,0,0,0,0,0,12,0,61.53846153846154,0.0
Soumya Sarkar,Bangladesh,2018,2,33,52,1,1,1,19,30,1,89,1,63.46153846153846,3.8
Soumya Sarkar,Bangladesh,2018/19,7,274,250,24,13,0,33,25,4,561,3,109.60000000000001,7.919999999999999
Soumya Sarkar,Bangladesh,2019,13,451,462,53,9,8,193,194,13,1175,5,97.61904761904762,5.969072164948453
Soumya Sarkar,Bangladesh,2020/21,4,40,66,3,1,2,66,77,1,144,1,60.60606060606061,5.142857142857142
Soumya Sarkar,Bangladesh,2023,2,0,2,0,0,0,13,12,1,9,0,0.0,6.5
Soumya Sarkar,Bangladesh,2023/24,6,244,255,33,3,4,119,126,3,657,3,95.68627450980392,5.666666666666667
Soumya Sarkar,Bangladesh,2024/25,3,94,97,9,4,1,30,18,2,213,0,96.90721649484536,10.0
Steven Ryan Taylor,United States of America,2024,1,46,81,5,0,0,23,21,0,77,1,56.79012345679012,6.571428571428571
Subashis Roy,Bangladesh,2016/17,1,1,9,0,0,1,44,61,0,52,0,11.11111111111111,4.327868852459017
Sufiyan Muqeem,Pakistan,2024/25,1,0,1,0,0,4,51,49,0,121,1,0.0,6.244897959183674
Sufyan Mehmood,Oman,2021,1,4,16,0,0,0,7,9,0,7,0,25.0,4.666666666666667
Suhrawadi Shuvo,Bangladesh,2009/10,2,25,24,2,1,1,59,78,0,96,0,104.16666666666667,4.538461538461538
Suhrawadi Shuvo,Bangladesh,2010,2,4,4,0,0,0,84,74,1,34,0,100.0,6.8108108108108105
Suhrawadi Shuvo,Bangladesh,2010/11,9,30,56,3,0,6,263,456,5,437,8,53.57142857142857,3.460526315789474
Suhrawadi Shuvo,Bangladesh,2011,4,39,54,4,0,4,154,147,0,210,0,72.22222222222221,6.285714285714286
Suhrawadi Shuvo,Bangladesh,2011/12,1,0,0,0,0,1,2,18,1,43,1,0.0,0.6666666666666666
Sultan Ahmed,United Arab Emirates,2019,2,18,44,2,0,0,58,72,0,44,0,40.909090909090914,4.833333333333333
Sunzamul Islam,Bangladesh,2017,2,0,0,0,0,2,21,31,1,70,1,0.0,4.064516129032258
Sunzamul Islam,Bangladesh,2017/18,2,19,25,3,0,3,55,122,0,154,2,76.0,2.7049180327868854
Suraj Kumar,Oman,2019,5,87,151,9,0,0,0,0,3,153,3,57.615894039735096,0.0
Suraj Kumar,Oman,2019/20,5,94,101,4,5,0,0,0,6,201,4,93.06930693069307,0.0
Suraj Kumar,Oman,2021,5,120,148,6,5,0,0,0,2,209,3,81.08108108108108,0.0
Suraj Kumar,Oman,2021/22,1,9,19,0,0,0,0,0,2,25,1,47.368421052631575,0.0
Suraj Kumar,Oman,2022,3,19,24,1,1,0,0,0,2,45,3,79.16666666666666,0.0
Suraj Kumar,Oman,2023,2,63,81,5,1,0,0,0,2,117,0,77.77777777777779,0.0
Surya Tamang,Nepal,2023/24,2,10,33,0,0,1,67,93,0,67,2,30.303030303030305,4.32258064516129
Syed Rasel,Bangladesh,2005,1,15,16,2,0,2,37,65,1,110,0,93.75,3.4153846153846152
Syed Rasel,Bangladesh,2005/06,4,9,14,1,0,5,130,199,1,239,1,64.28571428571429,3.919597989949749
Syed Rasel,Bangladesh,2006,4,0,0,0,0,7,115,231,0,312,4,0.0,2.987012987012987
Syed Rasel,Bangladesh,2006/07,11,20,54,2,0,11,354,534,1,550,5,37.03703703703704,3.9775280898876404
Syed Rasel,Bangladesh,2007,5,10,34,0,0,9,206,287,0,368,0,29.411764705882355,4.306620209059234
Syed Rasel,Bangladesh,2007/08,3,0,10,0,0,0,96,127,0,42,0,0.0,4.535433070866142
Syed Rasel,Bangladesh,2008/09,1,7,14,1,0,1,53,63,0,57,0,50.0,5.0476190476190474
Syed Rasel,Bangladesh,2009,7,8,9,0,0,9,327,370,0,374,6,88.88888888888889,5.302702702702703
Syed Rasel,Bangladesh,2009/10,3,7,11,1,0,1,128,139,0,82,0,63.63636363636363,5.525179856115107
Syed Rasel,Bangladesh,2010,2,0,6,0,0,0,80,80,0,20,0,0.0,6.0
T Banton,England,2019/20,2,50,55,7,1,0,0,0,0,90,1,90.9090909090909,0.0
T Banton,England,2020,3,84,90,10,1,0,0,0,2,158,2,93.33333333333333,0.0
T Bavuma,South Africa,2016/17,1,113,127,13,1,0,0,0,1,219,1,88.9763779527559,0.0
T Bavuma,South Africa,2017/18,1,48,48,5,0,0,0,0,0,74,1,100.0,0.0
T Bavuma,South Africa,2019/20,4,174,197,12,3,0,0,0,3,296,2,88.3248730964467,0.0
T Bavuma,South Africa,2021,6,164,208,12,0,0,0,0,4,270,2,78.84615384615384,0.0
T Bavuma,South Africa,2021/22,6,223,317,17,1,0,22,37,9,439,4,70.34700315457413,3.5675675675675675
T Bavuma,South Africa,2022/23,7,428,390,45,11,0,0,0,5,858,5,109.74358974358975,0.0
T Bavuma,South Africa,2023/24,11,339,421,39,7,0,0,0,4,631,6,80.52256532066508,0.0
T Bavuma,South Africa,2024/25,4,59,66,8,1,0,0,0,1,109,2,89.39393939393939,0.0
T Duffin,Zimbabwe,2006,6,121,311,15,0,0,0,0,1,189,0,38.90675241157556,0.0
T Duffin,Zimbabwe,2006/07,3,103,181,9,0,0,0,0,0,157,0,56.9060773480663,0.0
T Gwandu,Zimbabwe,2024/25,2,4,8,0,0,0,38,24,0,12,1,50.0,9.5
T Kaitano,Zimbabwe,2021/22,3,87,104,11,1,0,0,0,0,145,1,83.65384615384616,0.0
T Kaitano,Zimbabwe,2022,5,39,89,5,1,0,0,0,2,69,2,43.82022471910113,0.0
T Kaitano,Zimbabwe,2023/24,3,31,71,2,0,0,0,0,0,37,0,43.66197183098591,0.0
T Kamungozi,Zimbabwe,2006/07,4,0,13,0,0,3,162,181,2,142,0,0.0,5.370165745856354
T Kamungozi,Zimbabwe,2014,1,1,4,0,0,0,32,18,0,7,0,25.0,10.666666666666666
T Kamungozi,Zimbabwe,2014/15,8,24,39,5,0,7,296,381,2,368,1,61.53846153846154,4.661417322834645
T Lungameni,Namibia,2021/22,4,12,17,0,0,4,115,152,1,188,2,70.58823529411765,4.5394736842105265
T Lungameni,Namibia,2022,3,0,0,0,0,4,75,110,0,150,3,0.0,4.090909090909091
T Lungameni,Namibia,2022/23,14,20,43,2,0,27,483,724,2,1057,6,46.51162790697674,4.002762430939226
T Lungameni,Namibia,2023/24,2,0,5,0,0,0,40,48,1,21,1,0.0,5.0
T Lungameni,Namibia,2024,7,12,25,0,0,9,313,405,2,417,1,48.0,4.637037037037037
T Maruma,Zimbabwe,2007,2,7,7,0,1,0,74,77,0,44,0,100.0,5.766233766233766
T Maruma,Zimbabwe,2008/09,2,2,7,0,0,2,49,60,0,73,1,28.57142857142857,4.9
T Maruma,Zimbabwe,2009/10,3,12,51,1,0,2,50,62,1,92,0,23.52941176470588,4.838709677419355
T Maruma,Zimbabwe,2013,3,30,61,1,1,0,0,0,2,50,1,49.18032786885246,0.0
T Maruma,Zimbabwe,2014/15,3,15,46,2,0,0,26,18,3,53,0,32.608695652173914,8.666666666666666
T Maruma,Zimbabwe,2016,1,17,29,1,0,0,0,0,0,21,0,58.620689655172406,0.0
T Maruma,Zimbabwe,2019,3,39,24,3,2,0,0,0,4,109,3,162.5,0.0
T Marumani,Zimbabwe,2021,3,21,44,2,1,0,0,0,1,38,0,47.72727272727273,0.0
T Marumani,Zimbabwe,2022,6,118,207,12,0,0,0,0,0,174,2,57.00483091787439,0.0
T Marumani,Zimbabwe,2022/23,1,0,1,0,0,0,0,0,0,-3,0,0.0,0.0
T Marumani,Zimbabwe,2023,1,18,7,2,1,0,0,0,0,32,1,257.14285714285717,0.0
T Marumani,Zimbabwe,2024/25,3,57,79,7,1,0,0,0,3,123,1,72.15189873417721,0.0
T Mishra,Kenya,2006,3,64,100,7,1,0,0,0,1,110,0,64.0,0.0
T Mishra,Kenya,2006/07,4,102,135,6,2,0,0,0,1,159,1,75.55555555555556,0.0
T Mishra,Kenya,2010/11,5,133,202,13,1,0,0,0,1,220,0,65.84158415841584,0.0
T Mishra,Kenya,2011/12,2,72,88,6,0,0,0,0,0,108,1,81.81818181818183,0.0
T Mishra,Kenya,2012/13,1,24,39,1,0,0,0,0,1,36,1,61.53846153846154,0.0
T Mufudza,Zimbabwe,2023/24,2,1,9,0,0,0,74,103,0,43,0,11.11111111111111,4.310679611650485
T Munyonga,Zimbabwe,2022,6,92,137,8,2,0,10,6,1,152,2,67.15328467153284,10.0
T Mupariwa,Zimbabwe,2004,4,15,34,0,1,6,197,224,2,262,0,44.11764705882353,5.2767857142857135
T Mupariwa,Zimbabwe,2004/05,2,1,1,0,0,2,23,44,1,77,0,100.0,3.1363636363636367
T Mupariwa,Zimbabwe,2006,4,27,54,3,0,8,155,218,1,345,0,50.0,4.26605504587156
T Mupariwa,Zimbabwe,2006/07,5,22,79,2,0,3,232,269,0,202,0,27.848101265822784,5.174721189591078
T Mupariwa,Zimbabwe,2007,1,0,0,0,0,1,51,48,1,49,0,0.0,6.375
T Mupariwa,Zimbabwe,2007/08,1,0,0,0,0,4,45,61,0,126,0,0.0,4.426229508196721
T Mupariwa,Zimbabwe,2008/09,5,2,19,0,0,6,116,200,1,240,1,10.526315789473683,3.4799999999999995
T Mupariwa,Zimbabwe,2009,2,0,1,0,0,3,94,100,0,106,1,0.0,5.64
T Mupariwa,Zimbabwe,2014/15,3,19,11,2,1,1,147,174,0,122,0,172.72727272727272,5.068965517241379
T Mupariwa,Zimbabwe,2015,1,0,0,0,0,1,48,42,0,39,0,0.0,6.857142857142857
T Mupariwa,Zimbabwe,2016,1,1,9,0,0,0,42,37,0,13,0,11.11111111111111,6.8108108108108105
T Muzarabani,Zimbabwe,2015/16,4,4,21,0,0,6,155,202,0,228,0,19.047619047619047,4.6039603960396045
T Muzarabani,Zimbabwe,2016,2,6,11,1,0,0,31,54,0,36,0,54.54545454545454,3.4444444444444446
T Natarajan,India,2020/21,2,0,0,0,0,3,131,132,0,122,2,0.0,5.954545454545454
T Panyangara,Zimbabwe,2004,6,24,64,0,0,7,231,302,2,336,0,37.5,4.589403973509934
T Panyangara,Zimbabwe,2004/05,10,35,79,2,1,12,389,520,1,573,1,44.303797468354425,4.4884615384615385
T Panyangara,Zimbabwe,2010/11,2,4,13,1,0,0,90,72,2,40,0,30.76923076923077,7.5
T Panyangara,Zimbabwe,2013,4,4,15,0,0,1,215,245,0,134,1,26.666666666666668,5.26530612244898
T Panyangara,Zimbabwe,2014,2,1,21,0,0,1,104,81,0,49,0,4.761904761904762,7.703703703703703
T Panyangara,Zimbabwe,2014/15,10,44,98,4,0,14,583,603,3,645,1,44.89795918367347,5.800995024875622
T Panyangara,Zimbabwe,2015,7,44,51,5,1,3,342,372,1,291,1,86.27450980392157,5.516129032258065
T Panyangara,Zimbabwe,2015/16,8,24,38,4,0,11,311,434,0,487,3,63.1578947368421,4.299539170506913
T Panyangara,Zimbabwe,2016/17,1,12,10,1,1,1,36,46,0,62,0,120.0,4.695652173913043
T Sangha,Australia,2023/24,2,0,3,0,0,2,125,108,0,81,1,0.0,6.944444444444445
T Shamsi,South Africa,2016,2,0,0,0,0,3,70,105,1,126,2,0.0,4.0
T Shamsi,South Africa,2016/17,3,0,0,0,0,4,134,163,0,166,3,0.0,4.932515337423313
T Shamsi,South Africa,2017/18,2,0,2,0,0,0,66,78,0,24,0,0.0,5.076923076923077
T Shamsi,South Africa,2018,3,0,0,0,0,5,136,173,1,198,3,0.0,4.716763005780347
T Shamsi,South Africa,2018/19,5,0,0,0,0,5,256,267,2,238,5,0.0,5.752808988764045
T Shamsi,South Africa,2019,2,0,0,0,0,0,114,110,0,36,1,0.0,6.218181818181819
T Shamsi,South Africa,2019/20,4,0,0,0,0,6,191,244,0,236,3,0.0,4.69672131147541
T Shamsi,South Africa,2021,8,9,19,0,0,14,355,448,1,542,3,47.368421052631575,4.754464285714286
T Shamsi,South Africa,2021/22,4,3,5,0,0,5,168,224,0,214,3,60.0,4.5
T Shamsi,South Africa,2022,2,5,5,1,0,4,90,92,0,139,1,100.0,5.869565217391304
T Shamsi,South Africa,2022/23,6,1,12,0,0,6,310,289,0,249,4,8.333333333333332,6.43598615916955
T Shamsi,South Africa,2023/24,7,20,26,3,0,14,306,365,0,512,3,76.92307692307693,5.03013698630137
T Shamsi,South Africa,2024/25,2,1,2,0,0,1,106,110,1,70,0,50.0,5.781818181818182
T Stubbs,South Africa,2022/23,1,6,10,0,0,0,0,0,0,6,0,60.0,0.0
T Stubbs,South Africa,2024/25,4,212,222,11,7,0,15,12,2,390,2,95.4954954954955,7.5
T Suri,United Arab Emirates,2023/24,2,27,32,4,0,0,0,0,2,60,0,84.375,0.0
T Suri,United Arab Emirates,2024/25,2,51,74,8,0,0,0,0,0,91,1,68.91891891891892,0.0
T Taibu,Zimbabwe,2002/03,12,223,377,12,2,0,0,0,13,435,4,59.15119363395226,0.0
T Taibu,Zimbabwe,2003,4,27,57,3,0,0,0,0,3,60,1,47.368421052631575,0.0
T Taibu,Zimbabwe,2003/04,9,221,369,15,1,0,0,0,15,438,3,59.891598915989164,0.0
T Taibu,Zimbabwe,2004,7,249,412,17,3,0,18,25,5,433,0,60.43689320388349,4.319999999999999
T Taibu,Zimbabwe,2004/05,11,248,386,14,6,0,0,0,14,518,1,64.24870466321244,0.0
T Taibu,Africa XI,2005,1,10,32,1,0,0,0,0,0,10,0,31.25,0.0
T Taibu,Zimbabwe,2005,3,91,151,6,2,0,0,0,3,161,0,60.264900662251655,0.0
T Taibu,Zimbabwe,2007,3,172,175,17,4,0,0,0,6,376,0,98.28571428571429,0.0
T Taibu,Zimbabwe,2007/08,8,177,295,10,1,0,0,0,4,308,1,60.0,0.0
T Taibu,Zimbabwe,2008/09,7,196,297,14,0,0,0,0,6,376,2,65.993265993266,0.0
T Taibu,Zimbabwe,2009/10,9,295,390,21,4,0,0,0,5,609,2,75.64102564102564,0.0
T Taibu,Zimbabwe,2010,3,126,167,5,1,0,0,0,2,226,2,75.44910179640718,0.0
T Taibu,Zimbabwe,2010/11,13,410,593,34,2,0,0,0,4,758,3,69.13996627318718,0.0
T Taibu,Zimbabwe,2011,8,237,314,19,4,0,0,0,6,474,3,75.47770700636943,0.0
T Taibu,Zimbabwe,2011/12,6,155,222,8,2,0,0,0,1,249,1,69.81981981981981,0.0
T Thushara,Sri Lanka,2007/08,1,0,2,0,0,1,11,33,0,43,0,0.0,2.0
T Thushara,Sri Lanka,2008,10,244,244,23,4,13,359,448,1,917,6,100.0,4.808035714285714
T Thushara,Sri Lanka,2008/09,10,38,44,1,1,11,295,398,1,486,6,86.36363636363636,4.447236180904523
T Thushara,Sri Lanka,2009,7,29,30,4,0,13,270,370,1,531,5,96.66666666666667,4.378378378378379
T Thushara,Sri Lanka,2009/10,5,39,58,3,1,4,221,243,0,252,3,67.24137931034483,5.45679012345679
T Thushara,Sri Lanka,2010,2,7,8,0,1,4,92,124,0,167,1,87.5,4.451612903225806
T de Zorzi,South Africa,2022/23,2,48,50,7,0,0,0,0,0,82,1,96.0,0.0
T de Zorzi,South Africa,2023/24,3,228,240,17,11,0,0,0,0,432,1,95.0,0.0
T de Zorzi,South Africa,2024/25,4,105,109,12,3,0,0,0,0,187,1,96.3302752293578,0.0
T van der Gugten,Netherlands,2013,2,2,2,0,0,6,25,75,0,210,1,100.0,2.0
T van der Gugten,Netherlands,2021,3,50,64,1,4,3,68,158,0,243,2,78.125,2.5822784810126582
T van der Gugten,Netherlands,2021/22,1,0,0,0,0,1,40,42,0,39,0,0.0,5.714285714285714
T van der Gugten,Netherlands,2024/25,4,58,87,4,0,1,77,151,1,173,1,66.66666666666666,3.059602649006622
TA Blundell,New Zealand,2019/20,2,31,37,4,0,0,0,0,1,55,2,83.78378378378379,0.0
TA Blundell,New Zealand,2022/23,1,4,3,1,0,0,0,0,0,8,1,133.33333333333331,0.0
TA Blundell,New Zealand,2023,6,202,230,22,1,0,0,0,7,402,3,87.82608695652175,0.0
TA Blundell,New Zealand,2023/24,3,29,39,1,1,0,0,0,5,81,2,74.35897435897436,0.0
TA Boult,New Zealand,2012,3,7,12,0,0,3,113,167,1,162,1,58.333333333333336,4.059880239520958
TA Boult,New Zealand,2012/13,5,1,2,0,0,3,152,205,0,159,0,50.0,4.4487804878048784
TA Boult,New Zealand,2014/15,16,44,58,4,3,31,647,930,0,1302,12,75.86206896551724,4.174193548387096
TA Boult,New Zealand,2015,2,0,0,0,0,6,106,122,3,222,1,0.0,5.213114754098361
TA Boult,New Zealand,2015/16,5,6,3,1,0,13,235,268,0,442,4,200.0,5.2611940298507465
TA Boult,New Zealand,2016/17,16,44,74,5,1,28,770,943,4,1191,8,59.45945945945946,4.899257688229056
TA Boult,New Zealand,2017,3,0,2,0,0,3,128,148,2,139,0,0.0,5.189189189189189
TA Boult,New Zealand,2017/18,15,19,16,2,0,31,687,819,2,1186,10,118.75,5.032967032967033
TA Boult,New Zealand,2018/19,13,23,28,1,2,25,598,776,6,1054,7,82.14285714285714,4.623711340206185
TA Boult,New Zealand,2019,9,10,19,1,0,17,447,553,7,709,5,52.63157894736842,4.849909584086799
TA Boult,New Zealand,2019/20,1,5,4,1,0,0,37,60,1,39,0,125.0,3.7
TA Boult,New Zealand,2020/21,3,0,0,0,0,5,101,181,3,233,3,0.0,3.348066298342541
TA Boult,New Zealand,2022,6,32,32,4,0,18,208,351,3,702,2,100.0,3.5555555555555554
TA Boult,New Zealand,2023,5,4,9,0,0,10,153,186,5,381,2,44.44444444444444,4.935483870967742
TA Boult,New Zealand,2023/24,9,21,25,1,1,12,468,521,4,556,4,84.0,5.389635316698657
TAM Siriwardana,Sri Lanka,2015,5,121,91,11,5,3,77,93,2,345,2,132.96703296703296,4.967741935483871
TAM Siriwardana,Sri Lanka,2015/16,8,141,144,12,3,5,163,176,2,434,4,97.91666666666666,5.556818181818182
TAM Siriwardana,Sri Lanka,2016,1,19,26,0,0,0,34,36,0,31,0,73.07692307692307,5.666666666666667
TAM Siriwardana,Sri Lanka,2016/17,3,64,72,5,1,0,23,30,0,108,1,88.88888888888889,4.6
TAM Siriwardana,Sri Lanka,2017,4,144,146,10,4,1,144,170,0,311,0,98.63013698630137,5.082352941176471
TAM Siriwardana,Sri Lanka,2017/18,5,24,55,1,0,0,81,91,1,61,0,43.63636363636363,5.340659340659341
TAM Siriwardana,Sri Lanka,2019,1,3,5,0,0,0,17,12,1,15,0,60.0,8.5
TB Robinson,New Zealand,2024/25,3,48,49,7,0,0,0,0,0,80,0,97.95918367346938,0.0
TB Sole,Scotland,2017/18,4,24,20,5,0,5,122,206,2,291,1,120.0,3.553398058252427
TB Sole,Scotland,2019,4,14,17,2,0,3,149,206,3,201,2,82.35294117647058,4.339805825242718
TBM de Leede,Netherlands,2002/03,5,74,146,6,1,9,213,239,2,444,1,50.68493150684932,5.347280334728033
TBM de Leede,Netherlands,2006/07,6,39,64,4,0,7,175,245,0,322,3,60.9375,4.285714285714286
TC Bastiampillai,Canada,2007/08,2,69,101,10,1,0,12,6,1,129,0,68.31683168316832,12.0
TC Bastiampillai,Canada,2008,1,8,17,1,0,0,0,0,0,12,0,47.05882352941176,0.0
TC Bastiampillai,Canada,2013/14,2,12,45,0,1,0,0,0,0,14,0,26.666666666666668,0.0
TCB Fernando,Sri Lanka,2002/03,6,18,39,0,0,1,162,220,0,135,2,46.15384615384615,4.418181818181819
TD Astle,New Zealand,2017/18,7,69,64,4,2,6,148,170,3,341,6,107.8125,5.223529411764706
TD Astle,New Zealand,2018/19,3,10,16,1,0,3,95,103,0,121,2,62.5,5.533980582524271
TD Paine,Australia,2009,7,237,338,29,1,0,0,0,8,544,6,70.11834319526628,0.0
TD Paine,Australia,2009/10,9,221,320,29,2,0,0,0,13,517,6,69.0625,0.0
TD Paine,Australia,2010,6,229,362,25,2,0,0,0,11,477,3,63.25966850828729,0.0
TD Paine,Australia,2010/11,2,14,32,1,0,0,0,0,1,22,1,43.75,0.0
TD Paine,Australia,2011,1,7,8,0,0,0,0,0,1,15,1,87.5,0.0
TD Paine,Australia,2017/18,4,117,141,8,1,0,0,0,6,223,1,82.97872340425532,0.0
TD Paine,Australia,2018,5,36,49,2,0,0,0,0,10,128,0,73.46938775510205,0.0
TE Kane,Ireland,2019,1,0,0,0,0,0,0,0,1,8,1,0.0,0.0
TE Kane,Ireland,2022/23,1,0,0,0,0,0,0,0,1,8,0,0.0,0.0
TE Tucker,Bermuda,2008,1,0,0,0,0,0,20,18,1,14,1,0.0,6.666666666666667
TF van Woerkom,Ireland,2023,1,0,0,0,0,1,47,24,1,41,0,0.0,11.75
TF van Woerkom,Ireland,2023/24,1,0,0,0,0,0,28,24,0,8,1,0.0,7.0
TG Gordon,Canada,2010/11,4,23,58,2,0,0,0,4,1,40,1,39.6551724137931,0.0
TG Southee,New Zealand,2008,5,12,17,0,1,13,224,278,1,461,3,70.58823529411765,4.83453237410072
TG Southee,New Zealand,2008/09,8,59,43,4,3,7,419,444,0,427,3,137.2093023255814,5.662162162162162
TG Southee,New Zealand,2009/10,10,13,31,0,0,13,443,531,5,578,6,41.935483870967744,5.005649717514125
TG Southee,New Zealand,2010,2,23,35,1,1,5,84,101,0,203,0,65.71428571428571,4.99009900990099
TG Southee,New Zealand,2010/11,18,30,48,1,1,25,643,849,2,1051,7,62.5,4.544169611307421
TG Southee,New Zealand,2011/12,5,35,34,3,2,2,193,223,1,200,3,102.94117647058823,5.192825112107624
TG Southee,New Zealand,2012,5,35,38,1,1,10,189,264,2,439,1,92.10526315789474,4.295454545454546
TG Southee,New Zealand,2012/13,6,14,15,1,0,9,209,264,1,361,0,93.33333333333333,4.75
TG Southee,New Zealand,2013,4,28,38,4,0,3,147,186,0,204,2,73.68421052631578,4.741935483870968
TG Southee,New Zealand,2013/14,8,39,38,2,3,11,375,456,7,598,4,102.63157894736842,4.934210526315789
TG Southee,New Zealand,2014/15,14,29,27,2,2,26,687,770,3,1051,10,107.40740740740742,5.3532467532467525
TG Southee,New Zealand,2015,4,24,19,3,0,4,202,196,1,211,2,126.3157894736842,6.183673469387756
TG Southee,New Zealand,2015/16,1,18,4,1,2,0,41,39,0,47,0,450.0,6.3076923076923075
TG Southee,New Zealand,2016/17,17,138,135,14,6,20,864,996,2,1131,9,102.22222222222221,5.204819277108434
TG Southee,New Zealand,2017,3,12,11,2,0,5,98,135,1,205,0,109.09090909090908,4.355555555555555
TG Southee,New Zealand,2017/18,14,92,78,10,1,16,669,745,9,915,9,117.94871794871796,5.387919463087248
TG Southee,New Zealand,2018/19,6,43,56,1,2,9,274,314,1,437,4,76.78571428571429,5.235668789808917
TG Southee,New Zealand,2019,2,7,17,0,0,1,70,54,1,56,0,41.17647058823529,7.777777777777778
TG Southee,New Zealand,2019/20,3,3,10,0,0,4,180,179,0,168,3,30.0,6.033519553072626
TG Southee,New Zealand,2022,5,26,35,2,0,9,197,289,1,390,2,74.28571428571429,4.0899653979238755
TG Southee,New Zealand,2022/23,6,15,17,1,0,11,263,276,3,415,3,88.23529411764706,5.717391304347826
TG Southee,New Zealand,2023,3,4,3,1,0,4,163,128,1,152,1,133.33333333333331,7.640625
TG Southee,New Zealand,2023/24,4,16,21,2,0,7,254,200,0,257,1,76.19047619047619,7.619999999999999
TH David,Australia,2023/24,4,45,56,3,3,1,20,12,0,112,1,80.35714285714286,10.0
TJ Bishop,West Indies,2023/24,1,0,6,0,0,0,0,0,0,-3,0,0.0,0.0
TJ Friend,Zimbabwe,2002/03,3,30,32,5,0,0,12,13,1,70,0,93.75,5.538461538461539
TJ Friend,Zimbabwe,2003,5,95,121,8,2,1,49,44,2,224,1,78.51239669421489,6.681818181818182
TJ Friend,Zimbabwe,2003/04,1,7,22,1,0,0,0,0,0,7,0,31.818181818181817,0.0
TJ Heggelman,Netherlands,2010,1,1,9,0,0,0,0,0,0,1,0,11.11111111111111,0.0
TJ Heggelman,Netherlands,2011,1,22,62,0,0,2,34,42,0,82,0,35.483870967741936,4.857142857142857
TJ Murtagh,Ireland,2013,5,33,35,3,1,7,201,273,1,350,2,94.28571428571428,4.417582417582418
TJ Murtagh,Ireland,2013/14,1,2,3,0,0,0,36,37,0,18,0,66.66666666666666,5.837837837837838
TJ Murtagh,Ireland,2014,1,10,13,2,0,2,21,60,0,98,0,76.92307692307693,2.1
TJ Murtagh,Ireland,2015,1,2,2,0,0,2,45,60,1,86,0,100.0,4.5
TJ Murtagh,Ireland,2015/16,3,19,13,2,0,6,127,172,1,253,1,146.15384615384613,4.430232558139535
TJ Murtagh,Ireland,2016,2,0,6,0,0,4,104,120,1,148,0,0.0,5.2
TJ Murtagh,Ireland,2016/17,2,28,35,4,0,1,76,97,0,105,0,80.0,4.701030927835051
TJ Murtagh,Ireland,2017,5,20,33,2,0,3,191,232,1,203,0,60.60606060606061,4.939655172413794
TJ Murtagh,Ireland,2017/18,5,5,11,0,0,10,179,268,2,405,3,45.45454545454545,4.007462686567164
TJ Murtagh,Ireland,2019,6,24,39,1,0,10,261,356,0,439,3,61.53846153846154,4.3988764044943816
TJG Pringle,Netherlands,2022,4,6,14,0,0,1,219,200,0,88,0,42.857142857142854,6.569999999999999
TK Canning,New Zealand,2003/04,2,13,25,0,0,2,64,84,0,102,0,52.0,4.571428571428571
TK Curran,England,2017,1,0,0,0,0,1,60,62,0,49,1,0.0,5.806451612903225
TK Curran,England,2017/18,7,70,55,6,2,11,306,319,4,542,4,127.27272727272727,5.755485893416928
TK Curran,England,2018/19,5,1,11,0,0,6,202,189,0,207,2,9.090909090909092,6.412698412698413
TK Curran,England,2019,4,107,105,12,2,9,218,211,0,487,4,101.9047619047619,6.199052132701422
TK Curran,England,2019/20,3,20,27,1,0,0,85,112,0,67,1,74.07407407407408,4.553571428571428
TK Curran,England,2020,4,94,118,9,1,1,168,202,1,259,2,79.66101694915254,4.99009900990099
TK Curran,England,2020/21,2,11,16,1,0,2,143,123,0,103,1,68.75,6.975609756097561
TK Curran,England,2021,2,0,0,0,0,4,76,122,0,148,1,0.0,3.737704918032787
TK Musakanda,Zimbabwe,2016/17,1,36,39,3,1,0,0,0,0,58,0,92.3076923076923,0.0
TK Musakanda,Zimbabwe,2017,3,115,133,13,1,0,0,0,1,197,2,86.46616541353383,0.0
TK Musakanda,Zimbabwe,2018,4,55,63,6,1,0,0,0,3,108,0,87.3015873015873,0.0
TK Musakanda,Zimbabwe,2022,1,4,5,1,0,0,0,0,1,16,1,80.0,0.0
TK Patel,United States of America,2019,4,54,102,7,0,5,82,134,1,294,3,52.94117647058824,3.6716417910447765
TK Patel,United States of America,2019/20,2,17,47,0,0,0,36,42,0,33,0,36.17021276595745,5.142857142857143
TL Best,West Indies,2004,5,3,5,0,0,10,138,228,2,379,4,60.0,3.6315789473684212
TL Best,West Indies,2005,3,37,34,4,0,2,98,159,0,181,1,108.8235294117647,3.69811320754717
TL Best,West Indies,2009/10,1,8,19,1,0,0,44,45,0,27,0,42.10526315789473,5.866666666666666
TL Best,West Indies,2012,3,15,28,1,0,6,130,173,0,240,2,53.57142857142857,4.508670520231214
TL Best,West Indies,2012/13,4,1,6,0,0,7,168,249,0,280,2,16.666666666666664,4.048192771084337
TL Best,West Indies,2013,5,8,22,1,0,7,200,266,0,289,1,36.36363636363637,4.511278195488722
TL Best,West Indies,2013/14,1,0,0,0,0,1,69,55,0,41,0,0.0,7.527272727272727
TL Chatara,Zimbabwe,2013,10,27,59,3,1,14,382,572,1,652,3,45.76271186440678,4.0069930069930075
TL Chatara,Zimbabwe,2014,4,22,38,3,0,5,185,198,1,234,1,57.89473684210527,5.606060606060606
TL Chatara,Zimbabwe,2014/15,10,50,76,4,1,16,487,637,0,726,1,65.78947368421053,4.58712715855573
TL Chatara,Zimbabwe,2016,2,6,16,0,0,1,58,92,0,73,0,37.5,3.782608695652174
TL Chatara,Zimbabwe,2017,7,7,16,0,0,7,292,304,0,288,4,43.75,5.7631578947368425
TL Chatara,Zimbabwe,2017/18,7,15,34,2,0,10,209,282,0,390,2,44.11764705882353,4.446808510638298
TL Chatara,Zimbabwe,2018,3,6,26,0,0,3,158,160,1,133,0,23.076923076923077,5.925
TL Chatara,Zimbabwe,2018/19,5,5,18,0,0,9,203,251,0,332,0,27.77777777777778,4.852589641434263
TL Chatara,Zimbabwe,2019,8,6,9,1,0,10,250,409,0,432,3,66.66666666666666,3.667481662591687
TL Chatara,Zimbabwe,2021,3,7,26,0,0,1,147,155,1,99,0,26.923076923076923,5.690322580645161
TL Chatara,Zimbabwe,2021/22,3,9,18,1,0,4,140,159,0,169,1,50.0,5.283018867924528
TL Chatara,Zimbabwe,2022/23,3,6,10,0,0,4,134,141,0,162,2,60.0,5.702127659574468
TL Chatara,Zimbabwe,2023,5,10,23,1,0,9,266,235,0,312,4,43.47826086956522,6.791489361702128
TL Chivanga,Zimbabwe,2022,2,4,4,1,0,2,78,101,1,107,1,100.0,4.633663366336634
TL Chivanga,Zimbabwe,2023/24,2,14,17,2,0,1,93,88,0,75,0,82.35294117647058,6.340909090909091
TL Seifert,New Zealand,2018/19,3,33,28,2,1,0,0,0,7,119,3,117.85714285714286,0.0
TLW Cooper,Netherlands,2010,1,25,38,5,0,0,5,10,0,52,0,65.78947368421053,3.0
TLW Cooper,Netherlands,2010/11,6,174,259,18,0,4,152,165,2,454,0,67.18146718146718,5.527272727272727
TLW Cooper,Netherlands,2011,1,26,36,3,0,0,17,12,2,62,0,72.22222222222221,8.5
TLW Cooper,Netherlands,2013,1,8,14,1,0,0,22,31,1,32,0,57.14285714285714,4.258064516129032
TLW Cooper,Netherlands,2022,6,266,335,24,4,1,65,85,3,515,0,79.40298507462687,4.588235294117648
TLW Cooper,Netherlands,2022/23,3,77,94,9,0,0,12,12,2,145,1,81.91489361702128,6.0
TM Dilshan,Sri Lanka,2003,3,34,71,0,0,1,20,36,2,92,1,47.88732394366197,3.3333333333333335
TM Dilshan,Sri Lanka,2003/04,4,38,56,2,0,0,58,68,3,92,2,67.85714285714286,5.117647058823529
TM Dilshan,Sri Lanka,2004,9,159,201,11,0,1,159,196,7,360,7,79.1044776119403,4.86734693877551
TM Dilshan,Sri Lanka,2004/05,3,69,74,9,0,0,24,36,1,139,2,93.24324324324324,4.0
TM Dilshan,Sri Lanka,2005,3,5,15,0,0,1,58,87,0,71,2,33.33333333333333,4.0
TM Dilshan,Sri Lanka,2005/06,25,655,767,56,5,8,470,591,9,1530,7,85.39765319426337,4.771573604060913
TM Dilshan,Sri Lanka,2006,5,29,37,2,0,3,93,115,2,180,5,78.37837837837837,4.852173913043478
TM Dilshan,Sri Lanka,2006/07,20,432,544,37,2,5,271,363,8,992,12,79.41176470588235,4.479338842975206
TM Dilshan,Sri Lanka,2007,3,83,109,6,0,0,27,42,0,141,3,76.14678899082568,3.857142857142857
TM Dilshan,Sri Lanka,2007/08,14,240,268,14,2,3,131,162,4,514,3,89.55223880597015,4.851851851851852
TM Dilshan,Sri Lanka,2008,9,178,238,15,0,1,23,55,4,349,5,74.78991596638656,2.5090909090909093
TM Dilshan,Sri Lanka,2008/09,8,429,469,48,1,1,69,74,2,815,3,91.47121535181236,5.594594594594595
TM Dilshan,Sri Lanka,2009,3,69,67,14,0,0,17,12,1,145,2,102.98507462686568,8.5
TM Dilshan,Sri Lanka,2009/10,11,688,656,96,7,2,87,98,5,1474,4,104.8780487804878,5.326530612244898
TM Dilshan,Sri Lanka,2010,14,680,692,90,7,3,116,167,5,1441,9,98.26589595375722,4.167664670658683
TM Dilshan,Sri Lanka,2010/11,15,596,675,70,5,7,206,286,6,1395,10,88.29629629629629,4.321678321678322
TM Dilshan,Sri Lanka,2011,10,154,185,19,0,0,177,229,2,354,4,83.24324324324324,4.637554585152839
TM Dilshan,Sri Lanka,2011/12,24,839,1047,90,8,4,438,529,7,1814,8,80.13371537726839,4.967863894139886
TM Dilshan,Sri Lanka,2012,9,260,333,27,1,0,64,74,0,451,4,78.07807807807808,5.189189189189189
TM Dilshan,Sri Lanka,2012/13,10,539,652,53,2,1,60,102,2,1028,5,82.66871165644172,3.5294117647058822
TM Dilshan,Sri Lanka,2013,9,389,485,41,1,8,197,329,2,984,6,80.20618556701031,3.592705167173252
TM Dilshan,Sri Lanka,2013/14,10,382,506,50,0,0,111,98,4,720,5,75.49407114624506,6.795918367346939
TM Dilshan,Sri Lanka,2014,11,447,539,54,0,4,177,205,2,951,6,82.93135435992579,5.180487804878049
TM Dilshan,Sri Lanka,2014/15,24,1324,1520,168,6,20,716,855,4,3246,10,87.10526315789474,5.024561403508772
TM Dilshan,Sri Lanka,2015,5,211,280,16,0,2,121,127,0,398,2,75.35714285714286,5.716535433070866
TM Dilshan,Sri Lanka,2015/16,7,209,187,25,3,2,108,127,6,515,4,111.76470588235294,5.102362204724409
TM Dilshan,Sri Lanka,2016,3,74,104,9,0,0,71,78,4,172,1,71.15384615384616,5.461538461538462
TM Dowlin,West Indies,2009,3,148,195,12,1,0,0,0,1,254,0,75.8974358974359,0.0
TM Dowlin,West Indies,2009/10,7,80,167,8,0,0,0,0,1,124,0,47.90419161676647,0.0
TM Dowlin,West Indies,2010,1,0,0,0,0,0,0,0,1,8,0,0.0,0.0
TM Head,Australia,2016,6,131,200,12,0,3,112,129,2,326,4,65.5,5.209302325581396
TM Head,Australia,2016/17,15,613,652,60,12,8,390,419,8,1488,7,94.01840490797547,5.58472553699284
TM Head,Australia,2017,3,71,65,5,2,1,64,84,0,172,0,109.23076923076923,4.571428571428571
TM Head,Australia,2017/18,9,249,320,28,1,0,156,144,1,458,2,77.8125,6.5
TM Head,Australia,2018,5,194,168,28,1,0,0,0,1,364,0,115.47619047619047,0.0
TM Head,Australia,2018/19,3,15,37,3,0,0,0,0,0,21,1,40.54054054054054,0.0
TM Head,Australia,2021/22,3,190,146,18,8,2,72,72,1,461,1,130.13698630136986,6.0
TM Head,Australia,2022,3,120,132,8,3,0,9,6,0,190,0,90.9090909090909,9.0
TM Head,Australia,2022/23,6,329,294,44,7,0,0,0,1,679,5,111.90476190476191,0.0
TM Head,Australia,2023/24,10,485,366,60,19,4,164,194,3,1189,8,132.5136612021858,5.072164948453608
TM Head,Australia,2024,4,248,208,32,11,5,58,69,0,699,3,119.23076923076923,5.043478260869565
TM Odoyo,Kenya,2002/03,10,245,388,27,2,12,318,516,1,932,4,63.144329896907216,3.697674418604651
TM Odoyo,Kenya,2004,2,15,47,1,0,2,63,78,0,94,0,31.914893617021278,4.846153846153846
TM Odoyo,Kenya,2006,3,120,176,8,5,6,66,157,0,439,0,68.18181818181817,2.522292993630573
TM Odoyo,Kenya,2006/07,4,114,168,7,2,7,160,202,2,434,1,67.85714285714286,4.752475247524753
TM Odoyo,Africa XI,2007,2,51,51,4,2,1,108,112,0,153,0,100.0,5.785714285714286
TM Odoyo,Kenya,2007/08,5,122,156,11,0,5,75,213,0,460,5,78.2051282051282,2.112676056338028
TM Odoyo,Kenya,2008,2,45,40,1,4,2,20,51,0,158,0,112.5,2.3529411764705883
TM Odoyo,Kenya,2008/09,1,9,17,0,1,0,20,24,0,23,0,52.94117647058824,5.0
TM Odoyo,Kenya,2009,1,5,8,1,0,1,9,19,0,48,0,62.5,2.8421052631578947
TM Odoyo,Kenya,2010/11,5,102,143,11,2,3,112,157,0,313,0,71.32867132867133,4.280254777070064
TM Odoyo,Kenya,2013/14,2,2,7,0,0,4,106,106,0,134,1,28.57142857142857,6.0
TMK Mawoyo,Zimbabwe,2006/07,2,24,60,1,0,0,0,0,0,28,0,40.0,0.0
TMK Mawoyo,Zimbabwe,2011/12,1,9,18,2,0,0,0,0,1,31,0,50.0,0.0
TMK Mawoyo,Zimbabwe,2012/13,1,9,26,0,0,0,0,0,0,11,0,34.61538461538461,0.0
TMK Mawoyo,Zimbabwe,2014,3,16,62,1,0,0,0,0,1,21,1,25.806451612903224,0.0
TN de Grooth,Netherlands,2006/07,1,9,40,1,0,0,0,0,0,7,1,22.5,0.0
TN de Grooth,Netherlands,2008,1,8,16,1,0,0,0,0,0,12,0,50.0,0.0
TN de Grooth,Netherlands,2010/11,5,50,89,3,0,0,0,0,0,64,0,56.17977528089888,0.0
TN de Grooth,Netherlands,2011,1,3,5,0,0,0,0,0,0,3,0,60.0,0.0
TP Ura,Papua New Guinea,2016/17,3,39,64,5,1,0,0,0,2,81,1,60.9375,0.0
TP Ura,Papua New Guinea,2017,2,46,55,5,0,0,12,6,2,88,1,83.63636363636363,12.0
TP Ura,Papua New Guinea,2017/18,4,259,277,18,10,0,0,0,0,485,1,93.50180505415162,0.0
TP Ura,Papua New Guinea,2019,9,210,261,22,6,0,0,0,4,389,1,80.45977011494253,0.0
TP Ura,Papua New Guinea,2021,7,60,134,5,0,0,0,0,3,96,0,44.776119402985074,0.0
TP Ura,Papua New Guinea,2021/22,6,93,132,14,0,0,0,0,0,155,3,70.45454545454545,0.0
TP Ura,Papua New Guinea,2022,8,90,109,9,2,0,0,0,4,172,1,82.56880733944955,0.0
TP Ura,Papua New Guinea,2022/23,8,263,356,35,3,0,0,0,6,523,2,73.87640449438202,0.0
TP Ura,Papua New Guinea,2023,4,136,138,18,2,0,0,0,1,250,0,98.55072463768117,0.0
TP Visee,Netherlands,2019,2,69,56,12,2,0,0,0,1,153,2,123.21428571428572,0.0
TP Visee,Netherlands,2021,1,3,10,0,0,0,0,0,1,11,0,30.0,0.0
TR Ambrose,England,2008,5,10,34,0,0,0,0,0,3,31,1,29.411764705882355,0.0
TR Gripper,Zimbabwe,2003/04,2,23,51,2,0,2,36,49,0,101,2,45.09803921568628,4.408163265306123
TS Chisoro,Zimbabwe,2016/17,3,47,45,3,2,2,94,146,0,191,1,104.44444444444446,3.8630136986301373
TS Chisoro,Zimbabwe,2017/18,3,49,89,4,0,5,95,147,0,246,1,55.0561797752809,3.877551020408163
TS Chisoro,Zimbabwe,2018,2,1,5,0,0,0,52,62,0,18,0,20.0,5.032258064516129
TS Chisoro,Zimbabwe,2020/21,3,12,16,1,0,4,127,133,0,160,0,75.0,5.7293233082706765
TS Kamunhukamwe,Zimbabwe,2018,2,37,50,3,2,0,0,0,0,65,0,74.0,0.0
TS Kamunhukamwe,Zimbabwe,2019,1,0,1,0,0,0,0,0,0,-3,0,0.0,0.0
TS Kamunhukamwe,Zimbabwe,2019/20,3,56,87,6,2,0,0,0,1,112,0,64.36781609195403,0.0
TS Kamunhukamwe,Zimbabwe,2021,1,1,6,0,0,0,0,0,0,1,0,16.666666666666664,0.0
TS Kamunhukamwe,Zimbabwe,2023/24,5,37,25,6,1,0,0,0,0,65,0,148.0,0.0
TS Nethula,New Zealand,2011/12,3,0,1,0,0,4,151,181,1,171,2,0.0,5.0055248618784525
TS Nethula,New Zealand,2012,2,12,10,1,0,1,86,87,0,78,0,120.0,5.931034482758621
TS Roland-Jones,England,2017,1,37,38,5,1,1,34,42,0,114,0,97.36842105263158,4.857142857142857
TSS Mackintosh,Scotland,2022/23,3,54,81,6,0,0,0,0,0,82,1,66.66666666666666,0.0
TSS Mackintosh,Scotland,2023,6,115,122,11,1,0,0,0,2,197,4,94.26229508196722,0.0
TT Bresnan,England,2006,4,51,46,4,1,2,156,163,1,194,0,110.86956521739131,5.742331288343558
TT Bresnan,England,2008,1,0,0,0,0,0,0,0,1,8,1,0.0,0.0
TT Bresnan,England,2009,9,115,138,14,0,10,327,413,1,605,4,83.33333333333334,4.750605326876514
TT Bresnan,England,2009/10,7,93,89,12,0,11,286,398,3,623,5,104.49438202247192,4.311557788944724
TT Bresnan,England,2010,12,149,154,18,0,11,554,634,3,767,8,96.75324675324676,5.242902208201892
TT Bresnan,England,2010/11,9,88,104,8,1,13,409,500,1,692,3,84.61538461538461,4.908
TT Bresnan,England,2011,10,112,133,9,1,14,460,524,4,759,6,84.21052631578947,5.2671755725190845
TT Bresnan,England,2011/12,6,65,74,9,0,6,279,326,1,385,1,87.83783783783784,5.134969325153374
TT Bresnan,England,2012,6,21,23,2,0,12,290,325,3,469,5,91.30434782608695,5.353846153846154
TT Bresnan,England,2012/13,4,25,39,3,0,7,194,216,0,309,2,64.1025641025641,5.388888888888889
TT Bresnan,England,2013,7,54,71,4,0,6,306,354,1,360,3,76.05633802816901,5.186440677966102
TT Bresnan,England,2013/14,8,98,113,6,4,14,378,411,0,652,3,86.72566371681415,5.518248175182482
TT Bresnan,England,2015,1,0,0,0,0,1,11,36,0,51,0,0.0,1.8333333333333333
TT Samaraweera,Sri Lanka,2005/06,1,6,28,1,0,0,0,0,1,12,0,21.428571428571427,0.0
TT Samaraweera,Sri Lanka,2009,5,154,222,13,0,0,0,0,2,263,4,69.36936936936937,0.0
TT Samaraweera,Sri Lanka,2009/10,11,272,341,27,0,0,29,18,4,468,5,79.76539589442815,9.666666666666666
TT Samaraweera,Sri Lanka,2010,7,123,162,11,0,0,0,0,2,191,4,75.92592592592592,0.0
TT Samaraweera,Sri Lanka,2010/11,11,114,161,11,0,0,4,12,6,214,8,70.80745341614907,2.0
TV Mufambisi,Zimbabwe,2006,1,1,5,0,0,0,0,0,0,1,0,20.0,0.0
TV Mufambisi,Zimbabwe,2006/07,3,44,66,6,0,0,0,0,0,68,0,66.66666666666666,0.0
TW Hartley,England,2023,1,12,9,1,0,0,48,60,0,36,1,133.33333333333331,4.8
TWM Latham,New Zealand,2011/12,3,79,65,8,3,0,0,0,0,145,3,121.53846153846153,0.0
TWM Latham,New Zealand,2012,4,57,121,1,0,0,0,0,2,75,1,47.107438016528924,0.0
TWM Latham,New Zealand,2012/13,1,2,19,0,0,0,0,0,0,2,0,10.526315789473683,0.0
TWM Latham,New Zealand,2013/14,5,142,183,14,3,0,0,0,4,287,1,77.59562841530054,0.0
TWM Latham,New Zealand,2014/15,13,222,319,26,0,0,0,0,8,400,6,69.59247648902821,0.0
TWM Latham,New Zealand,2015,6,318,408,28,4,0,0,0,4,568,3,77.94117647058823,0.0
TWM Latham,New Zealand,2015/16,6,97,120,11,1,0,0,0,4,180,4,80.83333333333333,0.0
TWM Latham,New Zealand,2016/17,16,450,548,39,7,0,0,0,10,881,8,82.11678832116789,0.0
TWM Latham,New Zealand,2017,4,257,298,26,5,0,0,0,4,503,3,86.24161073825503,0.0
TWM Latham,New Zealand,2017/18,16,510,594,37,5,0,0,0,14,919,11,85.85858585858585,0.0
TWM Latham,New Zealand,2018/19,10,261,281,15,5,0,0,0,9,497,5,92.88256227758008,0.0
TWM Latham,New Zealand,2019,9,142,204,7,1,0,0,0,16,327,5,69.6078431372549,0.0
TWM Latham,New Zealand,2019/20,4,146,141,15,2,0,0,0,3,266,3,103.54609929078013,0.0
TWM Latham,New Zealand,2020/21,2,128,145,11,0,0,0,0,3,252,2,88.27586206896552,0.0
TWM Latham,New Zealand,2021/22,3,171,159,13,5,0,0,0,3,351,3,107.54716981132076,0.0
TWM Latham,New Zealand,2022,9,242,300,20,3,0,0,0,7,460,5,80.66666666666666,0.0
TWM Latham,New Zealand,2022/23,10,243,285,26,5,0,0,0,11,596,5,85.26315789473684,0.0
TWM Latham,New Zealand,2023,9,317,376,23,1,0,0,0,8,535,2,84.30851063829788,0.0
TWM Latham,New Zealand,2023/24,12,234,248,22,5,0,0,0,10,493,6,94.35483870967742,0.0
TWM Latham,New Zealand,2024/25,2,1,5,0,0,0,0,0,3,28,1,20.0,0.0
Tabarak Dar,Hong Kong,2008,2,45,95,5,0,0,0,0,0,63,0,47.368421052631575,0.0
Taijul Islam,Bangladesh,2014/15,2,0,0,0,0,4,69,102,0,152,1,0.0,4.0588235294117645
Taijul Islam,Bangladesh,2019,2,42,37,5,1,1,67,122,0,161,0,113.51351351351352,3.295081967213115
Taijul Islam,Bangladesh,2019/20,3,0,1,0,0,6,116,169,0,217,3,0.0,4.118343195266272
Taijul Islam,Bangladesh,2022,4,11,17,1,0,5,110,174,0,218,2,64.70588235294117,3.793103448275862
Taijul Islam,Bangladesh,2022/23,3,13,31,1,0,5,159,181,0,202,1,41.935483870967744,5.2707182320441985
Taijul Islam,Bangladesh,2023,2,23,51,1,0,2,64,54,0,87,1,45.09803921568628,7.111111111111111
Taijul Islam,Bangladesh,2023/24,2,0,0,0,0,1,96,79,0,47,1,0.0,7.29113924050633
Talha Jubair,Bangladesh,2002/03,2,4,8,1,0,0,52,77,0,41,0,50.0,4.0519480519480515
Tamim Iqbal,Bangladesh,2006/07,9,172,281,25,2,0,0,0,6,356,3,61.20996441281139,0.0
Tamim Iqbal,Bangladesh,2007,5,120,205,11,1,0,0,0,2,196,0,58.536585365853654,0.0
Tamim Iqbal,Bangladesh,2007/08,11,343,488,41,4,0,6,1,1,588,0,70.28688524590164,36.0
Tamim Iqbal,Bangladesh,2008,10,270,382,29,1,0,0,0,6,474,1,70.68062827225131,0.0
Tamim Iqbal,Bangladesh,2008/09,4,80,150,13,0,0,0,0,1,140,2,53.333333333333336,0.0
Tamim Iqbal,Bangladesh,2009,8,359,418,28,8,0,0,0,3,669,7,85.88516746411483,0.0
Tamim Iqbal,Bangladesh,2009/10,15,499,517,65,8,0,6,6,2,958,4,96.5183752417795,6.0
Tamim Iqbal,Bangladesh,2010,7,243,246,29,3,0,0,0,3,439,2,98.78048780487805,0.0
Tamim Iqbal,Bangladesh,2010/11,10,319,363,28,10,0,0,0,2,554,6,87.87878787878788,0.0
Tamim Iqbal,Bangladesh,2011,8,256,323,27,2,0,0,0,2,430,2,79.25696594427245,0.0
Tamim Iqbal,Bangladesh,2011/12,10,315,436,34,1,0,0,0,1,513,3,72.24770642201835,0.0
Tamim Iqbal,Bangladesh,2012/13,6,206,247,25,3,0,0,0,3,408,3,83.40080971659918,0.0
Tamim Iqbal,Bangladesh,2013,3,65,142,6,1,0,0,0,0,99,1,45.774647887323944,0.0
Tamim Iqbal,Bangladesh,2013/14,2,63,94,6,1,0,0,0,0,105,2,67.02127659574468,0.0
Tamim Iqbal,Bangladesh,2014,5,122,177,18,0,0,0,0,1,219,0,68.92655367231639,0.0
Tamim Iqbal,Bangladesh,2014/15,10,282,397,29,3,0,0,0,1,473,7,71.03274559193954,0.0
Tamim Iqbal,Bangladesh,2015,9,456,539,59,6,0,0,0,0,861,7,84.60111317254174,0.0
Tamim Iqbal,Bangladesh,2015/16,3,132,195,13,3,0,0,0,0,218,3,67.6923076923077,0.0
Tamim Iqbal,Bangladesh,2016/17,8,320,459,37,1,0,0,0,2,568,2,69.71677559912854,0.0
Tamim Iqbal,Bangladesh,2017,8,492,636,48,8,0,0,0,3,877,3,77.35849056603774,0.0
Tamim Iqbal,Bangladesh,2017/18,6,275,368,24,3,0,0,0,2,477,3,74.72826086956522,0.0
Tamim Iqbal,Bangladesh,2018,4,289,386,23,5,0,0,0,1,531,3,74.87046632124353,0.0
Tamim Iqbal,Bangladesh,2018/19,6,153,233,14,1,0,0,0,4,272,2,65.66523605150213,0.0
Tamim Iqbal,Bangladesh,2019,14,396,537,45,0,0,0,0,5,663,6,73.74301675977654,0.0
Tamim Iqbal,Bangladesh,2019/20,3,310,294,29,9,0,0,0,0,628,3,105.44217687074831,0.0
Tamim Iqbal,Bangladesh,2020/21,6,250,368,25,3,0,0,0,1,428,3,67.93478260869566,0.0
Tamim Iqbal,Bangladesh,2021,6,214,250,23,4,0,0,0,6,433,5,85.6,0.0
Tamim Iqbal,Bangladesh,2021/22,3,129,158,17,1,0,0,0,1,247,2,81.64556962025317,0.0
Tamim Iqbal,Bangladesh,2022,6,248,319,37,2,0,0,0,2,474,4,77.74294670846395,0.0
Tamim Iqbal,Bangladesh,2022/23,6,136,192,18,2,0,0,0,2,244,3,70.83333333333334,0.0
Tamim Iqbal,Bangladesh,2023,4,134,179,15,0,0,0,0,1,218,2,74.86033519553072,0.0
Tanbir Hayder,Bangladesh,2016/17,2,5,17,0,0,0,67,60,1,33,0,29.411764705882355,6.7
Tanveer Ahmed,Hong Kong,2016,2,0,1,0,0,2,70,87,0,81,0,0.0,4.827586206896552
Tanveer Ahmed,Hong Kong,2016/17,3,2,3,0,0,2,98,105,1,101,2,66.66666666666666,5.6
Tanveer Ahmed,Hong Kong,2017/18,1,2,8,0,0,1,32,43,0,43,0,25.0,4.465116279069767
Tanvir Ahmed,Pakistan,2011,1,18,12,1,2,1,44,37,1,77,0,150.0,7.135135135135135
Tanwir Afzal,Hong Kong,2014,1,0,2,0,0,2,27,54,0,73,0,0.0,3.0
Tanwir Afzal,Hong Kong,2015/16,1,8,6,0,1,1,44,61,0,61,1,133.33333333333331,4.327868852459017
Tanwir Afzal,Hong Kong,2016,2,27,23,4,0,2,78,73,0,123,0,117.3913043478261,6.41095890410959
Tanwir Afzal,Hong Kong,2016/17,3,56,54,6,3,1,81,108,0,177,2,103.7037037037037,4.5
Tanwir Afzal,Hong Kong,2017/18,4,58,86,2,3,2,100,162,0,210,1,67.44186046511628,3.7037037037037037
Tanwir Afzal,Hong Kong,2018,2,12,11,1,1,0,46,49,1,51,0,109.09090909090908,5.63265306122449
Tanzid Hasan,Bangladesh,2023,4,34,31,7,0,0,0,0,1,73,1,109.6774193548387,0.0
Tanzid Hasan,Bangladesh,2023/24,9,224,225,30,7,0,0,0,2,445,2,99.55555555555556,0.0
Tanzid Hasan,Bangladesh,2024/25,3,106,104,10,5,0,0,0,1,201,0,101.92307692307692,0.0
Tanzim Hasan Sakib,Bangladesh,2023,2,14,8,1,1,2,50,88,0,121,1,175.0,3.409090909090909
Tanzim Hasan Sakib,Bangladesh,2023/24,5,36,51,2,1,10,248,256,1,400,3,70.58823529411765,5.8125
Tanzim Hasan Sakib,Bangladesh,2024/25,2,45,63,4,2,1,95,101,0,139,0,71.42857142857143,5.643564356435644
Tapash Baisya,Bangladesh,2002/03,3,2,12,0,0,2,101,117,1,107,0,16.666666666666664,5.17948717948718
Tapash Baisya,Bangladesh,2003,4,13,32,1,0,3,173,201,1,169,0,40.625,5.164179104477612
Tapash Baisya,Bangladesh,2003/04,4,37,60,4,0,2,155,188,0,164,0,61.66666666666667,4.946808510638298
Tapash Baisya,Bangladesh,2004,6,27,45,3,0,9,206,266,1,382,0,60.0,4.646616541353383
Tapash Baisya,Bangladesh,2004/05,3,12,17,1,0,4,150,163,0,174,0,70.58823529411765,5.521472392638037
Tapash Baisya,Bangladesh,2005,3,22,51,0,0,5,171,186,0,213,1,43.13725490196079,5.516129032258065
Tapash Baisya,Bangladesh,2005/06,1,0,0,0,0,0,41,32,1,16,0,0.0,7.6875
Tapash Baisya,Bangladesh,2006/07,1,0,0,0,0,0,35,17,0,5,0,0.0,12.352941176470587
Tareq Aziz,Bangladesh,2003/04,1,2,11,0,0,2,30,53,0,77,0,18.181818181818183,3.3962264150943393
Taskin Ahmed,Bangladesh,2014,3,0,2,0,0,7,80,143,0,248,0,0.0,3.3566433566433567
Taskin Ahmed,Bangladesh,2014/15,5,0,1,0,0,8,294,272,2,303,2,0.0,6.485294117647059
Taskin Ahmed,Bangladesh,2015,5,2,5,0,0,5,133,178,1,207,5,40.0,4.48314606741573
Taskin Ahmed,Bangladesh,2016/17,9,21,60,1,0,13,406,463,2,542,2,35.0,5.26133909287257
Taskin Ahmed,Bangladesh,2017,2,10,14,1,0,2,92,90,0,92,1,71.42857142857143,6.133333333333334
Taskin Ahmed,Bangladesh,2017/18,3,5,15,0,0,2,193,149,0,94,0,33.33333333333333,7.771812080536913
Taskin Ahmed,Bangladesh,2020/21,4,19,60,3,0,3,161,203,0,183,1,31.666666666666664,4.758620689655172
Taskin Ahmed,Bangladesh,2021,6,1,4,0,0,7,230,315,1,305,5,25.0,4.380952380952381
Taskin Ahmed,Bangladesh,2021/22,3,16,18,1,0,8,103,143,0,291,2,88.88888888888889,4.321678321678322
Taskin Ahmed,Bangladesh,2022,3,1,3,0,0,0,132,169,0,65,1,33.33333333333333,4.686390532544379
Taskin Ahmed,Bangladesh,2022/23,6,64,66,5,4,11,218,268,1,513,2,96.96969696969697,4.880597014925374
Taskin Ahmed,Bangladesh,2023,3,1,6,0,0,5,121,156,1,191,0,16.666666666666664,4.653846153846154
Taskin Ahmed,Bangladesh,2023/24,9,67,104,3,4,12,401,487,0,585,3,64.42307692307693,4.940451745379876
Taskin Ahmed,Bangladesh,2024/25,2,0,0,0,0,1,100,109,0,65,0,0.0,5.504587155963303
Taufeeq Umar,Pakistan,2002/03,7,211,399,27,0,0,0,0,2,353,5,52.88220551378446,0.0
Taufeeq Umar,Pakistan,2003,2,30,75,3,0,0,0,0,1,46,1,40.0,0.0
Taufeeq Umar,Pakistan,2003/04,1,18,18,3,0,0,0,0,1,38,0,100.0,0.0
Taufeeq Umar,Pakistan,2011,1,3,12,0,0,0,0,0,0,3,0,25.0,0.0
Tayyab Tahir,Pakistan,2022/23,1,0,0,0,0,0,0,0,0,6,0,0.0,0.0
Tayyab Tahir,Pakistan,2024/25,3,57,46,6,1,0,0,0,2,125,3,123.91304347826086,0.0
Tilak Varma,India,2023,1,5,10,1,0,0,21,24,1,25,0,50.0,5.25
Tilak Varma,India,2023/24,3,63,115,5,1,0,18,18,0,103,2,54.78260869565217,6.0
Towhid Hridoy,Bangladesh,2022/23,2,141,122,12,3,0,0,0,0,243,1,115.57377049180329,0.0
Towhid Hridoy,Bangladesh,2023,9,288,359,23,6,0,0,0,2,484,3,80.22284122562674,0.0
Towhid Hridoy,Bangladesh,2023/24,11,330,407,12,11,0,2,1,3,520,3,81.08108108108108,12.0
Tushar Imran,Bangladesh,2002/03,2,57,109,3,1,0,0,0,0,75,0,52.293577981651374,0.0
Tushar Imran,Bangladesh,2003,6,66,89,9,0,0,0,0,1,117,0,74.15730337078652,0.0
Tushar Imran,Bangladesh,2005,6,76,130,10,0,0,0,0,1,121,1,58.46153846153847,0.0
Tushar Imran,Bangladesh,2005/06,2,22,51,1,0,1,40,72,0,83,0,43.13725490196079,3.3333333333333335
Tushar Imran,Bangladesh,2006,1,2,14,0,0,0,0,0,0,2,1,14.285714285714285,0.0
Tushar Imran,Bangladesh,2007,2,4,36,0,0,0,0,0,0,-5,0,11.11111111111111,0.0
Tushar Imran,Bangladesh,2007/08,2,23,48,4,0,0,17,18,1,59,0,47.91666666666667,5.666666666666667
U Bhagwan,Canada,2023/24,4,26,28,2,1,3,169,150,1,168,1,92.85714285714286,6.76
U Bhatti,Canada,2006/07,6,43,66,4,0,3,180,277,2,277,3,65.15151515151516,3.8989169675090256
U Bhatti,Canada,2007/08,2,44,29,3,3,4,56,122,0,246,0,151.72413793103448,2.7540983606557377
U Bhatti,Canada,2008,1,0,0,0,0,2,32,48,0,76,0,0.0,4.0
U Bhatti,Canada,2009,1,14,10,2,0,3,30,49,0,123,1,140.0,3.673469387755102
U Bhatti,Canada,2010,1,19,26,1,0,0,18,20,0,29,0,73.07692307692307,5.3999999999999995
UDU Chandana,Sri Lanka,2003,1,33,65,0,1,1,25,24,0,76,0,50.76923076923077,6.25
UDU Chandana,Sri Lanka,2003/04,4,26,41,0,0,8,137,226,1,329,2,63.41463414634146,3.6371681415929205
UDU Chandana,Sri Lanka,2004,10,102,118,9,1,12,387,499,4,682,8,86.4406779661017,4.6533066132264524
UDU Chandana,Sri Lanka,2004/05,3,23,46,3,0,5,95,123,0,202,2,50.0,4.634146341463414
UDU Chandana,Sri Lanka,2005,3,19,30,1,0,5,149,182,0,214,2,63.33333333333333,4.912087912087912
UDU Chandana,Sri Lanka,2005/06,4,56,87,6,0,2,104,97,0,160,0,64.36781609195403,6.432989690721649
UDU Chandana,Sri Lanka,2007,1,1,6,0,0,0,24,43,2,35,1,16.666666666666664,3.3488372093023253
UT Khawaja,Australia,2012/13,3,14,41,1,0,0,0,0,0,24,3,34.146341463414636,0.0
UT Khawaja,Australia,2015/16,2,94,87,11,2,0,0,0,2,186,1,108.04597701149426,0.0
UT Khawaja,Australia,2016,8,223,282,18,4,0,0,0,0,362,6,79.07801418439716,0.0
UT Khawaja,Australia,2016/17,4,138,172,13,2,0,0,0,1,238,3,80.23255813953489,0.0
UT Khawaja,Australia,2018/19,13,769,939,77,4,0,0,0,5,1336,9,81.89563365282216,0.0
UT Khawaja,Australia,2019,8,301,344,29,1,0,0,0,5,519,6,87.5,0.0
UT Yadav,India,2010,3,3,3,0,0,1,129,132,1,84,1,100.0,5.863636363636363
UT Yadav,India,2011/12,12,23,30,4,0,15,585,602,1,627,7,76.66666666666667,5.8305647840531565
UT Yadav,India,2012,2,0,3,0,0,2,111,87,0,76,1,0.0,7.655172413793103
UT Yadav,India,2013,9,0,6,0,0,11,346,412,1,453,7,0.0,5.038834951456311
UT Yadav,India,2013/14,2,1,5,0,0,1,102,90,1,68,0,20.0,6.8
UT Yadav,India,2014,4,17,17,2,1,4,112,134,1,179,2,100.0,5.014925373134329
UT Yadav,India,2014/15,16,0,5,0,0,33,631,832,8,1243,13,0.0,4.550480769230769
UT Yadav,India,2015,2,2,11,0,0,2,85,74,0,76,1,18.181818181818183,6.891891891891891
UT Yadav,India,2015/16,7,6,14,1,0,10,457,406,0,409,2,42.857142857142854,6.753694581280787
UT Yadav,India,2016/17,6,25,37,1,0,9,283,304,3,394,4,67.56756756756756,5.585526315789474
UT Yadav,India,2017,6,0,1,0,0,10,233,319,1,403,4,0.0,4.382445141065831
UT Yadav,India,2017/18,1,2,2,0,0,4,67,64,0,127,0,100.0,6.28125
UT Yadav,India,2018,2,0,2,0,0,3,129,123,2,128,1,0.0,6.2926829268292686
UT Yadav,India,2018/19,2,0,0,0,0,1,139,122,0,63,1,0.0,6.836065573770492
UWMBCA Welegedara,Sri Lanka,2009/10,7,4,9,0,0,13,338,378,2,493,4,44.44444444444444,5.365079365079365
UWMBCA Welegedara,Sri Lanka,2010,2,0,0,0,0,2,70,96,0,94,2,0.0,4.375
Umair Ali,United Arab Emirates,2015/16,1,10,11,0,1,0,57,62,0,40,0,90.9090909090909,5.516129032258064
Umar Akmal,Pakistan,2009,4,192,178,14,6,0,0,0,2,358,2,107.86516853932584,0.0
Umar Akmal,Pakistan,2009/10,11,306,436,24,2,0,0,0,2,468,3,70.18348623853211,0.0
Umar Akmal,Pakistan,2010,8,226,277,17,0,0,0,0,3,366,3,81.58844765342961,0.0
Umar Akmal,Pakistan,2010/11,13,394,447,29,10,0,0,0,10,727,8,88.14317673378076,0.0
Umar Akmal,Pakistan,2011,5,107,124,11,1,0,0,0,2,195,4,86.29032258064517,0.0
Umar Akmal,Pakistan,2011/12,15,545,667,44,7,0,0,0,7,957,9,81.70914542728636,0.0
Umar Akmal,Pakistan,2012,6,146,185,13,4,0,0,0,1,252,1,78.91891891891892,0.0
Umar Akmal,Pakistan,2012/13,1,25,51,3,0,0,0,0,3,67,0,49.01960784313725,0.0
Umar Akmal,Pakistan,2013,5,175,162,20,3,0,0,0,8,413,3,108.02469135802468,0.0
Umar Akmal,Pakistan,2013/14,17,345,388,31,8,0,0,0,19,822,8,88.91752577319588,0.0
Umar Akmal,Pakistan,2014,3,23,24,2,1,0,0,0,3,73,1,95.83333333333334,0.0
Umar Akmal,Pakistan,2014/15,14,267,350,27,2,0,0,0,15,545,5,76.28571428571429,0.0
Umar Akmal,Pakistan,2016/17,5,131,164,14,1,0,0,0,0,207,1,79.8780487804878,0.0
Umar Akmal,Pakistan,2018/19,5,150,173,8,3,0,0,0,0,212,0,86.70520231213872,0.0
Umar Amin,Pakistan,2010,3,34,60,3,0,0,0,0,1,48,1,56.666666666666664,0.0
Umar Amin,Pakistan,2013,8,139,168,13,1,0,18,30,3,263,4,82.73809523809523,3.6
Umar Amin,Pakistan,2013/14,6,77,147,11,1,0,0,0,2,147,2,52.38095238095239,0.0
Umar Amin,Pakistan,2014/15,1,19,29,1,0,0,0,0,2,39,0,65.51724137931035,0.0
Umar Amin,Pakistan,2017/18,1,2,4,0,0,0,6,12,1,14,0,50.0,3.0
Umar Gul,Pakistan,2002/03,4,0,0,0,0,4,116,159,0,173,4,0.0,4.377358490566038
Umar Gul,Pakistan,2003,6,2,18,0,0,7,200,295,0,297,5,11.11111111111111,4.067796610169491
Umar Gul,Pakistan,2003/04,3,0,0,0,0,1,120,149,0,76,2,0.0,4.832214765100671
Umar Gul,Pakistan,2005/06,3,17,17,3,0,1,120,138,0,117,1,100.0,5.217391304347826
Umar Gul,Pakistan,2006/07,9,26,59,3,0,12,269,461,2,565,5,44.06779661016949,3.501084598698482
Umar Gul,Pakistan,2007/08,13,13,12,0,1,16,561,678,2,712,8,108.33333333333333,4.964601769911504
Umar Gul,Pakistan,2008,5,15,20,0,1,9,162,209,0,332,3,75.0,4.650717703349282
Umar Gul,Pakistan,2008/09,5,40,56,3,2,15,236,288,0,567,3,71.42857142857143,4.916666666666667
Umar Gul,Pakistan,2009,6,65,76,8,0,7,253,315,0,385,2,85.52631578947368,4.819047619047619
Umar Gul,Pakistan,2009/10,9,17,73,1,0,13,429,473,3,559,3,23.28767123287671,5.441860465116279
Umar Gul,Pakistan,2010,5,46,75,3,1,12,242,270,0,493,2,61.33333333333333,5.377777777777778
Umar Gul,Pakistan,2010/11,13,43,48,3,1,18,436,625,2,811,9,89.58333333333334,4.1856
Umar Gul,Pakistan,2011/12,15,84,96,7,3,18,533,678,2,910,10,87.5,4.716814159292035
Umar Gul,Pakistan,2012,4,16,16,0,1,4,161,223,0,229,1,100.0,4.331838565022422
Umar Gul,Pakistan,2012/13,5,30,47,3,1,3,195,237,1,225,3,63.829787234042556,4.936708860759493
Umar Gul,Pakistan,2013/14,7,22,30,1,1,10,304,330,0,412,4,73.33333333333333,5.527272727272727
Umar Gul,Pakistan,2014/15,1,0,0,0,0,0,49,54,0,18,1,0.0,5.444444444444445
Umar Gul,Pakistan,2015,1,0,2,0,0,0,50,45,0,12,0,0.0,6.666666666666667
Umar Gul,Pakistan,2016,4,6,3,0,1,6,178,193,2,246,2,200.0,5.533678756476684
Umran Malik,India,2022/23,7,2,9,0,0,13,341,344,1,455,4,22.22222222222222,5.947674418604651
Umran Malik,India,2023,2,0,2,0,0,0,43,37,1,17,1,0.0,6.972972972972973
Usama Mir,Pakistan,2022/23,3,18,12,1,2,4,142,183,2,218,1,150.0,4.655737704918033
Usama Mir,Pakistan,2023,3,20,15,1,1,5,158,172,0,214,2,133.33333333333331,5.511627906976744
Usama Mir,Pakistan,2023/24,3,0,3,0,0,4,189,166,3,171,1,0.0,6.831325301204819
Usman Limbada,Canada,2011,2,74,124,7,1,0,0,0,0,126,0,59.67741935483871,0.0
Usman Limbada,Canada,2012/13,1,30,32,4,0,0,0,0,0,50,0,93.75,0.0
Usman Limbada,Canada,2013,1,0,0,0,0,0,0,0,1,8,0,0.0,0.0
Usman Limbada,Canada,2013/14,1,19,37,1,0,0,0,0,0,23,0,51.35135135135135,0.0
Usman Qadir,Pakistan,2021,1,0,0,0,0,1,48,54,1,51,1,0.0,5.333333333333333
Usman Rafiq,United States of America,2023,2,28,42,4,0,0,47,32,0,55,0,66.66666666666666,8.8125
Usman Salahuddin,Pakistan,2011,2,13,28,0,0,0,0,0,1,19,0,46.42857142857143,0.0
Usman Shinwari,Pakistan,2017/18,2,0,0,0,0,6,61,84,1,199,2,0.0,4.357142857142857
Usman Shinwari,Pakistan,2018,6,0,1,0,0,12,138,220,1,414,5,0.0,3.7636363636363637
Usman Shinwari,Pakistan,2018/19,6,6,6,0,1,10,261,311,0,376,2,100.0,5.035369774919614
Usman Shinwari,Pakistan,2019/20,2,0,0,0,0,6,89,111,0,206,2,0.0,4.8108108108108105
Utkarsh Srivastava,United States of America,2024,2,0,0,0,0,0,0,0,2,16,2,0.0,0.0
Utkarsh Srivastava,United States of America,2024/25,2,75,75,6,1,0,17,24,0,127,1,100.0,4.25
V Aravind,United Arab Emirates,2019/20,6,88,103,12,3,0,0,0,4,202,3,85.43689320388349,0.0
V Aravind,United Arab Emirates,2020/21,2,32,57,4,1,0,0,0,3,76,1,56.14035087719298,0.0
V Aravind,United Arab Emirates,2021/22,11,403,509,39,4,0,0,0,14,810,7,79.17485265225933,0.0
V Aravind,United Arab Emirates,2022,7,313,447,30,1,0,0,0,4,557,2,70.02237136465325,0.0
V Aravind,United Arab Emirates,2022/23,13,308,538,33,2,0,0,0,6,579,4,57.249070631970255,0.0
V Aravind,United Arab Emirates,2023,16,549,787,53,4,0,0,0,3,915,6,69.75857687420584,0.0
V Aravind,United Arab Emirates,2023/24,2,77,146,2,1,0,0,0,2,121,0,52.73972602739726,0.0
V Aravind,United Arab Emirates,2024/25,4,73,154,6,0,0,0,0,1,105,1,47.4025974025974,0.0
V Kohli,India,2008,5,159,245,21,1,0,0,0,3,307,3,64.89795918367346,0.0
V Kohli,India,2009,1,2,2,0,0,0,0,0,0,2,1,100.0,0.0
V Kohli,India,2009/10,14,686,801,69,4,0,44,40,9,1257,7,85.64294631710362,6.6
V Kohli,India,2010,10,280,390,22,0,0,15,19,3,449,6,71.7948717948718,4.736842105263158
V Kohli,India,2010/11,20,827,987,74,8,0,12,12,8,1474,15,83.78926038500506,6.0
V Kohli,India,2011,10,393,488,31,2,1,100,98,7,741,3,80.5327868852459,6.122448979591837
V Kohli,India,2011/12,21,1243,1326,124,5,1,85,111,15,2333,14,93.74057315233786,4.594594594594595
V Kohli,India,2012,5,296,344,25,2,0,10,18,4,558,4,86.04651162790698,3.3333333333333335
V Kohli,India,2012/13,8,168,223,16,3,0,30,23,1,291,4,75.33632286995515,7.826086956521739
V Kohli,India,2013,15,521,576,55,7,0,65,73,5,975,13,90.45138888888889,5.342465753424658
V Kohli,India,2013/14,19,1059,1018,113,20,2,165,152,4,2087,6,104.02750491159136,6.5131578947368425
V Kohli,India,2014,4,54,78,4,1,0,0,0,1,85,3,69.23076923076923,0.0
V Kohli,India,2014/15,20,849,960,73,10,0,47,29,11,1542,14,88.4375,9.724137931034484
V Kohli,India,2015,3,49,71,4,1,0,10,13,1,87,1,69.01408450704226,4.615384615384616
V Kohli,India,2015/16,10,626,683,43,10,0,35,32,8,1138,3,91.65446559297217,6.5625
V Kohli,India,2016/17,8,543,533,48,9,0,0,0,3,995,5,101.87617260787994,0.0
V Kohli,India,2017,15,832,825,82,13,0,29,30,6,1583,11,100.84848484848486,5.8
V Kohli,India,2017/18,14,1001,1063,90,10,0,0,0,8,1824,11,94.16745061147695,0.0
V Kohli,India,2018,3,191,213,17,0,0,0,0,1,307,1,89.67136150234741,0.0
V Kohli,India,2018/19,16,1064,1060,109,12,0,0,0,10,2000,10,100.37735849056604,0.0
V Kohli,India,2019,10,610,646,61,3,0,0,0,11,1130,8,94.42724458204334,0.0
V Kohli,India,2019/20,9,347,375,31,2,0,0,0,6,616,4,92.53333333333333,0.0
V Kohli,India,2020/21,6,302,338,24,4,0,0,0,4,516,3,89.3491124260355,0.0
V Kohli,India,2021/22,6,142,196,13,0,0,0,0,5,252,3,72.44897959183673,0.0
V Kohli,India,2022,2,33,47,6,0,0,0,0,1,65,1,70.2127659574468,0.0
V Kohli,India,2022/23,12,554,490,52,13,0,0,0,3,1066,8,113.06122448979592,0.0
V Kohli,India,2023,6,129,114,10,3,0,0,0,3,255,5,113.1578947368421,0.0
V Kohli,India,2023/24,11,766,870,67,10,1,15,21,6,1403,9,88.04597701149424,4.285714285714286
V Kohli,India,2024,3,58,69,8,0,0,0,0,1,104,0,84.05797101449275,0.0
V Permaul,West Indies,2012/13,5,11,21,1,0,7,152,224,1,280,4,52.38095238095239,4.071428571428571
V Permaul,West Indies,2013/14,2,0,1,0,0,1,82,89,0,51,1,0.0,5.52808988764045
V Permaul,West Indies,2017,1,8,6,0,0,0,31,24,1,24,0,133.33333333333331,7.75
V Sehwag,India,2002/03,16,486,607,61,9,2,84,135,9,1058,10,80.0658978583196,3.7333333333333334
V Sehwag,India,2003,1,8,18,1,0,0,0,0,0,12,0,44.44444444444444,0.0
V Sehwag,India,2003/04,13,418,481,51,9,6,234,257,3,1042,5,86.9022869022869,5.463035019455253
V Sehwag,India,2004,9,135,187,11,2,8,224,325,3,562,3,72.19251336898395,4.135384615384615
V Sehwag,India,2004/05,5,199,167,29,4,1,37,56,4,456,2,119.16167664670658,3.964285714285714
V Sehwag,Asia XI,2005,2,26,33,6,0,0,0,0,2,66,0,78.78787878787878,0.0
V Sehwag,India,2005,3,89,81,14,1,4,80,99,0,311,2,109.87654320987654,4.848484848484849
V Sehwag,ICC World XI,2005/06,2,58,58,8,1,1,33,30,0,135,0,100.0,6.6
V Sehwag,India,2005/06,15,407,443,60,4,3,191,203,7,940,11,91.87358916478556,5.6453201970443345
V Sehwag,India,2006,4,215,227,22,4,1,36,70,2,447,0,94.7136563876652,3.085714285714286
V Sehwag,India,2006/07,16,389,428,54,6,3,210,316,5,941,5,90.88785046728972,3.987341772151899
V Sehwag,Asia XI,2007,3,105,92,17,2,1,37,30,0,240,3,114.13043478260869,7.4
V Sehwag,India,2007,2,51,48,8,1,1,42,50,2,154,2,106.25,5.04
V Sehwag,India,2007/08,7,145,185,14,2,1,84,105,1,300,2,78.37837837837837,4.8
V Sehwag,India,2008,8,498,368,69,13,3,149,174,2,1158,5,135.32608695652172,5.137931034482759
V Sehwag,India,2008/09,14,782,634,105,19,6,213,239,5,1844,11,123.34384858044164,5.347280334728033
V Sehwag,India,2009/10,15,499,396,76,11,0,109,130,3,1065,8,126.01010101010101,5.030769230769231
V Sehwag,India,2010,7,289,307,41,3,4,65,92,2,695,4,94.13680781758957,4.239130434782608
V Sehwag,India,2010/11,8,380,329,49,7,0,0,0,3,765,6,115.50151975683892,0.0
V Sehwag,India,2011/12,9,330,284,42,8,2,76,84,3,740,6,116.19718309859155,5.428571428571429
V Sehwag,India,2012,4,148,154,18,0,1,59,80,1,317,3,96.1038961038961,4.425
V Sehwag,India,2012/13,2,35,57,4,0,0,0,0,2,77,0,61.40350877192983,0.0
V Shankar,India,2018/19,9,165,175,14,4,2,182,207,5,426,6,94.28571428571428,5.27536231884058
V Shankar,India,2019,2,29,35,4,0,2,20,34,1,116,2,82.85714285714286,3.5294117647058822
V Shetty,United Arab Emirates,2008,1,7,17,0,0,0,0,0,0,7,0,41.17647058823529,0.0
V Sibanda,Zimbabwe,2003/04,7,46,142,3,0,0,0,0,3,67,2,32.3943661971831,0.0
V Sibanda,Zimbabwe,2004,6,80,204,10,1,2,70,81,2,213,0,39.21568627450981,5.185185185185185
V Sibanda,Zimbabwe,2004/05,6,71,116,6,1,0,14,12,1,119,1,61.206896551724135,7.0
V Sibanda,Zimbabwe,2005,3,29,57,4,0,0,0,0,1,53,0,50.877192982456144,0.0
V Sibanda,Zimbabwe,2006,4,81,149,8,0,0,0,0,0,115,0,54.36241610738255,0.0
V Sibanda,Zimbabwe,2006/07,6,120,197,17,0,0,0,0,4,238,0,60.913705583756354,0.0
V Sibanda,Africa XI,2007,2,80,105,9,1,0,58,51,0,157,0,76.19047619047619,6.823529411764706
V Sibanda,Zimbabwe,2007,3,61,83,13,0,0,0,0,1,125,0,73.49397590361446,0.0
V Sibanda,Zimbabwe,2007/08,8,217,335,27,1,0,0,0,1,377,1,64.77611940298507,0.0
V Sibanda,Zimbabwe,2008/09,7,76,166,8,1,0,0,0,1,123,2,45.78313253012048,0.0
V Sibanda,Zimbabwe,2009,3,2,10,0,0,0,0,0,3,23,1,20.0,0.0
V Sibanda,Zimbabwe,2009/10,5,119,246,7,1,0,0,0,1,174,1,48.3739837398374,0.0
V Sibanda,Zimbabwe,2010/11,2,66,69,8,1,0,0,0,0,124,1,95.65217391304348,0.0
V Sibanda,Zimbabwe,2011,8,388,516,42,8,0,0,0,5,708,3,75.1937984496124,0.0
V Sibanda,Zimbabwe,2011/12,3,24,53,4,0,0,1,3,2,52,1,45.28301886792453,2.0
V Sibanda,Zimbabwe,2012/13,2,53,76,4,2,0,0,0,0,85,0,69.73684210526315,0.0
V Sibanda,Zimbabwe,2013,10,328,490,36,4,0,0,0,5,615,3,66.93877551020408,0.0
V Sibanda,Zimbabwe,2014,3,18,28,2,0,0,0,0,2,42,0,64.28571428571429,0.0
V Sibanda,Zimbabwe,2014/15,5,84,101,11,1,1,113,129,1,213,0,83.16831683168317,5.255813953488372
V Sibanda,Zimbabwe,2015,5,86,162,8,1,0,0,0,1,132,0,53.086419753086425,0.0
V Sibanda,Zimbabwe,2016,3,96,162,8,2,0,0,0,0,150,0,59.25925925925925,0.0
V Sukumaran,United Arab Emirates,2022/23,2,17,48,1,0,0,4,12,0,21,0,35.41666666666667,2.0
V Sukumaran,United Arab Emirates,2024,4,136,167,12,6,2,36,43,0,314,1,81.437125748503,5.023255813953488
V Sukumaran,United Arab Emirates,2024/25,4,41,99,3,0,1,37,67,2,107,1,41.41414141414141,3.3134328358208958
VAB Tewarie,Netherlands,2011,1,4,22,0,0,0,0,0,0,-2,0,18.181818181818183,0.0
VB van Jaarsveld,South Africa,2008/09,2,9,16,0,0,0,0,0,1,17,2,56.25,0.0
VC Drakes,West Indies,2002/03,5,41,70,2,0,11,168,258,1,461,2,58.57142857142858,3.9069767441860463
VC Drakes,West Indies,2003,4,5,13,0,0,1,160,210,0,102,2,38.46153846153847,4.571428571428571
VC Drakes,West Indies,2003/04,3,12,41,1,0,2,116,166,0,148,0,29.268292682926827,4.192771084337349
VD Philander,South Africa,2007,5,40,46,4,0,6,128,198,1,316,5,86.95652173913044,3.878787878787879
VD Philander,South Africa,2008,2,33,41,3,0,0,77,81,1,80,0,80.48780487804879,5.703703703703703
VD Philander,South Africa,2011/12,1,2,6,0,0,1,37,38,0,39,0,33.33333333333333,5.842105263157895
VD Philander,South Africa,2013/14,5,28,32,5,0,7,101,209,2,346,3,87.5,2.8995215311004783
VD Philander,South Africa,2014,2,1,5,0,0,3,83,98,0,114,1,20.0,5.081632653061225
VD Philander,South Africa,2014/15,12,17,40,1,0,22,451,596,2,833,8,42.5,4.5402684563758395
VD Philander,South Africa,2015,2,30,49,1,0,2,69,99,0,133,1,61.224489795918366,4.181818181818182
VJ Kingma,Netherlands,2013/14,1,0,0,0,0,0,11,12,0,4,1,0.0,5.5
VJ Kingma,Netherlands,2019,2,0,0,0,0,2,85,121,1,107,2,0.0,4.214876033057851
VJ Kingma,Netherlands,2021,3,9,12,0,1,6,83,145,0,231,2,75.0,3.4344827586206894
VJ Kingma,Netherlands,2021/22,1,0,0,0,0,2,48,55,0,68,0,0.0,5.236363636363636
VJ Kingma,Netherlands,2022,6,1,8,0,0,6,225,236,2,265,0,12.5,5.720338983050847
VJ Kingma,Netherlands,2022/23,1,1,3,0,0,2,73,67,0,73,0,33.33333333333333,6.537313432835822
VJ Kingma,Netherlands,2023,1,0,0,0,0,1,64,62,0,45,0,0.0,6.193548387096774
VJ Kingma,Netherlands,2023/24,4,2,20,0,0,7,85,148,0,250,2,10.0,3.4459459459459456
VJ Kingma,Netherlands,2024,4,1,3,0,0,8,140,209,1,297,4,33.33333333333333,4.019138755980861
VM Nyauchi,Zimbabwe,2022,8,36,44,4,1,5,236,330,2,360,3,81.81818181818183,4.290909090909091
VM Nyauchi,Zimbabwe,2022/23,2,7,9,1,0,2,85,98,0,99,1,77.77777777777779,5.204081632653062
VR Aaron,India,2011/12,4,6,11,1,0,6,144,180,0,233,4,54.54545454545454,4.8
VR Aaron,India,2013/14,4,2,4,0,0,5,227,196,1,192,1,50.0,6.948979591836736
VR Aaron,India,2014/15,1,0,0,0,0,0,22,29,0,9,1,0.0,4.551724137931035
VR Iyer,India,2021/22,2,24,41,0,1,0,28,30,0,46,0,58.536585365853654,5.6
VRV Singh,India,2005/06,2,8,13,1,0,0,95,81,3,63,1,61.53846153846154,7.037037037037037
VS Solanki,England,2003,9,264,324,42,2,0,0,0,4,536,5,81.48148148148148,0.0
VS Solanki,England,2003/04,3,11,29,1,0,0,0,0,0,18,3,37.93103448275862,0.0
VS Solanki,England,2004,7,200,297,33,0,0,0,0,1,368,5,67.34006734006735,0.0
VS Solanki,England,2004/05,6,139,210,12,0,0,0,0,3,227,2,66.19047619047619,0.0
VS Solanki,England,2005,3,95,163,7,0,0,0,0,0,133,1,58.282208588957054,0.0
VS Solanki,England,2005/06,5,66,118,7,1,0,52,56,4,149,3,55.932203389830505,5.571428571428571
VS Solanki,England,2006,2,54,53,3,1,1,21,28,1,122,0,101.88679245283019,4.5
VV Morea,Papua New Guinea,2016/17,3,41,92,6,1,0,0,0,1,81,1,44.565217391304344,0.0
VV Morea,Papua New Guinea,2017,2,88,116,6,0,0,0,0,2,150,1,75.86206896551724,0.0
VV Morea,Papua New Guinea,2017/18,3,13,20,1,0,0,0,0,1,22,0,65.0,0.0
VVS Laxman,India,2002/03,2,30,76,5,0,0,0,0,0,42,0,39.473684210526315,0.0
VVS Laxman,India,2003/04,17,596,756,54,0,0,0,0,7,1034,7,78.83597883597884,0.0
VVS Laxman,India,2004,7,202,309,21,1,0,0,0,1,326,2,65.37216828478964,0.0
VVS Laxman,India,2006/07,1,0,1,0,0,0,0,0,0,-3,0,0.0,0.0
Vikramjit Singh,Netherlands,2021/22,3,75,125,12,1,0,0,0,2,153,0,60.0,0.0
Vikramjit Singh,Netherlands,2022,9,292,406,33,4,0,0,0,0,492,0,71.92118226600985,0.0
Vikramjit Singh,Netherlands,2022/23,5,115,169,14,4,1,39,49,0,250,1,68.04733727810651,4.775510204081633
Vikramjit Singh,Netherlands,2023,8,326,384,38,3,6,122,133,4,796,4,84.89583333333334,5.50375939849624
Vikramjit Singh,Netherlands,2023/24,7,156,246,19,1,0,69,56,1,292,3,63.41463414634146,7.392857142857142
Vikramjit Singh,Netherlands,2024,4,131,183,11,0,0,16,19,0,201,4,71.58469945355192,5.052631578947369
Vikramjit Singh,Netherlands,2024/25,4,95,179,7,2,0,0,0,0,133,1,53.072625698324025,0.0
W Barresi,Netherlands,2010,1,6,25,0,0,0,0,0,0,0,0,24.0,0.0
W Barresi,Netherlands,2010/11,6,153,235,18,2,0,0,0,2,274,0,65.1063829787234,0.0
W Barresi,Netherlands,2011,1,9,18,1,0,0,0,0,1,21,0,50.0,0.0
W Barresi,Netherlands,2013,3,64,94,9,0,0,0,0,3,162,1,68.08510638297872,0.0
W Barresi,Netherlands,2013/14,2,165,171,15,3,0,0,0,0,311,1,96.49122807017544,0.0
W Barresi,Netherlands,2019,2,61,76,6,2,0,13,6,1,111,2,80.26315789473685,13.0
W Barresi,Netherlands,2022,2,5,15,0,0,0,0,0,0,5,0,33.33333333333333,0.0
W Barresi,Netherlands,2022/23,3,38,54,3,0,0,0,0,1,62,0,70.37037037037037,0.0
W Barresi,Netherlands,2023,8,223,234,28,4,0,0,0,2,424,4,95.2991452991453,0.0
W Barresi,Netherlands,2023/24,4,82,114,11,1,0,0,0,1,145,1,71.9298245614035,0.0
W Barresi,Netherlands,2024,2,14,40,1,0,0,0,0,2,28,2,35.0,0.0
W Jaffer,India,2006/07,2,10,23,2,0,0,0,0,0,13,0,43.47826086956522,0.0
W Madhevere,Zimbabwe,2019/20,3,129,145,13,1,2,115,120,1,305,0,88.96551724137932,5.75
W Madhevere,Zimbabwe,2020/21,3,98,109,13,0,0,43,58,0,189,0,89.90825688073394,4.448275862068966
W Madhevere,Zimbabwe,2021,6,103,130,7,2,4,154,209,2,349,1,79.23076923076923,4.421052631578947
W Madhevere,Zimbabwe,2021/22,3,21,32,1,0,1,47,36,0,68,1,65.625,7.833333333333333
W Madhevere,Zimbabwe,2022,8,103,183,7,0,2,101,123,2,260,3,56.284153005464475,4.926829268292683
W Madhevere,Zimbabwe,2022/23,4,112,148,16,0,3,89,121,0,317,3,75.67567567567568,4.413223140495868
W Madhevere,Zimbabwe,2023,7,108,131,6,2,0,75,79,4,218,5,82.44274809160305,5.69620253164557
W Mwayenga,Zimbabwe,2004,2,1,11,0,0,0,81,74,2,46,0,9.090909090909092,6.5675675675675675
W O'Rourke,New Zealand,2023/24,3,1,5,0,0,5,110,118,0,164,2,20.0,5.59322033898305
W O'Rourke,New Zealand,2024/25,3,4,10,0,0,3,127,169,0,142,2,40.0,4.50887573964497
W Sutherland,Australia,2023/24,2,18,33,0,0,2,31,53,1,95,2,54.54545454545454,3.5094339622641506
WA Agar,Australia,2021,2,50,43,4,2,0,35,70,0,122,1,116.27906976744187,3.0
WA Young,New Zealand,2020/21,2,12,13,2,0,0,0,0,1,28,2,92.3076923076923,0.0
WA Young,New Zealand,2021/22,3,224,237,14,7,0,0,0,1,412,3,94.51476793248945,0.0
WA Young,New Zealand,2022,3,4,16,0,0,0,0,0,1,9,3,25.0,0.0
WA Young,New Zealand,2022/23,2,112,143,13,1,0,0,0,0,198,2,78.32167832167832,0.0
WA Young,New Zealand,2023,12,466,559,55,6,0,0,0,4,837,4,83.36314847942755,0.0
WA Young,New Zealand,2023/24,8,372,413,44,9,0,0,0,5,729,4,90.07263922518159,0.0
WA Young,New Zealand,2024/25,6,236,274,33,0,0,0,0,3,437,2,86.13138686131386,0.0
WB Rankin,Ireland,2006/07,9,15,46,1,0,12,271,405,1,505,2,32.608695652173914,4.014814814814815
WB Rankin,Ireland,2008/09,1,0,0,0,0,1,50,39,1,44,0,0.0,7.6923076923076925
WB Rankin,Ireland,2009,1,0,0,0,0,2,24,63,0,85,1,0.0,2.2857142857142856
WB Rankin,Ireland,2010,2,9,27,0,0,2,70,122,0,117,0,33.33333333333333,3.4426229508196724
WB Rankin,Ireland,2010/11,6,9,25,0,0,3,296,347,1,217,2,36.0,5.118155619596542
WB Rankin,Ireland,2011,3,0,0,0,0,3,99,138,1,134,2,0.0,4.304347826086956
WB Rankin,Ireland,2011/12,2,1,1,0,0,1,34,92,0,76,1,100.0,2.217391304347826
WB Rankin,England,2013,4,5,5,0,0,8,143,234,0,312,2,100.0,3.6666666666666665
WB Rankin,England,2013/14,2,0,0,0,0,1,85,94,0,55,0,0.0,5.425531914893617
WB Rankin,Ireland,2016,1,18,18,1,1,1,84,62,0,69,0,100.0,8.129032258064516
WB Rankin,Ireland,2017/18,8,1,6,0,0,18,308,469,3,697,6,16.666666666666664,3.9402985074626864
WB Rankin,Ireland,2019,6,6,13,0,0,9,270,318,0,337,3,46.15384615384615,5.09433962264151
WB Rankin,Ireland,2019/20,2,14,42,1,0,2,58,106,1,121,0,33.33333333333333,3.283018867924528
WCA Ganegama,Sri Lanka,2005/06,2,7,8,1,0,0,57,44,1,33,0,87.5,7.772727272727273
WD Balaji Rao,Canada,2010,1,0,0,0,0,1,26,30,0,35,1,0.0,5.2
WD Balaji Rao,Canada,2010/11,6,22,43,2,0,9,288,327,2,387,1,51.162790697674424,5.284403669724771
WD Parnell,South Africa,2008/09,4,0,0,0,0,6,186,218,1,258,4,0.0,5.1192660550458715
WD Parnell,South Africa,2009/10,8,78,117,5,1,19,426,387,1,764,3,66.66666666666666,6.604651162790698
WD Parnell,South Africa,2010/11,8,38,50,2,1,6,301,377,1,360,5,76.0,4.790450928381962
WD Parnell,South Africa,2011/12,3,48,59,3,1,2,116,142,0,166,1,81.35593220338984,4.901408450704225
WD Parnell,South Africa,2012,4,18,22,3,0,4,125,205,0,223,2,81.81818181818183,3.658536585365854
WD Parnell,South Africa,2013/14,6,101,113,12,1,8,176,235,1,466,4,89.38053097345133,4.493617021276596
WD Parnell,South Africa,2014,7,40,61,3,1,11,267,340,1,474,7,65.57377049180327,4.711764705882353
WD Parnell,South Africa,2014/15,7,50,73,2,0,9,267,290,2,400,3,68.4931506849315,5.524137931034483
WD Parnell,South Africa,2016,4,33,77,2,0,5,159,177,0,232,2,42.857142857142854,5.389830508474576
WD Parnell,South Africa,2016/17,10,76,60,5,3,20,437,469,4,836,8,126.66666666666666,5.590618336886993
WD Parnell,South Africa,2017,4,26,32,2,0,4,161,178,2,207,2,81.25,5.426966292134831
WD Parnell,South Africa,2021/22,2,10,17,0,0,1,11,23,0,42,1,58.82352941176471,2.869565217391304
WD Parnell,South Africa,2022/23,6,56,62,4,1,4,251,299,1,303,4,90.32258064516128,5.036789297658863
WF Stelling,Netherlands,2006/07,3,40,39,2,2,5,93,163,1,289,2,102.56410256410255,3.4233128834355826
WF Stelling,Netherlands,2007,1,0,0,0,0,0,7,30,0,24,0,0.0,1.4
WG Jacks,England,2022/23,2,27,35,3,1,1,44,67,0,102,2,77.14285714285715,3.940298507462687
WG Jacks,England,2023,2,133,111,10,7,0,24,21,1,266,1,119.81981981981981,6.857142857142857
WG Jacks,England,2023/24,3,116,119,11,5,3,49,66,1,321,1,97.47899159663865,4.454545454545454
WG Jacks,England,2024,5,156,163,15,3,1,82,74,2,333,2,95.70552147239265,6.648648648648648
WG Jacks,England,2024/25,3,36,49,5,0,0,16,12,1,68,1,73.46938775510205,8.0
WIA Fernando,Sri Lanka,2016,1,0,2,0,0,0,0,0,0,-3,0,0.0,0.0
WIA Fernando,Sri Lanka,2018/19,4,71,82,12,1,0,0,0,2,147,0,86.58536585365853,0.0
WIA Fernando,Sri Lanka,2019,8,372,381,37,9,0,0,0,4,700,6,97.63779527559055,0.0
WIA Fernando,Sri Lanka,2019/20,5,210,231,21,1,0,0,0,0,375,3,90.9090909090909,0.0
WIA Fernando,Sri Lanka,2021,8,311,387,25,5,0,0,0,3,543,3,80.36175710594316,0.0
WIA Fernando,Sri Lanka,2022/23,3,26,34,5,0,0,0,0,5,86,0,76.47058823529412,0.0
WIA Fernando,Sri Lanka,2023/24,6,41,56,7,1,0,0,0,1,78,3,73.21428571428571,0.0
WIA Fernando,Sri Lanka,2024,3,137,173,14,2,0,0,0,0,233,2,79.1907514450867,0.0
WIA Fernando,Sri Lanka,2024/25,8,236,307,26,4,0,0,0,5,462,5,76.8729641693811,0.0
WK McCallan,Ireland,2006,1,24,46,2,0,0,26,30,0,42,0,52.17391304347826,5.2
WK McCallan,Ireland,2006/07,9,33,76,2,0,10,225,355,0,435,2,43.42105263157895,3.802816901408451
WK McCallan,Ireland,2007,2,14,19,0,0,0,61,86,0,44,0,73.68421052631578,4.255813953488372
WK McCallan,Ireland,2008,1,0,0,0,0,1,9,43,0,53,1,0.0,1.255813953488372
WK McCallan,Ireland,2008/09,1,25,29,4,0,0,47,60,0,65,0,86.20689655172413,4.7
WK McCallan,Ireland,2009,1,5,6,1,0,0,38,38,0,21,0,83.33333333333334,6.0
WP Masakadza,Zimbabwe,2015/16,4,10,26,0,0,3,125,163,3,178,2,38.46153846153847,4.601226993865031
WP Masakadza,Zimbabwe,2018,5,24,62,2,0,3,251,248,0,180,0,38.70967741935484,6.07258064516129
WP Masakadza,Zimbabwe,2018/19,2,15,22,3,0,3,95,91,0,136,0,68.18181818181817,6.263736263736264
WP Masakadza,Zimbabwe,2021,4,7,15,0,0,3,73,104,3,150,1,46.666666666666664,4.211538461538462
WP Masakadza,Zimbabwe,2021/22,3,7,14,1,0,1,103,145,2,103,1,50.0,4.2620689655172415
WP Masakadza,Zimbabwe,2022,1,0,0,0,0,0,30,31,0,10,1,0.0,5.806451612903225
WP Masakadza,Zimbabwe,2022/23,3,45,68,4,0,3,87,115,1,188,2,66.17647058823529,4.539130434782608
WP Masakadza,Zimbabwe,2023,7,21,48,1,0,3,172,227,2,200,5,43.75,4.546255506607929
WP Masakadza,Zimbabwe,2023/24,3,75,90,6,2,1,58,76,1,173,0,83.33333333333334,4.578947368421053
WP Saha,India,2010/11,3,4,5,0,0,0,0,0,6,68,3,80.0,0.0
WP Saha,India,2014,3,21,35,3,0,0,0,0,6,85,2,60.0,0.0
WP Saha,India,2014/15,2,16,19,2,0,0,0,0,5,80,2,84.21052631578947,0.0
WPUJC Vaas,Sri Lanka,2002/03,14,115,189,8,1,21,498,755,3,1073,6,60.84656084656085,3.9576158940397352
WPUJC Vaas,Sri Lanka,2003,4,21,27,3,0,3,61,193,0,235,1,77.77777777777779,1.8963730569948187
WPUJC Vaas,Sri Lanka,2003/04,4,5,15,1,0,7,123,195,1,272,2,33.33333333333333,3.7846153846153845
WPUJC Vaas,Sri Lanka,2004,6,6,16,0,0,8,190,326,0,386,5,37.5,3.496932515337423
WPUJC Vaas,Sri Lanka,2004/05,3,29,24,1,1,4,83,153,0,201,2,120.83333333333333,3.2549019607843137
WPUJC Vaas,Sri Lanka,2005,1,16,20,2,0,0,20,37,0,44,1,80.0,3.243243243243243
WPUJC Vaas,Sri Lanka,2005/06,19,149,211,12,0,21,765,1000,4,1205,5,70.61611374407583,4.59
WPUJC Vaas,Sri Lanka,2006,6,30,43,2,0,2,205,259,0,187,5,69.76744186046511,4.749034749034749
WPUJC Vaas,Sri Lanka,2006/07,17,87,103,8,1,27,473,880,3,1303,13,84.46601941747572,3.225
WPUJC Vaas,Sri Lanka,2007/08,13,51,91,4,0,9,448,658,0,566,2,56.043956043956044,4.085106382978723
WPUJC Vaas,Sri Lanka,2008,7,60,106,2,0,7,241,350,1,400,5,56.60377358490566,4.131428571428572
WS Jayantha,Sri Lanka,2003/04,1,1,4,0,0,0,0,0,1,9,0,25.0,0.0
WS Jayantha,Sri Lanka,2004,6,184,282,20,1,0,27,25,0,298,4,65.24822695035462,6.4799999999999995
WS Jayantha,Sri Lanka,2004/05,2,21,36,4,0,0,0,0,1,42,2,58.333333333333336,0.0
WT Gavera,Papua New Guinea,2016/17,1,4,6,1,0,1,52,61,0,57,0,66.66666666666666,5.114754098360656
WT Gavera,Papua New Guinea,2017,1,0,0,0,0,0,22,27,0,9,1,0.0,4.888888888888889
WTS Porterfield,Ireland,2006/07,9,172,386,7,0,0,0,0,5,246,2,44.559585492227974,0.0
WTS Porterfield,Ireland,2007,3,37,98,5,0,0,0,0,0,51,0,37.755102040816325,0.0
WTS Porterfield,England,2008,1,0,0,0,0,0,0,0,1,8,0,0.0,0.0
WTS Porterfield,Ireland,2008,2,4,17,0,0,0,0,0,0,4,1,23.52941176470588,0.0
WTS Porterfield,Ireland,2008/09,1,10,21,2,0,0,0,0,1,24,0,47.61904761904761,0.0
WTS Porterfield,Ireland,2009,2,105,98,12,3,0,0,0,0,213,1,107.14285714285714,0.0
WTS Porterfield,Ireland,2010,2,45,64,6,1,0,0,0,1,83,0,70.3125,0.0
WTS Porterfield,Ireland,2010/11,6,180,272,21,1,0,0,0,4,337,2,66.17647058823529,0.0
WTS Porterfield,Ireland,2011,3,135,179,13,1,0,0,0,1,229,2,75.41899441340783,0.0
WTS Porterfield,Ireland,2011/12,2,19,29,2,0,0,0,0,2,43,1,65.51724137931035,0.0
WTS Porterfield,Ireland,2012,1,0,1,0,0,0,0,0,0,-3,0,0.0,0.0
WTS Porterfield,Ireland,2013,5,273,383,34,1,0,0,0,4,537,2,71.27937336814621,0.0
WTS Porterfield,Ireland,2013/14,1,25,34,2,2,0,0,0,0,49,0,73.52941176470588,0.0
WTS Porterfield,Ireland,2014,1,37,88,5,0,0,0,0,0,59,0,42.04545454545455,0.0
WTS Porterfield,Ireland,2014/15,7,275,422,22,3,0,0,0,5,480,4,65.16587677725119,0.0
WTS Porterfield,Ireland,2015,2,11,36,2,0,0,0,0,0,13,0,30.555555555555557,0.0
WTS Porterfield,Ireland,2015/16,3,37,73,6,0,0,0,0,2,75,1,50.68493150684932,0.0
WTS Porterfield,Ireland,2016,2,21,41,3,0,0,0,0,1,41,0,51.21951219512195,0.0
WTS Porterfield,Ireland,2016/17,4,200,256,17,2,0,0,0,2,357,2,78.125,0.0
WTS Porterfield,Ireland,2017,5,177,222,16,3,0,0,0,2,297,0,79.72972972972973,0.0
WTS Porterfield,Ireland,2017/18,9,400,478,44,5,0,0,0,4,760,7,83.68200836820083,0.0
WTS Porterfield,Ireland,2019,7,201,273,21,3,0,0,0,3,355,3,73.62637362637363,0.0
WTS Porterfield,Ireland,2019/20,3,54,101,5,0,0,0,0,1,82,0,53.46534653465347,0.0
WTS Porterfield,Ireland,2021,6,226,349,26,1,0,0,0,2,395,2,64.75644699140402,0.0
WTS Porterfield,Ireland,2021/22,3,26,41,3,1,0,0,0,2,58,2,63.41463414634146,0.0
WU Tharanga,Sri Lanka,2005,3,91,159,10,0,0,0,0,0,143,2,57.23270440251572,0.0
WU Tharanga,Sri Lanka,2005/06,13,287,449,36,0,0,0,0,4,502,3,63.91982182628062,0.0
WU Tharanga,Sri Lanka,2006,5,347,426,42,1,0,0,0,0,625,5,81.45539906103286,0.0
WU Tharanga,Sri Lanka,2006/07,23,745,1100,84,4,0,0,0,3,1253,15,67.72727272727272,0.0
WU Tharanga,Asia XI,2007,2,10,22,1,0,0,0,0,1,20,2,45.45454545454545,0.0
WU Tharanga,Sri Lanka,2007,3,99,152,15,0,0,0,0,2,193,3,65.13157894736842,0.0
WU Tharanga,Sri Lanka,2007/08,6,112,222,11,0,0,0,0,0,164,1,50.45045045045045,0.0
WU Tharanga,Sri Lanka,2008/09,5,61,126,7,0,0,0,0,1,97,4,48.41269841269841,0.0
WU Tharanga,Sri Lanka,2009,6,183,253,19,1,0,0,0,3,336,4,72.33201581027669,0.0
WU Tharanga,Sri Lanka,2009/10,10,457,526,53,7,0,0,0,1,824,5,86.88212927756655,0.0
WU Tharanga,Sri Lanka,2010,14,428,584,51,3,0,0,0,3,739,9,73.28767123287672,0.0
WU Tharanga,Sri Lanka,2010/11,14,652,887,73,2,0,0,0,2,1158,10,73.50620067643743,0.0
WU Tharanga,Sri Lanka,2011,5,166,227,22,0,0,0,0,1,301,2,73.12775330396477,0.0
WU Tharanga,Sri Lanka,2011/12,18,563,771,52,6,0,0,0,6,953,3,73.02204928664072,0.0
WU Tharanga,Sri Lanka,2012,9,211,323,24,1,0,0,0,2,357,4,65.3250773993808,0.0
WU Tharanga,Sri Lanka,2012/13,7,116,178,17,0,0,0,0,1,205,5,65.1685393258427,0.0
WU Tharanga,Sri Lanka,2013,8,274,374,34,3,0,0,0,2,528,4,73.2620320855615,0.0
WU Tharanga,Sri Lanka,2014,4,83,131,11,0,0,0,0,0,129,3,63.358778625954194,0.0
WU Tharanga,Sri Lanka,2014/15,2,32,62,3,0,0,0,0,0,46,0,51.61290322580645,0.0
WU Tharanga,Sri Lanka,2015,3,64,84,7,0,0,0,0,0,102,1,76.19047619047619,0.0
WU Tharanga,Sri Lanka,2016,6,112,113,7,2,0,0,0,0,171,1,99.11504424778761,0.0
WU Tharanga,Sri Lanka,2016/17,11,403,505,47,9,0,0,0,4,765,3,79.8019801980198,0.0
WU Tharanga,Sri Lanka,2017,9,353,363,39,4,0,0,0,3,645,2,97.2451790633609,0.0
WU Tharanga,Sri Lanka,2017/18,13,498,656,59,6,0,0,0,8,935,4,75.91463414634147,0.0
WU Tharanga,Sri Lanka,2018,6,120,125,15,3,0,0,0,1,214,2,96.0,0.0
WU Tharanga,Sri Lanka,2018/19,4,15,27,3,0,0,0,0,1,32,0,55.55555555555556,0.0
WW Hinds,West Indies,2002/03,5,98,135,15,3,6,81,108,0,381,2,72.5925925925926,4.5
WW Hinds,West Indies,2003,4,247,312,13,9,1,17,36,2,513,3,79.16666666666666,2.8333333333333335
WW Hinds,West Indies,2003/04,4,170,242,15,5,2,62,74,0,390,2,70.24793388429752,5.027027027027027
WW Hinds,West Indies,2004,4,105,183,11,2,5,48,123,0,373,4,57.377049180327866,2.341463414634146
WW Hinds,West Indies,2004/05,4,166,240,13,0,1,88,74,0,308,0,69.16666666666667,7.135135135135135
WW Hinds,West Indies,2005,3,49,79,5,0,1,54,59,0,117,0,62.0253164556962,5.491525423728813
WW Hinds,West Indies,2005/06,5,123,158,8,2,1,71,80,1,251,1,77.84810126582279,5.325
WW Hinds,West Indies,2006,2,45,51,5,0,2,26,32,0,133,2,88.23529411764706,4.875
WW Hinds,West Indies,2006/07,6,38,176,3,0,0,36,40,0,66,3,21.59090909090909,5.3999999999999995
WW Hinds,West Indies,2009/10,2,25,50,2,0,0,0,0,1,41,0,50.0,0.0
Wahab Riaz,Pakistan,2007/08,2,3,3,0,0,4,39,92,0,155,2,100.0,2.543478260869565
Wahab Riaz,Pakistan,2008,3,1,11,0,0,6,138,166,1,219,1,9.090909090909092,4.9879518072289155
Wahab Riaz,Pakistan,2010,1,0,0,0,0,0,0,0,1,8,1,0.0,0.0
Wahab Riaz,Pakistan,2010/11,12,59,61,6,1,21,477,621,3,874,9,96.72131147540983,4.608695652173913
Wahab Riaz,Pakistan,2011,4,17,21,0,2,7,155,208,1,285,3,80.95238095238095,4.471153846153847
Wahab Riaz,Pakistan,2011/12,2,8,21,1,0,0,90,73,1,39,0,38.095238095238095,7.397260273972603
Wahab Riaz,Pakistan,2012/13,3,57,82,5,1,2,144,135,0,174,1,69.51219512195121,6.4
Wahab Riaz,Pakistan,2013,8,95,107,6,6,6,286,369,2,477,3,88.78504672897196,4.650406504065041
Wahab Riaz,Pakistan,2013/14,3,51,86,3,3,0,70,86,1,120,1,59.30232558139535,4.883720930232558
Wahab Riaz,Pakistan,2014,3,5,8,0,0,8,153,154,1,268,1,62.5,5.961038961038961
Wahab Riaz,Pakistan,2014/15,12,113,133,12,2,21,570,662,7,1014,6,84.9624060150376,5.166163141993958
Wahab Riaz,Pakistan,2015,6,79,71,8,3,9,226,289,0,478,2,111.26760563380283,4.692041522491349
Wahab Riaz,Pakistan,2015/16,9,58,76,3,3,7,370,454,1,445,3,76.31578947368422,4.889867841409691
Wahab Riaz,Pakistan,2016,3,20,28,1,0,1,173,161,0,98,0,71.42857142857143,6.447204968944099
Wahab Riaz,Pakistan,2016/17,5,23,30,1,0,6,196,251,1,278,3,76.66666666666667,4.685258964143426
Wahab Riaz,Pakistan,2017,2,0,0,0,0,1,150,112,2,72,0,0.0,8.035714285714285
Wahab Riaz,Pakistan,2019,7,73,60,4,5,9,358,365,4,506,4,121.66666666666666,5.884931506849314
Wahab Riaz,Pakistan,2019/20,2,3,3,0,0,2,106,116,0,93,2,100.0,5.482758620689656
Wahab Riaz,Pakistan,2020/21,2,60,62,4,3,5,101,123,2,294,1,96.7741935483871,4.926829268292683
Waheed Ahmed,United Arab Emirates,2019/20,4,46,103,5,1,1,65,85,3,146,1,44.66019417475729,4.588235294117648
Waheed Ahmed,United Arab Emirates,2020/21,2,27,28,3,1,0,24,40,1,65,1,96.42857142857143,3.5999999999999996
Waqar Younis,Pakistan,2002/03,5,17,25,1,0,7,167,189,3,292,2,68.0,5.301587301587301
Waqas Barkat,Hong Kong,2014,1,14,32,1,0,0,0,0,0,16,0,43.75,0.0
Waqas Barkat,Hong Kong,2015/16,1,6,6,0,0,0,19,12,0,10,1,100.0,9.5
Waqas Barkat,Hong Kong,2017/18,2,5,16,1,0,0,0,0,1,14,0,31.25,0.0
Waqas Khan,Hong Kong,2015/16,1,0,0,0,0,0,0,0,2,16,1,0.0,0.0
Waqas Khan,Hong Kong,2016,1,8,19,0,0,0,0,0,0,8,0,42.10526315789473,0.0
Waqas Khan,Hong Kong,2016/17,3,43,85,3,0,0,0,0,1,61,2,50.588235294117645,0.0
Waqas Khan,Hong Kong,2017/18,1,1,2,0,0,0,0,0,0,1,1,50.0,0.0
Waseem Muhammad,United Arab Emirates,2021/22,11,225,321,23,6,0,14,21,5,426,7,70.09345794392523,4.0
Waseem Muhammad,United Arab Emirates,2022,7,85,122,8,3,0,8,6,5,182,2,69.67213114754098,8.0
Waseem Muhammad,United Arab Emirates,2022/23,13,386,349,30,27,0,40,30,6,813,4,110.60171919770774,8.0
Waseem Muhammad,United Arab Emirates,2023,14,501,522,47,26,0,0,0,6,994,5,95.97701149425288,0.0
Waseem Muhammad,United Arab Emirates,2023/24,3,92,140,10,1,0,0,0,1,154,0,65.71428571428571,0.0
Waseem Muhammad,United Arab Emirates,2024,4,34,54,4,1,0,26,18,0,62,1,62.96296296296296,8.666666666666666
Waseem Muhammad,United Arab Emirates,2024/25,4,75,120,4,4,0,0,0,1,122,1,62.5,0.0
Washington Sundar,India,2017/18,1,0,0,0,0,1,65,60,1,53,1,0.0,6.5
Washington Sundar,India,2021/22,3,57,76,3,1,4,70,112,0,227,3,75.0,3.7499999999999996
Washington Sundar,India,2022/23,10,176,200,14,5,11,291,352,2,699,6,88.0,4.9602272727272725
Washington Sundar,India,2023/24,2,32,41,3,1,2,85,121,0,142,1,78.04878048780488,4.214876033057851
Washington Sundar,India,2024,3,50,69,3,3,5,105,162,1,287,0,72.46376811594203,3.888888888888889
Wasim Akram,Pakistan,2002/03,5,71,72,10,1,12,171,314,0,591,2,98.61111111111111,3.267515923566879
Wasim Ali,Oman,2021/22,1,2,2,0,0,0,13,9,0,5,0,100.0,8.666666666666666
Wasim Ali,Oman,2024/25,2,24,55,2,1,1,16,20,3,90,2,43.63636363636363,4.8
XC Bartlett,Australia,2023/24,2,0,0,0,0,8,31,100,0,264,2,0.0,1.8599999999999999
XJ Doherty,Australia,2010/11,5,3,2,0,0,6,179,251,3,285,3,150.0,4.278884462151394
XJ Doherty,Australia,2011,8,4,9,0,0,8,322,430,3,382,6,44.44444444444444,4.493023255813953
XJ Doherty,Australia,2011/12,19,41,70,0,1,20,743,976,7,986,10,58.57142857142858,4.567622950819672
XJ Doherty,Australia,2012,3,6,12,0,0,1,123,138,0,76,0,50.0,5.3478260869565215
XJ Doherty,Australia,2012/13,6,30,54,5,0,4,141,193,0,222,3,55.55555555555556,4.3834196891191715
XJ Doherty,Australia,2013,2,15,38,0,0,1,34,66,0,66,0,39.473684210526315,3.090909090909091
XJ Doherty,Australia,2013/14,9,1,1,0,0,4,379,439,4,301,5,100.0,5.17995444191344
XJ Doherty,Australia,2014/15,7,1,2,0,0,4,233,280,3,224,6,50.0,4.992857142857143
XM Marshall,West Indies,2005,5,49,118,6,0,0,0,0,4,99,1,41.52542372881356,0.0
XM Marshall,West Indies,2008,5,58,113,8,0,0,0,4,3,117,0,51.32743362831859,0.0
XM Marshall,West Indies,2008/09,4,56,92,6,0,0,0,0,0,85,0,60.86956521739131,0.0
XM Marshall,United States of America,2019,4,47,89,4,1,0,0,0,2,81,3,52.80898876404494,0.0
XM Marshall,United States of America,2019/20,8,169,265,17,3,0,0,0,1,278,3,63.77358490566037,0.0
Y Cariah,West Indies,2022,3,53,85,2,1,3,152,150,0,202,1,62.35294117647059,6.08
Y Cariah,West Indies,2022/23,2,6,16,0,0,1,96,51,0,42,1,37.5,11.294117647058824
Y Cariah,West Indies,2023,6,29,56,3,0,6,215,258,3,314,4,51.78571428571429,5.0
Y Cariah,West Indies,2023/24,3,5,10,1,0,1,156,140,0,82,2,50.0,6.685714285714286
Y Punja,United Arab Emirates,2015/16,1,1,7,0,0,0,46,39,0,12,0,14.285714285714285,7.076923076923077
Y Venugopal Rao,India,2005,3,35,72,3,1,0,0,0,0,54,2,48.61111111111111,0.0
Y Venugopal Rao,India,2005/06,7,115,157,9,1,0,0,0,6,221,4,73.24840764331209,0.0
Y Venugopal Rao,India,2006,1,11,28,0,0,0,0,0,0,7,0,39.285714285714285,0.0
YK Pathan,India,2008,7,28,43,4,0,3,191,236,2,224,5,65.11627906976744,4.8559322033898304
YK Pathan,India,2008/09,13,172,145,12,9,7,202,222,2,588,11,118.62068965517241,5.45945945945946
YK Pathan,India,2009,6,42,56,2,2,5,168,165,0,241,4,75.0,6.109090909090909
YK Pathan,India,2009/10,4,64,57,6,3,5,205,235,1,333,2,112.28070175438596,5.23404255319149
YK Pathan,India,2010,3,70,75,7,3,0,59,49,2,152,0,93.33333333333333,7.224489795918368
YK Pathan,India,2010/11,15,392,310,29,24,10,352,442,8,1261,11,126.4516129032258,4.778280542986425
YK Pathan,India,2011,5,42,50,2,2,0,120,137,1,120,3,84.0,5.255474452554745
YK Pathan,India,2011/12,1,0,0,0,0,0,29,31,0,10,1,0.0,5.612903225806451
YS Chahal,India,2016,3,0,0,0,0,6,76,145,0,220,3,0.0,3.1448275862068966
YS Chahal,India,2017,4,0,0,0,0,2,187,241,0,138,4,0.0,4.655601659751038
YS Chahal,India,2017/18,16,1,11,0,0,28,655,817,3,1050,12,9.090909090909092,4.810281517747859
YS Chahal,India,2018,8,12,14,2,0,8,327,449,2,398,6,85.71428571428571,4.369710467706014
YS Chahal,India,2018/19,10,21,44,3,0,20,496,551,1,745,6,47.72727272727273,5.401088929219601
YS Chahal,India,2019,8,5,5,1,0,10,419,441,1,409,6,100.0,5.700680272108843
YS Chahal,India,2019/20,3,10,12,1,0,6,104,121,1,216,1,83.33333333333334,5.1570247933884295
YS Chahal,India,2020/21,2,4,6,0,0,1,155,118,0,64,0,66.66666666666666,7.881355932203389
YS Chahal,India,2021,2,0,0,0,0,5,99,123,0,170,2,0.0,4.829268292682927
YS Chahal,India,2021/22,5,13,16,1,0,7,238,296,0,295,2,81.25,4.824324324324324
YS Chahal,India,2022,6,3,13,0,0,13,257,273,0,420,5,23.076923076923077,5.648351648351649
YS Chahal,India,2022/23,4,8,23,0,0,3,166,166,0,137,2,34.78260869565217,6.0
Yasir Ali Chowdhury,Bangladesh,2021/22,2,52,59,4,2,0,0,0,1,102,1,88.13559322033898,0.0
Yasir Ali Chowdhury,Bangladesh,2022/23,3,49,47,4,2,0,0,0,1,89,1,104.25531914893618,0.0
Yasir Ali Chowdhury,Bangladesh,2023,1,0,0,0,0,0,0,0,1,8,1,0.0,0.0
Yasir Arafat,Pakistan,2005/06,3,11,14,0,0,1,132,135,1,88,1,78.57142857142857,5.866666666666666
Yasir Arafat,Pakistan,2006/07,1,27,40,5,0,1,32,31,0,86,0,67.5,6.193548387096774
Yasir Arafat,Pakistan,2007/08,1,0,0,0,0,0,41,60,0,28,1,0.0,4.1
Yasir Arafat,Pakistan,2009,3,26,49,2,1,0,90,129,1,104,1,53.06122448979592,4.186046511627907
Yasir Hameed,Pakistan,2003,6,260,366,29,2,0,0,0,1,468,3,71.03825136612022,0.0
Yasir Hameed,Pakistan,2003/04,13,618,890,70,1,0,0,0,1,1036,7,69.43820224719101,0.0
Yasir Hameed,Pakistan,2004,7,275,422,32,1,0,0,0,3,473,4,65.16587677725119,0.0
Yasir Hameed,Pakistan,2004/05,7,67,107,8,0,0,0,0,1,99,5,62.616822429906534,0.0
Yasir Hameed,Pakistan,2005,1,41,55,5,0,0,0,0,1,73,1,74.54545454545455,0.0
Yasir Hameed,Pakistan,2005/06,1,57,110,9,0,0,0,0,1,113,0,51.81818181818182,0.0
Yasir Hameed,Pakistan,2006/07,2,112,192,4,0,0,0,0,1,152,1,58.333333333333336,0.0
Yasir Hameed,Pakistan,2007/08,3,29,83,2,0,0,0,0,1,37,2,34.93975903614458,0.0
Yasir Mohammad,United States of America,2022,5,3,6,0,0,3,113,108,2,128,1,50.0,6.277777777777778
Yasir Mohammad,United States of America,2024,3,0,0,0,0,2,118,109,1,94,3,0.0,6.4954128440366965
Yasir Shah,Pakistan,2011,1,0,0,0,0,2,51,60,0,70,1,0.0,5.1
Yasir Shah,Pakistan,2014/15,2,13,24,1,0,0,60,48,2,47,0,54.166666666666664,7.5
Yasir Shah,Pakistan,2015,7,10,15,1,0,7,322,386,3,345,5,66.66666666666666,5.005181347150259
Yasir Shah,Pakistan,2015/16,5,53,44,4,1,8,218,267,0,399,2,120.45454545454545,4.898876404494382
Yasir Shah,Pakistan,2016,2,26,34,3,0,0,110,93,0,74,0,76.47058823529412,7.096774193548387
Yasir Shah,Pakistan,2018,2,0,0,0,0,1,39,104,1,85,2,0.0,2.25
Yasir Shah,Pakistan,2018/19,5,25,36,0,0,4,281,302,1,237,0,69.44444444444444,5.582781456953642
Yasir Shah,Pakistan,2019,1,0,0,0,0,1,60,42,0,35,0,0.0,8.571428571428571
Younis Khan,Pakistan,2002/03,7,208,272,11,3,0,35,37,5,362,4,76.47058823529412,5.675675675675675
Younis Khan,Pakistan,2003,9,270,344,18,3,0,0,0,6,470,5,78.48837209302324,0.0
Younis Khan,Pakistan,2003/04,9,200,303,12,0,0,0,0,2,280,4,66.006600660066,0.0
Younis Khan,Pakistan,2004,3,19,23,1,0,0,0,0,1,28,2,82.6086956521739,0.0
Younis Khan,Pakistan,2004/05,6,154,172,12,2,0,0,0,7,304,6,89.53488372093024,0.0
Younis Khan,Pakistan,2005,2,49,47,2,0,0,0,0,2,79,2,104.25531914893618,0.0
Younis Khan,Pakistan,2005/06,13,410,537,32,4,0,2,1,2,652,5,76.35009310986965,12.0
Younis Khan,Pakistan,2006,5,215,301,28,1,0,0,0,1,400,2,71.42857142857143,0.0
Younis Khan,Pakistan,2006/07,12,232,373,24,4,0,4,7,9,441,4,62.19839142091153,3.4285714285714284
Younis Khan,Pakistan,2007/08,16,695,812,60,9,0,67,74,8,1231,10,85.5911330049261,5.4324324324324325
Younis Khan,Pakistan,2008,8,404,404,39,5,1,35,44,6,792,5,100.0,4.7727272727272725
Younis Khan,Pakistan,2008/09,5,118,138,13,0,0,0,0,1,206,3,85.5072463768116,0.0
Younis Khan,Pakistan,2009,10,317,485,29,0,0,12,13,5,544,4,65.36082474226804,5.538461538461539
Younis Khan,Pakistan,2009/10,11,142,303,9,0,0,0,0,6,222,2,46.864686468646866,0.0
Younis Khan,Pakistan,2010/11,18,448,677,24,0,0,15,12,6,652,11,66.17429837518463,7.5
Younis Khan,Pakistan,2011,3,159,165,15,1,0,10,7,3,301,3,96.36363636363636,8.571428571428571
Younis Khan,Pakistan,2011/12,14,302,404,28,0,0,0,0,10,541,10,74.75247524752476,0.0
Younis Khan,Pakistan,2012,3,10,34,1,0,0,8,15,1,27,1,29.411764705882355,3.2
Younis Khan,Pakistan,2012/13,8,190,287,12,1,0,0,0,4,296,4,66.2020905923345,0.0
Younis Khan,Pakistan,2014,1,3,7,0,0,0,0,0,0,3,1,42.857142857142854,0.0
Younis Khan,Pakistan,2014/15,10,223,305,16,3,0,17,12,3,378,3,73.11475409836066,8.5
Younis Khan,Pakistan,2015/16,1,9,18,2,0,0,0,0,1,25,1,50.0,0.0
Yousuf Youhana,Pakistan,2002/03,10,330,402,29,1,0,0,0,1,513,6,82.08955223880598,0.0
Yousuf Youhana,Pakistan,2003,9,309,435,24,5,0,0,0,0,498,5,71.03448275862068,0.0
Yousuf Youhana,Pakistan,2003/04,13,305,398,24,3,0,0,0,3,482,7,76.63316582914574,0.0
Yousuf Youhana,Pakistan,2004,6,238,302,10,4,0,1,1,3,381,3,78.80794701986756,6.0
Yousuf Youhana,Pakistan,2004/05,13,477,558,33,7,0,0,0,2,783,9,85.48387096774194,0.0
Yousuf Youhana,Asia XI,2005,1,1,3,0,0,0,0,0,0,1,0,33.33333333333333,0.0
Yousuf Youhana,Pakistan,2005,2,80,110,6,0,0,0,0,0,120,2,72.72727272727273,0.0
Yuvraj Singh,India,2002/03,15,364,546,39,2,5,70,87,2,756,9,66.66666666666666,4.827586206896552
Yuvraj Singh,India,2003,1,2,10,0,0,0,0,0,0,2,0,20.0,0.0
Yuvraj Singh,India,2003/04,16,537,588,57,5,3,139,170,9,1129,6,91.3265306122449,4.905882352941177
Yuvraj Singh,India,2004,8,117,172,8,0,2,65,94,6,284,3,68.02325581395348,4.1489361702127665
Yuvraj Singh,India,2004/05,6,171,159,25,3,3,109,117,2,447,3,107.54716981132076,5.589743589743589
Yuvraj Singh,India,2005,4,221,291,19,2,1,39,60,0,414,3,75.94501718213058,3.9
Yuvraj Singh,India,2005/06,20,822,859,96,13,4,203,277,8,1784,15,95.69266589057042,4.397111913357401
Yuvraj Singh,India,2006,3,171,235,15,1,1,27,36,0,314,0,72.76595744680851,4.5
Yuvraj Singh,India,2006/07,11,316,370,30,11,1,47,64,1,618,6,85.4054054054054,4.40625
Yuvraj Singh,Asia XI,2007,3,92,80,12,2,1,67,60,1,219,3,114.99999999999999,6.7
Yuvraj Singh,India,2007,14,469,553,45,10,6,264,280,4,1054,9,84.81012658227847,5.6571428571428575
Yuvraj Singh,India,2007/08,20,660,830,61,15,4,300,349,4,1413,10,79.51807228915662,5.157593123209169
Yuvraj Singh,India,2008,13,366,410,27,14,4,196,236,2,800,8,89.26829268292683,4.983050847457627
Yuvraj Singh,India,2008/09,15,709,662,81,21,12,390,440,4,1865,12,107.09969788519638,5.318181818181818
Yuvraj Singh,India,2009,6,248,231,25,9,4,126,152,0,644,4,107.35930735930737,4.973684210526316
Yuvraj Singh,India,2009/10,11,247,342,22,5,5,331,480,2,739,6,72.22222222222221,4.1375
Yuvraj Singh,India,2010,4,75,146,11,1,1,60,72,0,172,1,51.369863013698634,5.0
Yuvraj Singh,India,2010/11,20,631,803,68,8,22,676,837,10,2021,15,78.58032378580324,4.845878136200717
Yuvraj Singh,India,2012/13,8,160,183,23,1,0,77,72,7,365,4,87.43169398907104,6.416666666666667
Yuvraj Singh,India,2013/14,11,118,183,12,3,2,100,85,2,297,5,64.48087431693989,7.058823529411765
Yuvraj Singh,India,2016/17,3,210,201,28,5,0,31,30,0,452,2,104.4776119402985,6.2
Yuvraj Singh,India,2017,7,162,183,18,2,0,25,30,1,286,4,88.52459016393442,5.0
Z Crawley,England,2021,3,97,86,14,0,0,0,0,4,202,3,112.79069767441861,0.0
Z Crawley,England,2023,2,51,45,4,2,0,0,0,0,92,1,113.33333333333333,0.0
Z Crawley,England,2023/24,3,51,77,5,0,0,0,0,4,108,1,66.23376623376623,0.0
Z Groenewald,Namibia,2019,3,4,19,0,0,5,109,151,1,199,2,21.052631578947366,4.331125827814569
Z Khan,India,2002/03,16,77,128,8,1,26,457,825,7,1224,10,60.15625,3.3236363636363637
Z Khan,India,2003/04,8,44,25,5,2,13,392,439,1,575,4,176.0,5.357630979498861
Z Khan,India,2004,2,28,24,1,2,2,92,102,0,143,1,116.66666666666667,5.411764705882353
Z Khan,India,2004/05,5,25,17,0,3,4,200,246,1,251,2,147.05882352941177,4.878048780487805
Z Khan,Asia XI,2005,2,20,21,1,0,6,54,112,0,230,0,95.23809523809523,2.892857142857143
Z Khan,India,2005,1,0,0,0,0,1,31,59,0,56,1,0.0,3.1525423728813555
Z Khan,India,2005/06,4,5,3,1,0,3,196,194,2,164,3,166.66666666666669,6.061855670103093
Z Khan,India,2006/07,11,46,64,5,1,19,422,581,1,832,4,71.875,4.358003442340792
Z Khan,Asia XI,2007,2,6,5,1,0,2,51,71,0,91,2,120.0,4.309859154929577
Z Khan,India,2007,11,71,84,10,2,9,436,594,0,604,6,84.52380952380952,4.404040404040404
Z Khan,India,2007/08,11,77,128,4,3,13,518,605,2,708,5,60.15625,5.137190082644628
Z Khan,India,2008,5,18,67,0,0,9,139,283,0,402,3,26.865671641791046,2.9469964664310955
Z Khan,India,2008/09,12,23,40,0,1,15,497,621,7,718,11,57.49999999999999,4.8019323671497585
Z Khan,India,2009/10,9,18,12,2,1,10,447,498,0,487,5,150.0,5.385542168674699
Z Khan,India,2010,4,0,1,0,0,6,143,182,2,242,3,0.0,4.714285714285714
Z Khan,India,2010/11,16,62,124,7,0,32,657,886,4,1277,11,50.0,4.44920993227991
Z Khan,India,2011/12,4,9,11,2,0,5,191,240,0,233,3,81.81818181818183,4.775
Z Khan,India,2012,5,2,4,0,0,4,201,268,1,222,4,50.0,4.5
ZE Green,Namibia,2019,4,116,169,8,4,0,0,0,5,238,3,68.63905325443787,0.0
ZE Green,Namibia,2019/20,3,82,89,14,0,0,0,0,2,168,1,92.13483146067416,0.0
ZE Green,Namibia,2021/22,1,29,43,2,0,0,0,0,1,49,1,67.44186046511628,0.0
ZE Green,Namibia,2022,2,34,41,1,0,0,0,0,0,56,2,82.92682926829268,0.0
ZE Green,Namibia,2022/23,14,250,292,27,2,0,0,0,22,632,6,85.61643835616438,0.0
ZE Green,Namibia,2023,4,60,72,4,2,0,0,0,6,152,2,83.33333333333334,0.0
ZE Green,Namibia,2023/24,4,49,79,5,1,0,0,0,1,103,3,62.0253164556962,0.0
ZE Green,Namibia,2024,3,66,87,10,0,0,0,0,1,126,1,75.86206896551724,0.0
ZE Surkari,Canada,2010,2,23,63,0,0,0,0,0,1,27,1,36.507936507936506,0.0
ZE Surkari,Canada,2010/11,6,104,236,7,0,0,0,0,1,148,1,44.06779661016949,0.0
Zafar Gohar,Pakistan,2015/16,2,15,15,0,1,2,53,61,1,99,1,100.0,5.213114754098361
Zaheer Maqsood,United Arab Emirates,2015/16,1,5,10,1,0,1,56,60,0,54,0,50.0,5.6
Zahid Hussain,Canada,2011,2,9,31,1,0,2,94,120,1,111,0,29.03225806451613,4.7
Zahid Mahmood,Pakistan,2021/22,3,0,4,0,0,4,179,170,0,153,2,0.0,6.31764705882353
Zahid Mahmood,Pakistan,2022,1,9,8,0,1,0,39,48,0,31,1,112.5,4.875
Zahid Shah,United Arab Emirates,2008,2,11,20,2,0,6,90,128,0,217,0,55.00000000000001,4.21875
Zahoor Khan,United Arab Emirates,2016/17,4,16,31,2,1,13,107,144,0,429,2,51.61290322580645,4.458333333333333
Zahoor Khan,United Arab Emirates,2017,1,0,2,0,0,2,33,25,0,55,0,0.0,7.919999999999999
Zahoor Khan,United Arab Emirates,2017/18,5,9,18,0,1,7,286,288,1,290,1,50.0,5.958333333333333
Zahoor Khan,United Arab Emirates,2018/19,1,8,4,2,0,1,41,61,0,71,0,200.0,4.032786885245902
Zahoor Khan,United Arab Emirates,2019,2,6,7,1,0,2,47,56,1,86,0,85.71428571428571,5.035714285714286
Zahoor Khan,United Arab Emirates,2019/20,2,4,4,1,0,3,86,101,0,117,0,100.0,5.108910891089109
Zahoor Khan,United Arab Emirates,2020/21,2,1,7,0,0,3,85,99,0,118,1,14.285714285714285,5.151515151515151
Zahoor Khan,United Arab Emirates,2021/22,11,30,60,0,0,19,413,586,3,762,7,50.0,4.228668941979522
Zahoor Khan,United Arab Emirates,2022,4,7,5,0,1,6,159,214,1,252,0,140.0,4.4579439252336455
Zahoor Khan,United Arab Emirates,2022/23,13,41,78,4,1,14,391,577,0,655,4,52.56410256410257,4.065857885615251
Zahoor Khan,United Arab Emirates,2023,12,18,32,0,0,16,476,601,3,674,5,56.25,4.7520798668885185
Zahoor Khan,United Arab Emirates,2023/24,3,3,11,0,0,4,88,136,1,159,0,27.27272727272727,3.8823529411764706
Zain Abbas,Hong Kong,2008,1,26,55,2,0,1,50,38,0,71,0,47.27272727272727,7.894736842105264
Zakir Hasan,Bangladesh,2023,1,1,5,0,0,0,0,0,0,1,0,20.0,0.0
Zaman Khan,Pakistan,2023,1,0,0,0,0,0,39,36,0,22,0,0.0,6.5
Zawar Farid,United Arab Emirates,2019/20,1,5,15,0,0,0,29,36,0,17,0,33.33333333333333,4.833333333333333
Zawar Farid,United Arab Emirates,2020/21,2,43,53,8,0,0,0,0,0,79,1,81.13207547169812,0.0
Zawar Farid,United Arab Emirates,2022,4,63,43,5,4,5,60,88,0,277,2,146.51162790697674,4.090909090909091
Zawar Farid,United Arab Emirates,2022/23,3,21,34,2,0,3,94,81,1,138,1,61.76470588235294,6.962962962962963
Zeeshan Maqsood,Oman,2019,5,38,75,2,1,7,147,264,3,362,3,50.66666666666667,3.340909090909091
Zeeshan Maqsood,Oman,2019/20,6,215,257,25,4,13,197,314,1,878,5,83.65758754863813,3.7643312101910826
Zeeshan Maqsood,Oman,2021,7,135,224,10,1,9,232,330,3,585,4,60.26785714285714,4.218181818181818
Zeeshan Maqsood,Oman,2021/22,8,203,291,12,4,5,255,327,2,574,3,69.7594501718213,4.678899082568807
Zeeshan Maqsood,Oman,2022,7,313,493,25,3,10,225,355,5,943,3,63.48884381338742,3.802816901408451
Zeeshan Maqsood,Oman,2023,7,146,221,13,2,4,313,370,2,483,2,66.06334841628959,5.075675675675676
Zeeshan Maqsood,Oman,2024,6,146,294,14,0,3,114,185,1,379,1,49.65986394557823,3.6972972972972973
Zeeshan Siddiqi,Canada,2013/14,1,7,21,1,0,0,0,0,0,7,0,33.33333333333333,0.0
Ziaur Rahman,Bangladesh,2012/13,3,0,3,0,0,1,98,122,1,71,1,0.0,4.8196721311475414
Ziaur Rahman,Bangladesh,2013,3,29,36,4,0,7,94,129,0,282,1,80.55555555555556,4.372093023255814
Ziaur Rahman,Bangladesh,2013/14,4,52,47,5,3,2,54,90,2,194,1,110.63829787234043,3.6
Ziaur Rahman,Bangladesh,2014,2,2,5,0,0,0,10,13,2,19,0,40.0,4.615384615384616
Zubayr Hamza,South Africa,2021/22,1,56,82,5,1,0,0,0,0,94,0,68.29268292682927,0.0
Zuhaib Zubair,United Arab Emirates,2023/24,3,38,41,3,1,0,82,103,0,96,0,92.6829268292683,4.776699029126213
Zulfiqar Babar,Pakistan,2014/15,4,34,36,2,1,4,183,237,0,237,0,94.44444444444444,4.632911392405063
Zulfiqar Babar,Pakistan,2015,1,1,4,0,0,0,56,60,0,21,0,25.0,5.6
Zulqarnain Haider,Pakistan,2010/11,4,48,70,3,0,0,0,0,1,84,2,68.57142857142857,0.0
